corpus,target_id,mode,is_meeting,eligible,status,error,candidate_count
un,2011/a/res/65/212#13,lookup,False,True,completed,,3
un,2011/a/res/65/212#13,practitioner,False,True,completed,,3
un,2011/a/res/65/212#13,semantic,False,True,completed,,2
un,2006/a/res/61/183#3,lookup,False,True,completed,,3
un,2006/a/res/61/183#3,practitioner,False,True,completed,,3
un,2006/a/res/61/183#3,semantic,False,True,completed,,3
un,2013/a/res/67/199#12,lookup,False,True,completed,,3
un,2013/a/res/67/199#12,practitioner,False,True,completed,,3
un,2013/a/res/67/199#12,semantic,False,True,completed,,3
un,2011/a/res/65/263#2,lookup,False,True,completed,,3
un,2011/a/res/65/263#2,practitioner,False,True,completed,,3
un,2011/a/res/65/263#2,semantic,False,True,completed,,3
un,2013/a/res/68/143#7,lookup,False,True,completed,,3
un,2013/a/res/68/143#7,practitioner,False,True,completed,,3
un,2013/a/res/68/143#7,semantic,False,True,completed,,2
un,2014/a/res/68/254#2,lookup,False,True,completed,,3
un,2014/a/res/68/254#2,practitioner,False,True,completed,,3
un,2014/a/res/68/254#2,semantic,False,True,completed,,3
un,2001/a/res/55/114#5,lookup,False,True,completed,,3
un,2001/a/res/55/114#5,practitioner,False,True,completed,,3
un,2001/a/res/55/114#5,semantic,False,True,completed,,3
un,2007/a/res/62/137#12,lookup,False,True,completed,,2
un,2007/a/res/62/137#12,practitioner,False,True,completed,,2
un,2007/a/res/62/137#12,semantic,False,True,completed,,3
un,2005/a/res/60/226#3,lookup,False,True,completed,,2
un,2005/a/res/60/226#3,practitioner,False,True,completed,,2
un,2005/a/res/60/226#3,semantic,False,True,completed,,2
un,2013/a/res/68/18#1,lookup,False,True,completed,,3
un,2013/a/res/68/18#1,practitioner,False,True,completed,,3
un,2013/a/res/68/18#1,semantic,False,True,completed,,3
un,2001/s/res/1376_2001_#2,lookup,False,True,completed,,3
un,2001/s/res/1376_2001_#2,practitioner,False,True,completed,,3
un,2001/s/res/1376_2001_#2,semantic,False,True,completed,,3
un,2008/s/res/1806_2008_#8,lookup,False,True,completed,,3
un,2008/s/res/1806_2008_#8,practitioner,False,True,completed,,3
un,2008/s/res/1806_2008_#8,semantic,False,True,completed,,3
un,2003/s/res/1466_2003_#3,lookup,False,True,completed,,3
un,2003/s/res/1466_2003_#3,practitioner,False,True,completed,,3
un,2003/s/res/1466_2003_#3,semantic,False,True,completed,,3
un,2008/s/res/1845_2008_#3,lookup,False,True,completed,,3
un,2008/s/res/1845_2008_#3,practitioner,False,True,completed,,3
un,2008/s/res/1845_2008_#3,semantic,False,True,completed,,3
un,2004/s/res/1565_2004_#11,lookup,False,True,completed,,2
un,2004/s/res/1565_2004_#11,practitioner,False,True,completed,,2
un,2004/s/res/1565_2004_#11,semantic,False,True,completed,,2
un,2002/a/res/56/188#8,lookup,False,True,completed,,3
un,2002/a/res/56/188#8,practitioner,False,True,completed,,3
un,2002/a/res/56/188#8,semantic,False,True,completed,,2
un,2005/a/res/60/47#0,lookup,False,True,completed,,3
un,2005/a/res/60/47#0,practitioner,False,True,completed,,3
un,2005/a/res/60/47#0,semantic,False,True,completed,,2
un,2011/s/res/1988_2011_#19,lookup,False,True,completed,,3
un,2011/s/res/1988_2011_#19,practitioner,False,True,completed,,3
un,2011/s/res/1988_2011_#19,semantic,False,True,completed,,3
un,2004/a/res/59/61#0,lookup,False,True,completed,,3
un,2004/a/res/59/61#0,practitioner,False,True,completed,,3
un,2004/a/res/59/61#0,semantic,False,True,completed,,3
un,2013/a/res/67/145#7,lookup,False,True,completed,,3
un,2013/a/res/67/145#7,practitioner,False,True,completed,,3
un,2013/a/res/67/145#7,semantic,False,True,completed,,3
un,2003/a/res/58/298#4,lookup,False,True,completed,,3
un,2003/a/res/58/298#4,practitioner,False,True,completed,,3
un,2003/a/res/58/298#4,semantic,False,True,completed,,3
un,2003/a/res/57/300#10,lookup,False,True,completed,,3
un,2003/a/res/57/300#10,practitioner,False,True,completed,,3
un,2003/a/res/57/300#10,semantic,False,True,completed,,3
un,2013/a/res/67/222#6,lookup,False,True,completed,,2
un,2013/a/res/67/222#6,practitioner,False,True,completed,,2
un,2013/a/res/67/222#6,semantic,False,True,completed,,2
un,2003/a/res/57/137#1,lookup,False,True,completed,,3
un,2003/a/res/57/137#1,practitioner,False,True,completed,,3
un,2003/a/res/57/137#1,semantic,False,True,completed,,3
un,2014/s/res/2140__2014_#13,lookup,False,True,completed,,3
un,2014/s/res/2140__2014_#13,practitioner,False,True,completed,,3
un,2014/s/res/2140__2014_#13,semantic,False,True,completed,,3
un,2004/a/c_2/58/sr_24#18,lookup,True,True,completed,,3
un,2004/a/c_2/58/sr_24#18,practitioner,True,True,completed,,3
un,2004/a/c_2/58/sr_24#18,semantic,True,True,completed,,3
un,2008/cd/pv_1097#14,lookup,True,True,completed,,3
un,2008/cd/pv_1097#14,practitioner,True,True,completed,,3
un,2008/cd/pv_1097#14,semantic,True,True,completed,,3
un,2006/a/c_5/60/sr_64#14,lookup,True,True,completed,,3
un,2006/a/c_5/60/sr_64#14,practitioner,True,True,completed,,3
un,2006/a/c_5/60/sr_64#14,semantic,True,True,completed,,3
un,2001/cedaw/c/sr_451#4,lookup,True,True,completed,,3
un,2001/cedaw/c/sr_451#4,practitioner,True,True,completed,,3
un,2001/cedaw/c/sr_451#4,semantic,True,True,completed,,3
un,2008/a/ac_109/2008/sr_2#1,lookup,True,True,completed,,3
un,2008/a/ac_109/2008/sr_2#1,practitioner,True,True,completed,,2
un,2008/a/ac_109/2008/sr_2#1,semantic,True,True,completed,,2
un,2010/ccpr/c/sr_2695#25,lookup,True,True,completed,,2
un,2010/ccpr/c/sr_2695#25,practitioner,True,True,completed,,2
un,2010/ccpr/c/sr_2695#25,semantic,True,True,completed,,3
un,2007/gc_12/c_1/sr_1#10,lookup,True,True,completed,,3
un,2007/gc_12/c_1/sr_1#10,practitioner,True,True,completed,,3
un,2007/gc_12/c_1/sr_1#10,semantic,True,True,completed,,3
un,2006/cedaw/c/sr_724#18,lookup,True,True,completed,,3
un,2006/cedaw/c/sr_724#18,practitioner,True,True,completed,,3
un,2006/cedaw/c/sr_724#18,semantic,True,True,completed,,3
un,2005/cd/pv_983#13,lookup,True,True,completed,,3
un,2005/cd/pv_983#13,practitioner,True,True,completed,,1
un,2005/cd/pv_983#13,semantic,True,True,completed,,2
un,1998/gc_7/c_1/sr_5#16,lookup,True,True,completed,,3
un,1998/gc_7/c_1/sr_5#16,practitioner,True,True,completed,,3
un,1998/gc_7/c_1/sr_5#16,semantic,True,True,completed,,3
un,2006/ccw/conf_iii/sr_2#8,lookup,True,True,completed,,3
un,2006/ccw/conf_iii/sr_2#8,practitioner,True,True,completed,,3
un,2006/ccw/conf_iii/sr_2#8,semantic,True,True,completed,,3
un,2001/cd/pv_880#1,lookup,True,True,completed,,3
un,2001/cd/pv_880#1,practitioner,True,True,completed,,3
un,2001/cd/pv_880#1,semantic,True,True,completed,,3
un,2010/a/cn_9/sr_917#10,lookup,True,True,completed,,3
un,2010/a/cn_9/sr_917#10,practitioner,True,True,completed,,3
un,2010/a/cn_9/sr_917#10,semantic,True,True,completed,,2
un,2003/a/58/pv_1#15,lookup,True,True,completed,,3
un,2003/a/58/pv_1#15,practitioner,True,True,completed,,3
un,2003/a/58/pv_1#15,semantic,True,True,completed,,3
un,2007/cedaw/c/sr_770_b_#18,lookup,True,True,completed,,3
un,2007/cedaw/c/sr_770_b_#18,practitioner,True,True,completed,,3
un,2007/cedaw/c/sr_770_b_#18,semantic,True,True,completed,,2
un,2002/a/c_4/57/sr_18#15,lookup,True,True,completed,,3
un,2002/a/c_4/57/sr_18#15,practitioner,True,True,completed,,3
un,2002/a/c_4/57/sr_18#15,semantic,True,True,completed,,3
un,2007/cedaw/c/sr_778#5,lookup,True,True,completed,,3
un,2007/cedaw/c/sr_778#5,practitioner,True,True,completed,,3
un,2007/cedaw/c/sr_778#5,semantic,True,True,completed,,2
un,2000/cd/pv_841#11,lookup,True,True,completed,,3
un,2000/cd/pv_841#11,practitioner,True,True,completed,,2
un,2000/cd/pv_841#11,semantic,True,True,completed,,2
un,1999/cedaw/c/sr_434#16,lookup,True,True,completed,,3
un,1999/cedaw/c/sr_434#16,practitioner,True,True,completed,,3
un,1999/cedaw/c/sr_434#16,semantic,True,True,completed,,3
un,2009/a/ac_109/2009/sr_7#4,lookup,True,True,completed,,3
un,2009/a/ac_109/2009/sr_7#4,practitioner,True,True,completed,,3
un,2009/a/ac_109/2009/sr_7#4,semantic,True,True,completed,,3
un,2008/s/2008/774#11,lookup,False,True,completed,,3
un,2008/s/2008/774#11,practitioner,False,True,completed,,3
un,2008/s/2008/774#11,semantic,False,True,completed,,3
un,2012/s/2012/718#7,lookup,False,True,completed,,3
un,2012/s/2012/718#7,practitioner,False,True,completed,,3
un,2012/s/2012/718#7,semantic,False,True,completed,,3
un,1998/s/1998/458#1,lookup,False,True,completed,,3
un,1998/s/1998/458#1,practitioner,False,True,completed,,3
un,1998/s/1998/458#1,semantic,False,True,completed,,3
un,2004/s/2004/505#15,lookup,False,True,completed,,3
un,2004/s/2004/505#15,practitioner,False,True,completed,,3
un,2004/s/2004/505#15,semantic,False,True,completed,,3
un,2004/s/2004/674#6,lookup,False,True,completed,,3
un,2004/s/2004/674#6,practitioner,False,True,completed,,3
un,2004/s/2004/674#6,semantic,False,True,completed,,3
eurlex,http://data.europa.eu/eli/dir/2010/42/art_2/oj,fact_pattern,False,True,no_candidates,,0
eurlex,http://data.europa.eu/eli/dir/2010/42/art_2/oj,lookup,False,True,no_candidates,,0
eurlex,http://data.europa.eu/eli/reg/2014/910/art_41/oj,fact_pattern,False,True,completed,,3
eurlex,http://data.europa.eu/eli/reg/2014/910/art_41/oj,lookup,False,True,completed,,3
eurlex,http://data.europa.eu/eli/reg/2011/1043/art_1/oj,fact_pattern,False,True,completed,,3
eurlex,http://data.europa.eu/eli/reg/2011/1043/art_1/oj,lookup,False,True,completed,,3
eurlex,http://data.europa.eu/eli/dir/2011/81/art_2/oj,fact_pattern,False,True,no_candidates,,0
eurlex,http://data.europa.eu/eli/dir/2011/81/art_2/oj,lookup,False,True,completed,,1
eurlex,http://data.europa.eu/eli/dir/2006/28/art_3/oj,fact_pattern,False,True,no_candidates,,0
eurlex,http://data.europa.eu/eli/dir/2006/28/art_3/oj,lookup,False,True,no_candidates,,0
eurlex,http://data.europa.eu/eli/reg/2011/1077/art_14/oj,fact_pattern,False,True,completed,,3
eurlex,http://data.europa.eu/eli/reg/2011/1077/art_14/oj,lookup,False,True,completed,,3
eurlex,http://data.europa.eu/eli/reg/2011/1173/art_13/oj,fact_pattern,False,True,no_candidates,,0
eurlex,http://data.europa.eu/eli/reg/2011/1173/art_13/oj,lookup,False,True,no_candidates,,0
eurlex,http://data.europa.eu/eli/reg/2005/1651/art_4/oj,fact_pattern,False,True,completed,,3
eurlex,http://data.europa.eu/eli/reg/2005/1651/art_4/oj,lookup,False,True,completed,,3
eurlex,http://data.europa.eu/eli/reg/2010/1031/art_48/oj,fact_pattern,False,True,completed,,2
eurlex,http://data.europa.eu/eli/reg/2010/1031/art_48/oj,lookup,False,True,completed,,2
eurlex,http://data.europa.eu/eli/dir/2006/60/art_2/oj,fact_pattern,False,True,no_candidates,,0
eurlex,http://data.europa.eu/eli/dir/2006/60/art_2/oj,lookup,False,True,no_candidates,,0
eurlex,http://data.europa.eu/eli/reg/2014/312/art_16/oj,fact_pattern,False,True,completed,,3
eurlex,http://data.europa.eu/eli/reg/2014/312/art_16/oj,lookup,False,True,completed,,3
eurlex,http://data.europa.eu/eli/reg/2014/165/art_23/oj,fact_pattern,False,True,completed,,3
eurlex,http://data.europa.eu/eli/reg/2014/165/art_23/oj,lookup,False,True,completed,,3
eurlex,http://data.europa.eu/eli/reg/2011/492/art_17/oj,fact_pattern,False,True,completed,,1
eurlex,http://data.europa.eu/eli/reg/2011/492/art_17/oj,lookup,False,True,completed,,1
eurlex,http://data.europa.eu/eli/dir/2005/86/art_2/oj,fact_pattern,False,True,no_candidates,,0
eurlex,http://data.europa.eu/eli/dir/2005/86/art_2/oj,lookup,False,True,no_candidates,,0
eurlex,http://data.europa.eu/eli/reg/2012/966/art_56/oj,fact_pattern,False,True,completed,,3
eurlex,http://data.europa.eu/eli/reg/2012/966/art_56/oj,lookup,False,True,completed,,3
eurlex,http://data.europa.eu/eli/dir/2007/68/art_2/oj,fact_pattern,False,True,no_candidates,,0
eurlex,http://data.europa.eu/eli/dir/2007/68/art_2/oj,lookup,False,True,no_candidates,,0
eurlex,http://data.europa.eu/eli/dir_impl/2011/54/art_3/oj,fact_pattern,False,True,no_candidates,,0
eurlex,http://data.europa.eu/eli/dir_impl/2011/54/art_3/oj,lookup,False,True,no_candidates,,0
eurlex,http://data.europa.eu/eli/dir/2004/66/art_2/oj,fact_pattern,False,True,no_candidates,,0
eurlex,http://data.europa.eu/eli/dir/2004/66/art_2/oj,lookup,False,True,no_candidates,,0
eurlex,http://data.europa.eu/eli/reg/2008/1165/art_16/oj,fact_pattern,False,True,completed,,3
eurlex,http://data.europa.eu/eli/reg/2008/1165/art_16/oj,lookup,False,True,completed,,3
eurlex,http://data.europa.eu/eli/reg_impl/2011/1008/art_1/oj,fact_pattern,False,True,completed,,3
eurlex,http://data.europa.eu/eli/reg_impl/2011/1008/art_1/oj,lookup,False,True,completed,,3
eurlex,http://data.europa.eu/eli/dir/2015/566/art_9/oj,fact_pattern,False,True,no_candidates,,0
eurlex,http://data.europa.eu/eli/dir/2015/566/art_9/oj,lookup,False,True,no_candidates,,0
eurlex,http://data.europa.eu/eli/reg/2009/193/art_1/oj,fact_pattern,False,True,completed,,3
eurlex,http://data.europa.eu/eli/reg/2009/193/art_1/oj,lookup,False,True,completed,,3
eurlex,http://data.europa.eu/eli/reg_impl/2011/452/art_1/oj,fact_pattern,False,True,completed,,3
eurlex,http://data.europa.eu/eli/reg_impl/2011/452/art_1/oj,lookup,False,True,completed,,3
eurlex,http://data.europa.eu/eli/reg/2014/912/art_8/oj,fact_pattern,False,True,completed,,2
eurlex,http://data.europa.eu/eli/reg/2014/912/art_8/oj,lookup,False,True,completed,,3
eurlex,http://data.europa.eu/eli/dir/2014/50/art_5/oj,fact_pattern,False,True,completed,,3
eurlex,http://data.europa.eu/eli/dir/2014/50/art_5/oj,lookup,False,True,completed,,3
eurlex,http://data.europa.eu/eli/dir/2014/59/art_77/oj,fact_pattern,False,True,completed,,3
eurlex,http://data.europa.eu/eli/dir/2014/59/art_77/oj,lookup,False,True,completed,,3
eurlex,http://data.europa.eu/eli/reg_impl/2011/1333/art_11/oj,fact_pattern,False,True,completed,,3
eurlex,http://data.europa.eu/eli/reg_impl/2011/1333/art_11/oj,lookup,False,True,completed,,3
eurlex,http://data.europa.eu/eli/reg_impl/2012/282/art_1/oj,fact_pattern,False,True,completed,,2
eurlex,http://data.europa.eu/eli/reg_impl/2012/282/art_1/oj,lookup,False,True,completed,,3
eurlex,http://data.europa.eu/eli/reg_impl/2012/1081/art_10/oj,fact_pattern,False,True,completed,,3
eurlex,http://data.europa.eu/eli/reg_impl/2012/1081/art_10/oj,lookup,False,True,completed,,3
eurlex,http://data.europa.eu/eli/reg/2006/1906/art_50/oj,fact_pattern,False,True,completed,,3
eurlex,http://data.europa.eu/eli/reg/2006/1906/art_50/oj,lookup,False,True,completed,,3
eurlex,http://data.europa.eu/eli/reg/2007/520/art_24/oj,fact_pattern,False,True,completed,,3
eurlex,http://data.europa.eu/eli/reg/2007/520/art_24/oj,lookup,False,True,completed,,3
eurlex,http://data.europa.eu/eli/dir/2005/9/art_2/oj,fact_pattern,False,True,no_candidates,,0
eurlex,http://data.europa.eu/eli/dir/2005/9/art_2/oj,lookup,False,True,no_candidates,,0
eurlex,http://data.europa.eu/eli/reg/2014/788/art_20/oj,fact_pattern,False,True,completed,,3
eurlex,http://data.europa.eu/eli/reg/2014/788/art_20/oj,lookup,False,True,completed,,3
eurlex,http://data.europa.eu/eli/reg/2011/333/art_2/oj,fact_pattern,False,True,completed,,3
eurlex,http://data.europa.eu/eli/reg/2011/333/art_2/oj,lookup,False,True,completed,,3
eurlex,http://data.europa.eu/eli/dir/2014/65/art_36/oj,fact_pattern,False,True,completed,,2
eurlex,http://data.europa.eu/eli/dir/2014/65/art_36/oj,lookup,False,True,completed,,3
eurlex,http://data.europa.eu/eli/reg_del/2013/811/art_1/oj,fact_pattern,False,True,completed,,3
eurlex,http://data.europa.eu/eli/reg_del/2013/811/art_1/oj,lookup,False,True,completed,,3
eurlex,http://data.europa.eu/eli/reg/2009/1072/art_1/oj,fact_pattern,False,True,completed,,3
eurlex,http://data.europa.eu/eli/reg/2009/1072/art_1/oj,lookup,False,True,completed,,3
eurlex,http://data.europa.eu/eli/reg/2005/1572/art_4/oj,fact_pattern,False,True,completed,,3
eurlex,http://data.europa.eu/eli/reg/2005/1572/art_4/oj,lookup,False,True,completed,,2
eurlex,http://data.europa.eu/eli/reg/2013/1290/art_57/oj,fact_pattern,False,True,completed,,2
eurlex,http://data.europa.eu/eli/reg/2013/1290/art_57/oj,lookup,False,True,completed,,3
eurlex,http://data.europa.eu/eli/reg/2013/1381/art_5/oj,fact_pattern,False,True,completed,,3
eurlex,http://data.europa.eu/eli/reg/2013/1381/art_5/oj,lookup,False,True,completed,,3
eurlex,http://data.europa.eu/eli/reg/2007/1386/art_55/oj,fact_pattern,False,True,completed,,2
eurlex,http://data.europa.eu/eli/reg/2007/1386/art_55/oj,lookup,False,True,completed,,2
eurlex,http://data.europa.eu/eli/reg/2009/436/art_36/oj,fact_pattern,False,True,completed,,3
eurlex,http://data.europa.eu/eli/reg/2009/436/art_36/oj,lookup,False,True,completed,,3
eurlex,http://data.europa.eu/eli/dir/2006/112/art_111/oj,fact_pattern,False,True,completed,,3
eurlex,http://data.europa.eu/eli/dir/2006/112/art_111/oj,lookup,False,True,completed,,3
eurlex,http://data.europa.eu/eli/reg_del/2013/231/art_43/oj,fact_pattern,False,True,completed,,3
eurlex,http://data.europa.eu/eli/reg_del/2013/231/art_43/oj,lookup,False,True,completed,,3
eurlex,http://data.europa.eu/eli/reg/2006/1083/art_47/oj,fact_pattern,False,True,completed,,3
eurlex,http://data.europa.eu/eli/reg/2006/1083/art_47/oj,lookup,False,True,completed,,3
eurlex,http://data.europa.eu/eli/reg_impl/2014/181/art_5/oj,fact_pattern,False,True,completed,,3
eurlex,http://data.europa.eu/eli/reg_impl/2014/181/art_5/oj,lookup,False,True,completed,,3
eurlex,http://data.europa.eu/eli/reg/2009/1130/art_22/oj,fact_pattern,False,True,completed,,3
eurlex,http://data.europa.eu/eli/reg/2009/1130/art_22/oj,lookup,False,True,completed,,3
eurlex,http://data.europa.eu/eli/dir/2014/26/art_2/oj,fact_pattern,False,True,completed,,3
eurlex,http://data.europa.eu/eli/dir/2014/26/art_2/oj,lookup,False,True,completed,,3
eurlex,http://data.europa.eu/eli/reg/2012/493/art_3/oj,fact_pattern,False,True,completed,,3
eurlex,http://data.europa.eu/eli/reg/2012/493/art_3/oj,lookup,False,True,completed,,3
eurlex,http://data.europa.eu/eli/reg/2014/1141/art_16/oj,fact_pattern,False,True,completed,,3
eurlex,http://data.europa.eu/eli/reg/2014/1141/art_16/oj,lookup,False,True,completed,,3
