corpus,mode,candidates,paired_numeric_grades,previous_mean_faith_overall,previous_mean_qual_overall,previous_mean_total_score,previous_audit_clear_candidates,new_mean_faith_overall,new_mean_qual_overall,new_mean_total_score,new_audit_clear_candidates,mean_total_delta,new_higher,new_lower,same_score
un,lookup,58,58,14.482758620689655,22.06896551724138,36.55172413793103,41,14.844827586206897,24.74137931034483,39.58620689655172,54,3.0344827586206895,45,0,13
un,conceptual,41,41,14.365853658536585,22.609756097560975,36.97560975609756,25,14.878048780487806,24.609756097560975,39.48780487804878,38,2.5121951219512195,29,3,9
un,source_finding,27,27,14.703703703703704,23.11111111111111,37.81481481481482,23,15.0,24.814814814814813,39.81481481481482,26,2.0,23,0,4
un,claim_verification,37,37,14.621621621621621,21.594594594594593,36.21621621621622,27,14.864864864864865,24.83783783783784,39.7027027027027,35,3.4864864864864864,34,0,3
un,practitioner,55,55,14.49090909090909,19.89090909090909,34.38181818181818,29,14.927272727272728,24.09090909090909,39.018181818181816,47,4.636363636363637,50,1,4
un,comparison,24,24,14.166666666666666,19.416666666666668,33.583333333333336,16,14.833333333333334,24.75,39.583333333333336,23,6.0,23,0,1
eurlex,conceptual,29,29,14.413793103448276,21.20689655172414,35.62068965517241,22,14.89655172413793,24.724137931034484,39.62068965517241,27,4.0,28,0,1
eurlex,lookup,50,50,14.6,23.32,37.92,42,15.0,24.8,39.8,46,1.88,32,0,18
eurlex,comparison,24,24,14.333333333333334,21.875,36.208333333333336,18,14.666666666666666,24.75,39.416666666666664,22,3.2083333333333335,19,3,2
eurlex,source_finding,24,24,14.916666666666666,23.041666666666668,37.958333333333336,24,15.0,24.958333333333332,39.958333333333336,24,2.0,21,0,3
eurlex,claim_verification,28,28,14.678571428571429,21.714285714285715,36.392857142857146,26,14.964285714285714,24.75,39.714285714285715,28,3.3214285714285716,25,1,2
eurlex,fact_pattern,43,43,14.720930232558139,19.3953488372093,34.116279069767444,24,15.0,24.186046511627907,39.18604651162791,38,5.069767441860465,39,0,4
