version,corpus,mode,targets,generated_targets,no_candidate_targets,failed_or_pending_targets,accepted_targets,native_rank1_targets,native_unranked_generated_targets,common_native_rank1_regret_mean,common_native_rank1_missed_usable_targets,generated_candidates,graded_candidates,accepted_candidates,audit_blocking_candidates,common_evaluated_candidates,common_usable_candidates,legacy_best_n,legacy_best_mean,legacy_best_accepted_n,legacy_best_accepted_mean,common_best_any_n,common_best_any_mean,common_best_usable_n,common_best_usable_mean,common_native_rank1_n,common_native_rank1_mean,common_native_rank1_usable_n,common_native_rank1_usable_mean,common_usable_target_percent,common_native_rank1_usable_target_percent,common_best_any_grounding_mean,common_best_any_answer_resolution_mean,common_best_any_retrievability_mean,common_best_any_information_value_mean,common_best_any_clarity_mean,common_best_usable_grounding_mean,common_best_usable_answer_resolution_mean,common_best_usable_retrievability_mean,common_best_usable_information_value_mean,common_best_usable_clarity_mean
baseline,un,lookup,50,39,11,0,21,39,0,,0,87,87,38,41,0,0,39,29.358974358974358,21,30.19047619047619,0,,0,,0,,0,,0.0,0.0,,,,,,,,,,
baseline,un,practitioner,50,35,15,0,12,35,0,,0,79,79,23,52,0,0,35,29.085714285714285,12,31.416666666666668,0,,0,,0,,0,,0.0,0.0,,,,,,,,,,
baseline,un,semantic,50,44,6,0,28,44,0,,0,101,101,54,27,0,0,44,30.772727272727273,28,31.5,0,,0,,0,,0,,0.0,0.0,,,,,,,,,,
baseline,eurlex,fact_pattern,50,37,13,0,34,37,0,,0,104,104,71,10,0,0,37,32.945945945945944,34,32.705882352941174,0,,0,,0,,0,,0.0,0.0,,,,,,,,,,
baseline,eurlex,lookup,50,39,11,0,37,39,0,,0,114,114,101,9,0,0,39,35.43589743589744,37,35.54054054054054,0,,0,,0,,0,,0.0,0.0,,,,,,,,,,
debiased,un,lookup,50,50,0,0,50,50,0,,0,147,147,133,6,0,0,50,34.66,50,34.52,0,,0,,0,,0,,0.0,0.0,,,,,,,,,,
debiased,un,practitioner,50,50,0,0,29,50,0,,0,144,144,56,55,0,0,50,32.98,29,33.758620689655174,0,,0,,0,,0,,0.0,0.0,,,,,,,,,,
debiased,un,semantic,50,50,0,0,43,50,0,,0,140,140,104,26,0,0,50,34.12,43,34.325581395348834,0,,0,,0,,0,,0.0,0.0,,,,,,,,,,
debiased,eurlex,fact_pattern,50,38,12,0,34,38,0,,0,102,102,79,12,0,0,38,35.026315789473685,34,35.38235294117647,0,,0,,0,,0,,0.0,0.0,,,,,,,,,,
debiased,eurlex,lookup,50,39,11,0,38,39,0,,0,115,115,107,7,0,0,39,36.84615384615385,38,36.921052631578945,0,,0,,0,,0,,0.0,0.0,,,,,,,,,,
