version,prompt,characters,words,sha256
baseline,eurlex/decider/generator,6320,909,8a19f22d283d1b00200a4e30ccddf47d4655e5f5dc64bf587d55320bdb367ae2
baseline,eurlex/decider/jev,7279,932,dbb6deedb5a981cee2ffa250d5ad767a856e8e7bae549638ca5e988ba6140129
baseline,eurlex/faithfulness,8256,1288,fc60336c4dbbff1438b5b96e52b294926f9ca9a22880dea09b5e0d15fa1c58a1
baseline,eurlex/generation/fact_pattern,23671,3659,3a9938114c7b20478da406defeba0aaad2357575607eae3e29189d58ea9be4c1
baseline,eurlex/generation/lookup,30425,4516,9926780755a3e51c3cddf58afbaf24b486a55cc565129123b672445966cb263c
baseline,eurlex/quality/fact_pattern,8150,1035,32abf352ebf2af205a8d54b575a0b1767a5fdd20eeb8d6064474af861657ed34
baseline,eurlex/quality/lookup,9440,1225,42d57f50124baaa9ef65b6396f5da0b74e1f050dfb37236912d0c6a4e5b36f0d
baseline,un/decider/generator,13986,1987,a43b7fceb830627d56197a8336d80c322316d05a59bcc9856c9a95390f4d62f9
baseline,un/decider/jev,14930,1914,72e64593b766ff6196896d74cfc866df8e6bf51ef024230e6a763adcffdda0cf
baseline,un/faithfulness,7944,1209,840f77fb120b2d7b33d0d012d213f3bf9a8b4cac5175c17b5cb36fe3b7c6781e
baseline,un/generation/lookup,24322,3674,edadb763169320dfe52512d94e59306635cdad43220e64f73cc01555b61b3f3b
baseline,un/generation/practitioner,25334,3830,a2f62c6486fca9f14b6b1f4f41ae3b8b1c1087a414eb77c81edc06d064462d64
baseline,un/generation/semantic,20933,3240,5ae064aafbe39cead8d04c8b8071fa7cf241bf667655e4656a3239e39678dea3
baseline,un/quality/lookup,10421,1371,12d6965c25dca03c0e8579d01bfcc3b79341719658546a652e2ccd3d88bf0057
baseline,un/quality/practitioner,10164,1318,1b6e2ca583111dc2606b838ef49f06103212284a32c29ea61341618ec6ea615e
baseline,un/quality/semantic,10384,1367,b264e063080c8c23fbb940cf06ed7a7422c3bf809f5c25eda7911ce161104417
debiased,eurlex/decider/generator,7211,1046,892009920fb64b7cd0c81129cb037619a102d6bb02bb5fbaad00474bbd5cf31a
debiased,eurlex/decider/jev,8247,1077,d5e57a94077bb199aeec14a5df975da80d220440f23e05d687a8634fea0ee16c
debiased,eurlex/faithfulness,8812,1330,ff5f30bc175b59a055e9a990127b62d541efaa75e08fbb50a288e12c4384e5a9
debiased,eurlex/generation/fact_pattern,24817,3812,2b976b322cd36a7266854ed71481d891d5a17824f1dac810c8e5a42b9431504f
debiased,eurlex/generation/lookup,30963,4587,42098d0db141007ccbc262a423bc9b188f5ff2aa2e5badbc4b4812033edd3605
debiased,eurlex/quality/fact_pattern,9708,1263,80be78fb2b112042153dc98ab63613b37dd35c4d96493cf722d6b453dcc004d8
debiased,eurlex/quality/lookup,10699,1407,e2a53fa6b4bf713264d8cd393fda6ad761fc146e88288569e43d1993a0af81bd
debiased,un/decider/generator,3375,493,551c0ccae2a55332cf6048f5d99028433c1bb939d4af4ff272ed380337143585
debiased,un/decider/jev,3676,498,afb32a59f0aad7606d2742b0aa51b01f29d3316652c72b2fcffdd655e14c82d5
debiased,un/faithfulness,4348,616,93c94344805ba111890beaa702b15f1c148c61e53245b7b3c54406fd7696fdbf
debiased,un/generation/lookup,6771,942,6f8ee6797635bd087a340b6ba3256ec58341616bd2bfdf8376027bb8b6bd699e
debiased,un/generation/practitioner,6330,887,4453fa3dec8e4eb1b3427e945f1e39e32b0ab048fe579b68c3b8c6239a3a2a7c
debiased,un/generation/semantic,6426,912,a8005d77bd9a39d30e512e50eb8b1d1652261e10f4da6c5f37493a39e6caf3a5
debiased,un/quality/lookup,8408,1122,58897421a24d70994ffcd742e0479f922cdd596c88a72fd4ecf41bf5c2711261
debiased,un/quality/practitioner,8850,1180,cf902d2248b1ed234d78c0dd9968060e47f605252f2424a271e35731ddb750b7
debiased,un/quality/semantic,8850,1189,022a71c28d27661bc162c8dc36836dd7320c3c3fd148adb4efea555a8aa3d8e2
