corpus,mode,document_modes,yes_with_pass,yes_without_pass,no_with_pass,no_without_pass,yes_count,passing_modes,yes_pass_rate,passing_modes_retained,yes_scored_modes,yes_mean_best_total_40,no_scored_modes,no_mean_best_total_40,original_single_pick_count,original_single_pick_with_pass
all,all,300,210,61,11,18,271,221,0.7749077490774908,0.9502262443438914,268,30.813432835820894,22,30.136363636363637,48,41
un,all,150,107,33,4,6,140,111,0.7642857142857142,0.963963963963964,139,30.848920863309353,10,28.6,25,19
eurlex,all,150,103,28,7,12,131,110,0.7862595419847328,0.9363636363636364,129,30.775193798449614,12,31.416666666666668,23,22
eurlex,fact_pattern,25,11,12,0,2,23,11,0.4782608695652174,1.0,23,29.347826086956523,1,28.0,0,0
eurlex,lookup,25,22,1,0,2,23,22,0.9565217391304348,1.0,23,31.695652173913043,0,,22,21
eurlex,conceptual,25,20,4,0,1,24,20,0.8333333333333334,1.0,22,31.136363636363637,0,,0,0
eurlex,comparison,25,11,3,6,5,14,17,0.7857142857142857,0.6470588235294118,14,31.428571428571427,10,31.7,1,1
eurlex,claim_verification,25,16,8,0,1,24,16,0.6666666666666666,1.0,24,30.0,0,,0,0
eurlex,source_finding,25,23,0,1,1,23,24,1.0,0.9583333333333334,23,31.347826086956523,1,32.0,0,0
un,lookup,25,23,2,0,0,25,23,0.92,1.0,25,31.16,0,,6,6
un,practitioner,25,17,8,0,0,25,17,0.68,1.0,25,30.16,0,,1,0
un,conceptual,25,19,6,0,0,25,19,0.76,1.0,25,30.68,0,,18,13
un,comparison,25,8,7,4,6,15,12,0.5333333333333333,0.6666666666666666,14,30.642857142857142,10,28.6,0,0
un,claim_verification,25,17,8,0,0,25,17,0.68,1.0,25,31.08,0,,0,0
un,source_finding,25,23,2,0,0,25,23,0.92,1.0,25,31.28,0,,0,0
