subset,target_id,symbol,decider,mode,status
eurlex,http://data.europa.eu/eli/dir/2010/42/art_2/oj,32010L0042,jev,skip,abstention
eurlex,http://data.europa.eu/eli/dir/2011/81/art_2/oj,32011L0081,jev,skip,abstention
eurlex,http://data.europa.eu/eli/dir/2006/28/art_3/oj,32006L0028,jev,skip,abstention
eurlex,http://data.europa.eu/eli/dir/2006/60/art_2/oj,32006L0060,jev,skip,abstention
eurlex,http://data.europa.eu/eli/dir/2005/86/art_2/oj,32005L0086,jev,skip,abstention
eurlex,http://data.europa.eu/eli/dir/2007/68/art_2/oj,32007L0068,jev,skip,abstention
eurlex,http://data.europa.eu/eli/dir_impl/2011/54/art_3/oj,32011L0054,jev,skip,abstention
eurlex,http://data.europa.eu/eli/dir/2004/66/art_2/oj,32004L0066,jev,skip,abstention
eurlex,http://data.europa.eu/eli/dir/2015/566/art_9/oj,32015L0566,jev,skip,abstention
eurlex,http://data.europa.eu/eli/dir/2005/9/art_2/oj,32005L0009,jev,skip,abstention
eurlex,http://data.europa.eu/eli/reg/2011/1173/art_13/oj,32011R1173,jev,lookup,no_qualifying_candidate
eurlex,http://data.europa.eu/eli/dir/2010/42/art_2/oj,32010L0042,generator,skip,abstention
eurlex,http://data.europa.eu/eli/dir/2011/81/art_2/oj,32011L0081,generator,skip,abstention
eurlex,http://data.europa.eu/eli/dir/2006/28/art_3/oj,32006L0028,generator,skip,abstention
eurlex,http://data.europa.eu/eli/reg/2011/1173/art_13/oj,32011R1173,generator,skip,abstention
eurlex,http://data.europa.eu/eli/dir/2006/60/art_2/oj,32006L0060,generator,skip,abstention
eurlex,http://data.europa.eu/eli/dir/2005/86/art_2/oj,32005L0086,generator,skip,abstention
eurlex,http://data.europa.eu/eli/dir/2007/68/art_2/oj,32007L0068,generator,skip,abstention
eurlex,http://data.europa.eu/eli/dir_impl/2011/54/art_3/oj,32011L0054,generator,skip,abstention
eurlex,http://data.europa.eu/eli/dir/2004/66/art_2/oj,32004L0066,generator,skip,abstention
eurlex,http://data.europa.eu/eli/dir/2015/566/art_9/oj,32015L0566,generator,skip,abstention
eurlex,http://data.europa.eu/eli/dir/2005/9/art_2/oj,32005L0009,generator,skip,abstention
eurlex,http://data.europa.eu/eli/reg/2012/966/art_56/oj,32012R0966,generator,fact_pattern,no_qualifying_candidate
un_all,2011/a/res/65/263#2,A/RES/65/263,jev,skip,abstention
un_all,2001/s/res/1376_2001_#2,S/RES/1376(2001),jev,skip,abstention
un_all,2005/a/res/60/47#0,A/RES/60/47,jev,skip,abstention
un_all,2004/a/res/59/61#0,A/RES/59/61,jev,skip,abstention
un_all,2008/cd/pv_1097#14,CD/PV.1097,jev,skip,abstention
un_all,2005/cd/pv_983#13,CD/PV.983,jev,skip,abstention
un_all,2001/cd/pv_880#1,CD/PV.880,jev,skip,abstention
un_all,2003/a/58/pv_1#15,A/58/PV.1,jev,skip,abstention
un_all,2004/s/2004/674#6,S/2004/674,jev,skip,abstention
un_all,2006/a/res/61/183#3,A/RES/61/183,jev,practitioner,no_qualifying_candidate
un_all,2008/s/res/1845_2008_#3,S/RES/1845(2008),jev,lookup,no_qualifying_candidate
un_all,2007/gc_12/c_1/sr_1#10,GC.12/C.1/SR.1,jev,lookup,no_qualifying_candidate
un_all,2006/a/res/61/183#3,A/RES/61/183,generator,semantic,no_qualifying_candidate
un_all,2011/a/res/65/263#2,A/RES/65/263,generator,lookup,no_qualifying_candidate
un_all,2005/a/res/60/47#0,A/RES/60/47,generator,semantic,no_qualifying_candidate
un_all,2004/a/res/59/61#0,A/RES/59/61,generator,semantic,no_qualifying_candidate
un_all,2007/gc_12/c_1/sr_1#10,GC.12/C.1/SR.1,generator,lookup,no_qualifying_candidate
un_without_meetings,2011/a/res/65/263#2,A/RES/65/263,jev,skip,abstention
un_without_meetings,2001/s/res/1376_2001_#2,S/RES/1376(2001),jev,skip,abstention
un_without_meetings,2005/a/res/60/47#0,A/RES/60/47,jev,skip,abstention
un_without_meetings,2004/a/res/59/61#0,A/RES/59/61,jev,skip,abstention
un_without_meetings,2004/s/2004/674#6,S/2004/674,jev,skip,abstention
un_without_meetings,2006/a/res/61/183#3,A/RES/61/183,jev,practitioner,no_qualifying_candidate
un_without_meetings,2008/s/res/1845_2008_#3,S/RES/1845(2008),jev,lookup,no_qualifying_candidate
un_without_meetings,2006/a/res/61/183#3,A/RES/61/183,generator,semantic,no_qualifying_candidate
un_without_meetings,2011/a/res/65/263#2,A/RES/65/263,generator,lookup,no_qualifying_candidate
un_without_meetings,2005/a/res/60/47#0,A/RES/60/47,generator,semantic,no_qualifying_candidate
un_without_meetings,2004/a/res/59/61#0,A/RES/59/61,generator,semantic,no_qualifying_candidate
un_meetings_only,2008/cd/pv_1097#14,CD/PV.1097,jev,skip,abstention
un_meetings_only,2005/cd/pv_983#13,CD/PV.983,jev,skip,abstention
un_meetings_only,2001/cd/pv_880#1,CD/PV.880,jev,skip,abstention
un_meetings_only,2003/a/58/pv_1#15,A/58/PV.1,jev,skip,abstention
un_meetings_only,2007/gc_12/c_1/sr_1#10,GC.12/C.1/SR.1,jev,lookup,no_qualifying_candidate
un_meetings_only,2007/gc_12/c_1/sr_1#10,GC.12/C.1/SR.1,generator,lookup,no_qualifying_candidate
