subset,decider,mode,count,percent
eurlex,jev,fact_pattern,0,0.0
eurlex,jev,lookup,40,80.0
eurlex,jev,skip,10,20.0
eurlex,generator,fact_pattern,37,74.0
eurlex,generator,lookup,2,4.0
eurlex,generator,skip,11,22.0
un_all,jev,lookup,18,36.0
un_all,jev,practitioner,6,12.0
un_all,jev,semantic,17,34.0
un_all,jev,skip,9,18.0
un_all,generator,lookup,21,42.0
un_all,generator,practitioner,5,10.0
un_all,generator,semantic,24,48.0
un_all,generator,skip,0,0.0
un_without_meetings,jev,lookup,13,43.333333333333336
un_without_meetings,jev,practitioner,5,16.666666666666668
un_without_meetings,jev,semantic,7,23.333333333333332
un_without_meetings,jev,skip,5,16.666666666666668
un_without_meetings,generator,lookup,8,26.666666666666668
un_without_meetings,generator,practitioner,5,16.666666666666668
un_without_meetings,generator,semantic,17,56.666666666666664
un_without_meetings,generator,skip,0,0.0
un_meetings_only,jev,lookup,5,25.0
un_meetings_only,jev,practitioner,1,5.0
un_meetings_only,jev,semantic,10,50.0
un_meetings_only,jev,skip,4,20.0
un_meetings_only,generator,lookup,13,65.0
un_meetings_only,generator,practitioner,0,0.0
un_meetings_only,generator,semantic,7,35.0
un_meetings_only,generator,skip,0,0.0
