version,corpus,mode,candidates,completed,faith_overall_n,faith_overall_mean,qual_overall_n,qual_overall_mean,faith_grounding_n,faith_grounding_mean,faith_precision_n,faith_precision_mean,faith_numerical_fidelity_n,faith_numerical_fidelity_mean,targets
Original,eurlex,fact_pattern,104,104,104,13.288461538461538,104,18.278846153846153,104,4.278846153846154,104,4.086538461538462,104,4.923076923076923,37
Original,eurlex,lookup,114,114,114,13.87719298245614,114,19.605263157894736,114,4.56140350877193,114,4.342105263157895,114,4.973684210526316,39
Original,un,lookup,87,87,87,13.586206896551724,87,14.758620689655173,87,4.2988505747126435,87,4.35632183908046,87,4.931034482758621,39
Original,un,practitioner,79,79,79,13.50632911392405,79,14.379746835443038,79,4.177215189873418,79,4.379746835443038,79,4.949367088607595,35
Original,un,semantic,101,101,101,12.950495049504951,101,16.653465346534652,101,4.02970297029703,101,3.9306930693069306,101,4.99009900990099,44
Revised,eurlex,fact_pattern,102,102,102,14.509803921568627,102,19.04901960784314,102,4.764705882352941,102,4.794117647058823,102,4.950980392156863,38
Revised,eurlex,lookup,115,115,115,14.878260869565217,115,20.591304347826085,115,4.973913043478261,115,4.913043478260869,115,4.991304347826087,39
Revised,un,lookup,147,147,147,14.360544217687075,147,18.0,147,4.6938775510204085,147,4.673469387755102,147,4.993197278911564,50
Revised,un,practitioner,144,144,144,14.23611111111111,144,16.458333333333332,144,4.715277777777778,144,4.555555555555555,144,4.965277777777778,50
Revised,un,semantic,140,140,140,14.17142857142857,140,17.55,140,4.65,140,4.542857142857143,140,4.978571428571429,50
