version,corpus,target_id,mode,n,matched,manual_best,manual_mean,rank1_q,rank1_id,rank1_good,hit,regret,gain,discriminative
simple,eurlex,http://data.europa.eu/eli/reg/2014/910/art_41/oj,fact_pattern,3,True,5,5,5,q_fdbe9b0ca5a2dcc803ee4ff1,True,True,0,0,False
original,eurlex,http://data.europa.eu/eli/reg/2014/910/art_41/oj,fact_pattern,3,True,5,4.333333333333333,5,q_78ec26da6b94870328cb358a,True,True,0,0.666666666666667,True
revised,eurlex,http://data.europa.eu/eli/reg/2014/910/art_41/oj,fact_pattern,3,True,5,5,5,q_3c792646021ab0ed4b2bae3e,True,True,0,0,False
original,eurlex,http://data.europa.eu/eli/reg/2014/910/art_41/oj,lookup,3,True,5,4.666666666666667,4,q_95f8c256364efb8cd413a672,True,False,1,-0.666666666666667,True
simple,eurlex,http://data.europa.eu/eli/reg/2014/910/art_41/oj,lookup,3,True,5,4.333333333333333,5,q_d89845f4d581f02fec01820c,True,True,0,0.666666666666667,True
revised,eurlex,http://data.europa.eu/eli/reg/2014/910/art_41/oj,lookup,3,True,5,4.333333333333333,3,q_6fe655102e5068b671a4e166,False,False,2,-1.333333333333333,True
simple,eurlex,http://data.europa.eu/eli/reg_impl/2012/282/art_1/oj,fact_pattern,2,True,4,3,4,q_9383ad421744796b8c353def,True,True,0,1,True
revised,eurlex,http://data.europa.eu/eli/reg_impl/2012/282/art_1/oj,fact_pattern,1,True,4,4,4,q_47a6359faa3ff45487aebc4c,False,True,0,0,False
original,eurlex,http://data.europa.eu/eli/reg_impl/2012/282/art_1/oj,fact_pattern,3,True,5,4.666666666666667,4,q_bbf1464ffa612b1b2c1b023e,True,False,1,-0.666666666666667,True
revised,eurlex,http://data.europa.eu/eli/reg_impl/2012/282/art_1/oj,lookup,2,True,5,5,5,q_ccf27d6f6e22d926b6eb6129,True,True,0,0,False
simple,eurlex,http://data.europa.eu/eli/reg_impl/2012/282/art_1/oj,lookup,3,True,5,3.6666666666666665,5,q_4139993fbff6a27f3f9ef7d4,True,True,0,1.3333333333333335,True
original,eurlex,http://data.europa.eu/eli/reg_impl/2012/282/art_1/oj,lookup,2,True,5,5,5,q_878870495b957485a66d9419,True,True,0,0,False
original,eurlex,http://data.europa.eu/eli/reg/2010/1031/art_48/oj,fact_pattern,2,True,5,5,5,q_26af7d5909a732648bbac549,True,True,0,0,False
revised,eurlex,http://data.europa.eu/eli/reg/2010/1031/art_48/oj,fact_pattern,2,True,5,5,5,q_ffb40b918065fae0388fcd74,True,True,0,0,False
simple,eurlex,http://data.europa.eu/eli/reg/2010/1031/art_48/oj,fact_pattern,2,True,5,5,5,q_013b6b1ef67dca42cfe0dc51,True,True,0,0,False
revised,eurlex,http://data.europa.eu/eli/reg/2010/1031/art_48/oj,lookup,3,True,5,5,5,q_92fff7211fb862d86821281c,True,True,0,0,False
original,eurlex,http://data.europa.eu/eli/reg/2010/1031/art_48/oj,lookup,2,True,5,5,5,q_c402f3b7c825c41027988365,True,True,0,0,False
simple,eurlex,http://data.europa.eu/eli/reg/2010/1031/art_48/oj,lookup,2,True,5,5,5,q_0877ae8a919f398ddc61aa93,True,True,0,0,False
simple,eurlex,http://data.europa.eu/eli/reg/2014/912/art_8/oj,fact_pattern,2,True,5,5,5,q_12e36f61edb7642106299898,True,True,0,0,False
original,eurlex,http://data.europa.eu/eli/reg/2014/912/art_8/oj,fact_pattern,3,True,5,5,5,q_039354b5522a4d506882dd88,True,True,0,0,False
revised,eurlex,http://data.europa.eu/eli/reg/2014/912/art_8/oj,fact_pattern,2,True,5,4.5,5,q_28840f0beaeffa393428a70b,True,True,0,0.5,True
simple,eurlex,http://data.europa.eu/eli/reg/2014/912/art_8/oj,lookup,3,True,5,5,5,q_f3aad58b0f48f7a4ecf19b63,True,True,0,0,False
revised,eurlex,http://data.europa.eu/eli/reg/2014/912/art_8/oj,lookup,3,True,5,5,5,q_1beacc74b3af838655fce7e8,True,True,0,0,False
original,eurlex,http://data.europa.eu/eli/reg/2014/912/art_8/oj,lookup,3,True,5,5,5,q_ebe5c5eae5337737e3ab1649,True,True,0,0,False
revised,eurlex,http://data.europa.eu/eli/dir/2014/59/art_77/oj,fact_pattern,3,True,5,5,5,q_eedd4ef13abd4eda150678ab,True,True,0,0,False
original,eurlex,http://data.europa.eu/eli/dir/2014/59/art_77/oj,fact_pattern,2,True,5,5,5,q_d6b3027e6f48d063650c7296,True,True,0,0,False
simple,eurlex,http://data.europa.eu/eli/dir/2014/59/art_77/oj,fact_pattern,3,True,5,4.333333333333333,3,q_95a1ea5e090ddce3189d34ce,False,False,2,-1.333333333333333,True
simple,eurlex,http://data.europa.eu/eli/dir/2014/59/art_77/oj,lookup,3,True,4,3.3333333333333335,3,q_d1997a23909bcfef1fa52f62,False,False,1,-0.3333333333333335,True
original,eurlex,http://data.europa.eu/eli/dir/2014/59/art_77/oj,lookup,3,True,5,5,5,q_58c8bbe8a760e5052ffa65de,True,True,0,0,False
revised,eurlex,http://data.europa.eu/eli/dir/2014/59/art_77/oj,lookup,3,True,5,4.333333333333333,5,q_da4ebf80f658ee65ec36d6ab,True,True,0,0.666666666666667,True
revised,eurlex,http://data.europa.eu/eli/reg/2014/312/art_16/oj,fact_pattern,2,True,5,5,5,q_bc3eb671a3bb30e5551a3033,True,True,0,0,False
original,eurlex,http://data.europa.eu/eli/reg/2014/312/art_16/oj,fact_pattern,3,True,5,5,5,q_31b92fd58c21beb250f9d23f,True,True,0,0,False
simple,eurlex,http://data.europa.eu/eli/reg/2014/312/art_16/oj,fact_pattern,3,True,5,5,5,q_fe9e109da4be1da4a303c181,True,True,0,0,False
simple,eurlex,http://data.europa.eu/eli/reg/2014/312/art_16/oj,lookup,3,True,5,5,5,q_0f6f5ce4d0d2efc86ca1d6c7,True,True,0,0,False
original,eurlex,http://data.europa.eu/eli/reg/2014/312/art_16/oj,lookup,3,True,5,4.333333333333333,5,q_ecef296833a9e592eb54a0d2,True,True,0,0.666666666666667,True
revised,eurlex,http://data.europa.eu/eli/reg/2014/312/art_16/oj,lookup,3,True,5,4.666666666666667,5,q_9f3c6973b5b166a97f21fc68,True,True,0,0.33333333333333304,True
revised,eurlex,http://data.europa.eu/eli/reg/2014/165/art_23/oj,fact_pattern,3,True,5,5,5,q_f0ff52a1c7fe8567818f1d5e,False,True,0,0,False
original,eurlex,http://data.europa.eu/eli/reg/2014/165/art_23/oj,fact_pattern,3,True,5,5,5,q_cc6dba2668f97ecab5a328a8,True,True,0,0,False
simple,eurlex,http://data.europa.eu/eli/reg/2014/165/art_23/oj,fact_pattern,3,True,5,4.333333333333333,5,q_83bd241223f5301f7ca20380,True,True,0,0.666666666666667,True
revised,eurlex,http://data.europa.eu/eli/reg/2014/165/art_23/oj,lookup,3,True,5,5,5,q_a3b4da657f932a6e689487f7,True,True,0,0,False
simple,eurlex,http://data.europa.eu/eli/reg/2014/165/art_23/oj,lookup,3,True,5,4.333333333333333,4,q_63151926013b7b0c31814e1d,True,False,1,-0.33333333333333304,True
original,eurlex,http://data.europa.eu/eli/reg/2014/165/art_23/oj,lookup,3,True,5,5,5,q_b4af50af992ca662f8e24694,True,True,0,0,False
original,eurlex,http://data.europa.eu/eli/reg/2013/1381/art_5/oj,fact_pattern,3,True,5,3.6666666666666665,5,q_aab87527b30e64b1956f6902,True,True,0,1.3333333333333335,True
revised,eurlex,http://data.europa.eu/eli/reg/2013/1381/art_5/oj,fact_pattern,3,True,5,3.6666666666666665,5,q_3d84bf500cc24364949edec0,True,True,0,1.3333333333333335,True
simple,eurlex,http://data.europa.eu/eli/reg/2013/1381/art_5/oj,fact_pattern,3,True,5,4.333333333333333,5,q_3eaf749a0053485739d35f74,True,True,0,0.666666666666667,True
revised,eurlex,http://data.europa.eu/eli/reg/2013/1381/art_5/oj,lookup,3,True,5,5,5,q_23e8f5fa77a298fd46151723,True,True,0,0,False
simple,eurlex,http://data.europa.eu/eli/reg/2013/1381/art_5/oj,lookup,3,True,5,5,5,q_dcfe7a5259bb4464fd9f3cc5,True,True,0,0,False
original,eurlex,http://data.europa.eu/eli/reg/2013/1381/art_5/oj,lookup,3,True,5,5,5,q_beaf227b7e4275d4c6d409c0,True,True,0,0,False
revised,eurlex,http://data.europa.eu/eli/reg/2005/1572/art_4/oj,fact_pattern,3,True,5,4.666666666666667,5,q_d207d631c84be941c0be2d95,True,True,0,0.33333333333333304,True
original,eurlex,http://data.europa.eu/eli/reg/2005/1572/art_4/oj,fact_pattern,3,True,5,4.333333333333333,5,q_39f5d753a4d9882c77838170,True,True,0,0.666666666666667,True
simple,eurlex,http://data.europa.eu/eli/reg/2005/1572/art_4/oj,fact_pattern,3,True,5,4,5,q_abbe3ec391c3b7204aeb7988,True,True,0,1,True
original,eurlex,http://data.europa.eu/eli/reg/2005/1572/art_4/oj,lookup,3,True,5,5,5,q_d51eb34394cc6b40c57ccf60,True,True,0,0,False
revised,eurlex,http://data.europa.eu/eli/reg/2005/1572/art_4/oj,lookup,3,True,5,5,5,q_e709ab57a3e6f06d732b8062,True,True,0,0,False
simple,eurlex,http://data.europa.eu/eli/reg/2005/1572/art_4/oj,lookup,2,True,5,5,5,q_e551c9f70afc899b1409fe80,True,True,0,0,False
simple,eurlex,http://data.europa.eu/eli/dir/2011/81/art_2/oj,lookup,1,False,4,4,4,q_70b4d06ee00324dd52b0278a,True,True,0,0,False
simple,eurlex,http://data.europa.eu/eli/reg/2014/788/art_20/oj,fact_pattern,3,True,5,4.666666666666667,4,q_78117c463808c4598811a7ef,True,False,1,-0.666666666666667,True
original,eurlex,http://data.europa.eu/eli/reg/2014/788/art_20/oj,fact_pattern,2,True,3,3,3,q_c48ff55d2f981a7b34741426,False,True,0,0,False
revised,eurlex,http://data.europa.eu/eli/reg/2014/788/art_20/oj,fact_pattern,3,True,3,3,3,q_c8780d749ce7e8a049cc1c3c,False,True,0,0,False
original,eurlex,http://data.europa.eu/eli/reg/2014/788/art_20/oj,lookup,3,True,5,4,5,q_70261e3284146f677de67570,True,True,0,1,True
revised,eurlex,http://data.europa.eu/eli/reg/2014/788/art_20/oj,lookup,3,True,5,4,4,q_186693b5ea1cc92311861234,True,False,1,0,True
simple,eurlex,http://data.europa.eu/eli/reg/2014/788/art_20/oj,lookup,3,True,3,2.6666666666666665,3,q_496f50596616dd012cef3128,False,True,0,0.3333333333333335,True
revised,eurlex,http://data.europa.eu/eli/reg/2006/1906/art_50/oj,fact_pattern,3,True,5,5,5,q_26dba25351850e62f5d98f21,True,True,0,0,False
simple,eurlex,http://data.europa.eu/eli/reg/2006/1906/art_50/oj,fact_pattern,3,True,5,5,5,q_1dcea34624490e6805795770,True,True,0,0,False
original,eurlex,http://data.europa.eu/eli/reg/2006/1906/art_50/oj,fact_pattern,3,True,5,4.666666666666667,5,q_7ba760dfeb99783e656d49cb,True,True,0,0.33333333333333304,True
simple,eurlex,http://data.europa.eu/eli/reg/2006/1906/art_50/oj,lookup,3,True,5,5,5,q_4f4158ef92ca296328c8566e,True,True,0,0,False
revised,eurlex,http://data.europa.eu/eli/reg/2006/1906/art_50/oj,lookup,3,True,5,5,5,q_a2f7e93227fc22a0e58ac9ef,True,True,0,0,False
original,eurlex,http://data.europa.eu/eli/reg/2006/1906/art_50/oj,lookup,3,True,5,4.666666666666667,5,q_6ecdd199ea825109abba4778,True,True,0,0.33333333333333304,True
simple,eurlex,http://data.europa.eu/eli/reg/2012/966/art_56/oj,fact_pattern,3,False,5,5,5,q_31f71272712d952d4b0ae080,True,True,0,0,False
original,eurlex,http://data.europa.eu/eli/reg/2012/966/art_56/oj,lookup,3,True,5,4.666666666666667,5,q_8af2069fd823aa7df18101eb,True,True,0,0.33333333333333304,True
revised,eurlex,http://data.europa.eu/eli/reg/2012/966/art_56/oj,lookup,3,True,5,5,5,q_a340ee0abc480a2497c9284c,True,True,0,0,False
simple,eurlex,http://data.europa.eu/eli/reg/2012/966/art_56/oj,lookup,3,True,4,4,4,q_f17ec915a8538c1b2aa8e648,True,True,0,0,False
revised,eurlex,http://data.europa.eu/eli/reg/2009/436/art_36/oj,fact_pattern,3,True,5,5,5,q_21143ca1721cebbf702d1d26,True,True,0,0,False
simple,eurlex,http://data.europa.eu/eli/reg/2009/436/art_36/oj,fact_pattern,3,True,5,4.333333333333333,5,q_7558dac98fc6bb6d1e626243,True,True,0,0.666666666666667,True
original,eurlex,http://data.europa.eu/eli/reg/2009/436/art_36/oj,fact_pattern,3,True,5,5,5,q_f66131c9ce224616c75feb75,True,True,0,0,False
simple,eurlex,http://data.europa.eu/eli/reg/2009/436/art_36/oj,lookup,3,True,5,4.666666666666667,5,q_a34319f3c4ed379726d6bbbd,True,True,0,0.33333333333333304,True
revised,eurlex,http://data.europa.eu/eli/reg/2009/436/art_36/oj,lookup,3,True,5,5,5,q_8322fdf10861c900cb4b1526,True,True,0,0,False
original,eurlex,http://data.europa.eu/eli/reg/2009/436/art_36/oj,lookup,3,True,5,5,5,q_4a9405686fd2bdc419a73c69,True,True,0,0,False
original,eurlex,http://data.europa.eu/eli/dir/2006/112/art_111/oj,fact_pattern,1,True,5,5,5,q_c42c209d3ad4879d2a693a61,True,True,0,0,False
revised,eurlex,http://data.europa.eu/eli/dir/2006/112/art_111/oj,fact_pattern,2,True,5,5,5,q_12b121ba6114f9eb8f0c367d,True,True,0,0,False
simple,eurlex,http://data.europa.eu/eli/dir/2006/112/art_111/oj,fact_pattern,3,True,5,4.666666666666667,4,q_c2500292e4c54a224b53a0d4,True,False,1,-0.666666666666667,True
simple,eurlex,http://data.europa.eu/eli/dir/2006/112/art_111/oj,lookup,3,True,5,4.333333333333333,5,q_294c3a4b08fcfa2d78816b46,True,True,0,0.666666666666667,True
original,eurlex,http://data.europa.eu/eli/dir/2006/112/art_111/oj,lookup,2,True,5,5,5,q_c797554f7dab4c2a570cb8c9,True,True,0,0,False
revised,eurlex,http://data.europa.eu/eli/dir/2006/112/art_111/oj,lookup,3,True,5,4.333333333333333,5,q_8f80cbed4c025c95a0363def,True,True,0,0.666666666666667,True
revised,eurlex,http://data.europa.eu/eli/reg_impl/2014/181/art_5/oj,fact_pattern,3,True,5,4,5,q_e3db887f667d3ad280999dc8,True,True,0,1,True
original,eurlex,http://data.europa.eu/eli/reg_impl/2014/181/art_5/oj,fact_pattern,3,True,5,4,3,q_b76befd2698c6239c0e08e61,False,False,2,-1,True
simple,eurlex,http://data.europa.eu/eli/reg_impl/2014/181/art_5/oj,fact_pattern,3,True,5,3.6666666666666665,5,q_5d3bf49c4dedce58cfe212f0,True,True,0,1.3333333333333335,True
simple,eurlex,http://data.europa.eu/eli/reg_impl/2014/181/art_5/oj,lookup,3,True,5,5,5,q_005b7d28758611c45b9aaf87,True,True,0,0,False
revised,eurlex,http://data.europa.eu/eli/reg_impl/2014/181/art_5/oj,lookup,3,True,5,4.333333333333333,5,q_fc5a23e1ce54bb5e62d9fcd9,True,True,0,0.666666666666667,True
original,eurlex,http://data.europa.eu/eli/reg_impl/2014/181/art_5/oj,lookup,3,True,5,5,5,q_5f23ce7c5f09bf4a074e8d39,True,True,0,0,False
revised,eurlex,http://data.europa.eu/eli/dir/2014/26/art_2/oj,fact_pattern,3,True,5,5,5,q_e658f58c3a1564386e4a25da,True,True,0,0,False
original,eurlex,http://data.europa.eu/eli/dir/2014/26/art_2/oj,fact_pattern,3,True,5,5,5,q_8bbe87492c2051aec0751b97,True,True,0,0,False
simple,eurlex,http://data.europa.eu/eli/dir/2014/26/art_2/oj,fact_pattern,3,True,4,3.3333333333333335,3,q_e5776a5b0543494162f7906b,False,False,1,-0.3333333333333335,True
simple,eurlex,http://data.europa.eu/eli/dir/2014/26/art_2/oj,lookup,3,True,5,4,5,q_48a4daaa296bf34516895658,True,True,0,1,True
original,eurlex,http://data.europa.eu/eli/dir/2014/26/art_2/oj,lookup,3,True,5,5,5,q_ec7c651572e499f235e250ce,True,True,0,0,False
revised,eurlex,http://data.europa.eu/eli/dir/2014/26/art_2/oj,lookup,3,True,5,5,5,q_2e8901ca5f78f61429d6c3aa,True,True,0,0,False
revised,un,2004/s/2004/505#15,lookup,3,True,5,4.333333333333333,5,q_da715a659bfce73c437d2737,True,True,0,0.666666666666667,True
original,un,2004/s/2004/505#15,lookup,3,True,5,4.333333333333333,5,q_ced0e9c6b98da98787f044f4,True,True,0,0.666666666666667,True
simple,un,2004/s/2004/505#15,lookup,3,True,5,4.333333333333333,5,q_371ab9efe4baaa62552ccfb8,True,True,0,0.666666666666667,True
original,un,2004/s/2004/505#15,practitioner,2,True,5,4.5,4,q_02c35f2dbd505a5f5b966e6b,True,False,1,-0.5,True
simple,un,2004/s/2004/505#15,practitioner,3,True,5,4.666666666666667,5,q_0ae236ba3864df4869d17c1d,True,True,0,0.33333333333333304,True
revised,un,2004/s/2004/505#15,practitioner,3,True,5,4.333333333333333,5,q_bf2e606ff1b64368aa01ab97,True,True,0,0.666666666666667,True
revised,un,2004/s/2004/505#15,semantic,3,True,5,3.6666666666666665,5,q_617b2f226332ec694fed03ce,True,True,0,1.3333333333333335,True
simple,un,2004/s/2004/505#15,semantic,3,True,3,2.6666666666666665,3,q_4a8b5a2c3a22b0c5950b740f,False,True,0,0.3333333333333335,True
original,un,2004/s/2004/505#15,semantic,2,True,5,5,5,q_56302d6971fab93560b3b34a,True,True,0,0,False
simple,un,1999/cedaw/c/sr_434#16,lookup,3,True,5,4,5,q_e6fd470d7e376eca452ad2fd,True,True,0,1,True
original,un,1999/cedaw/c/sr_434#16,lookup,3,True,4,3.6666666666666665,4,q_e6cd8729927170dd414ffeb5,True,True,0,0.3333333333333335,True
revised,un,1999/cedaw/c/sr_434#16,lookup,3,True,5,4.333333333333333,4,q_ce283ea014034052949f235d,True,False,1,-0.33333333333333304,True
revised,un,1999/cedaw/c/sr_434#16,practitioner,3,True,5,4,3,q_8872f79fa6d20b73a018c942,False,False,2,-1,True
original,un,1999/cedaw/c/sr_434#16,practitioner,2,True,3,3,3,q_b738cdc8418f9b9cc0ce0d69,False,True,0,0,False
simple,un,1999/cedaw/c/sr_434#16,practitioner,3,True,5,3.6666666666666665,5,q_41e143e2041fbbae687bcae7,True,True,0,1.3333333333333335,True
revised,un,1999/cedaw/c/sr_434#16,semantic,3,True,5,4.666666666666667,5,q_7c013132fc7609360ef2891a,True,True,0,0.33333333333333304,True
original,un,1999/cedaw/c/sr_434#16,semantic,1,True,4,4,4,q_50a1d638dd80bdc4dc0ec5ee,True,True,0,0,False
simple,un,1999/cedaw/c/sr_434#16,semantic,3,True,5,5,5,q_cd056c9319ed38482bbf2f2b,True,True,0,0,False
simple,un,2001/cd/pv_880#1,lookup,3,True,5,4.333333333333333,5,q_596fa0a4e6170290067dfbd3,True,True,0,0.666666666666667,True
original,un,2001/cd/pv_880#1,lookup,2,True,4,3.5,3,q_219a27d08001af886fffb6d6,False,False,1,-0.5,True
revised,un,2001/cd/pv_880#1,lookup,3,True,4,4,4,q_51d46c39e81b25e0dec97666,True,True,0,0,False
revised,un,2001/cd/pv_880#1,practitioner,3,False,3,3,3,q_c5b93bb9a701bee88047c9f9,False,True,0,0,False
simple,un,2001/cd/pv_880#1,practitioner,3,False,5,3.6666666666666665,3,q_ae846030e2f2b93f6b1e2930,False,False,2,-0.6666666666666665,True
original,un,2001/cd/pv_880#1,semantic,2,True,4,4,4,q_f87a08d5485203df648806d5,True,True,0,0,False
revised,un,2001/cd/pv_880#1,semantic,3,True,5,3.6666666666666665,5,q_476332cd554c04586f7c9e5b,True,True,0,1.3333333333333335,True
simple,un,2001/cd/pv_880#1,semantic,3,True,3,3,3,q_583a28010d49b3272631175a,False,True,0,0,False
simple,un,1998/gc_7/c_1/sr_5#16,lookup,3,True,5,5,5,q_25d8a3c501e0a63481b80c76,True,True,0,0,False
original,un,1998/gc_7/c_1/sr_5#16,lookup,3,True,5,4,5,q_32ea4576954ea987a48a6c65,True,True,0,1,True
revised,un,1998/gc_7/c_1/sr_5#16,lookup,3,True,5,5,5,q_58b9e3303d2f344fe969cc02,True,True,0,0,False
simple,un,1998/gc_7/c_1/sr_5#16,practitioner,3,True,5,4,3,q_76049019c4840944d782ad0f,False,False,2,-1,True
revised,un,1998/gc_7/c_1/sr_5#16,practitioner,3,True,5,5,5,q_b576953f96b7ec0e58af84fb,True,True,0,0,False
original,un,1998/gc_7/c_1/sr_5#16,practitioner,3,True,5,5,5,q_36616a51449ebb10fa7dcf52,True,True,0,0,False
simple,un,1998/gc_7/c_1/sr_5#16,semantic,3,True,5,3.6666666666666665,3,q_e9c719b3c09c4fc1354bf11e,False,False,2,-0.6666666666666665,True
original,un,1998/gc_7/c_1/sr_5#16,semantic,2,True,5,5,5,q_022ff60261a4c489eaed7dbd,True,True,0,0,False
revised,un,1998/gc_7/c_1/sr_5#16,semantic,3,True,5,4,5,q_c651f126c1810ee3f5048268,True,True,0,1,True
simple,un,2006/a/c_5/60/sr_64#14,lookup,3,True,5,4.666666666666667,4,q_76aad631e8fb4a198457c017,True,False,1,-0.666666666666667,True
original,un,2006/a/c_5/60/sr_64#14,lookup,3,True,5,5,5,q_31a099bdb2a48534806e2a16,True,True,0,0,False
revised,un,2006/a/c_5/60/sr_64#14,lookup,3,True,5,5,5,q_391fc1898689beff7e357374,True,True,0,0,False
original,un,2006/a/c_5/60/sr_64#14,practitioner,3,True,5,4,4,q_f817a2d4662c2d732310a6da,True,False,1,0,True
simple,un,2006/a/c_5/60/sr_64#14,practitioner,3,True,5,5,5,q_32472690f5375a40bc7f3e98,True,True,0,0,False
revised,un,2006/a/c_5/60/sr_64#14,practitioner,3,True,5,4.333333333333333,4,q_ab240f70eefd73b14aed0516,True,False,1,-0.33333333333333304,True
revised,un,2006/a/c_5/60/sr_64#14,semantic,3,True,5,4.333333333333333,5,q_44dee6b52144b963f514672f,True,True,0,0.666666666666667,True
simple,un,2006/a/c_5/60/sr_64#14,semantic,3,True,5,4.666666666666667,4,q_9f9961b21ac54f2ac6d72c51,True,False,1,-0.666666666666667,True
original,un,2006/a/c_5/60/sr_64#14,semantic,3,True,5,4.666666666666667,4,q_516f2fcfce4a2ed35aafb2c4,True,False,1,-0.666666666666667,True
simple,un,2005/a/res/60/47#0,lookup,3,False,5,5,5,q_af2ce560e189d19925a4e6fd,True,True,0,0,False
revised,un,2005/a/res/60/47#0,lookup,3,False,5,5,5,q_a75625d4ef17211f8948ad9c,True,True,0,0,False
simple,un,2005/a/res/60/47#0,practitioner,3,False,5,4.333333333333333,3,q_836adfa3ddb1f56302ab73d7,False,False,2,-1.333333333333333,True
revised,un,2005/a/res/60/47#0,practitioner,3,False,5,5,5,q_7fbef1a6930c44bc65efade8,True,True,0,0,False
revised,un,2005/a/res/60/47#0,semantic,3,False,5,5,5,q_599434d433f49e41f5a73adc,True,True,0,0,False
simple,un,2005/a/res/60/47#0,semantic,2,False,5,5,5,q_bc4a2763d26f966dbb04425b,True,True,0,0,False
original,un,2013/a/res/68/143#7,lookup,1,True,5,5,5,q_bdc8d8981ff76ecdc8d91240,True,True,0,0,False
simple,un,2013/a/res/68/143#7,lookup,3,True,5,5,5,q_538a50a85a75302aea56bd91,True,True,0,0,False
revised,un,2013/a/res/68/143#7,lookup,3,True,5,5,5,q_0b2933119452542dc91072ac,True,True,0,0,False
revised,un,2013/a/res/68/143#7,practitioner,3,True,5,4,4,q_f1d7268655bba69ca81520fe,True,False,1,0,True
simple,un,2013/a/res/68/143#7,practitioner,3,True,4,3.3333333333333335,3,q_b3ea5267ea1c7e9940af65d0,False,False,1,-0.3333333333333335,True
original,un,2013/a/res/68/143#7,practitioner,1,True,5,5,5,q_ed568f33b5144ae550dacea0,True,True,0,0,False
revised,un,2013/a/res/68/143#7,semantic,2,True,4,4,4,q_4b928e31f448ce0a6ed341f0,True,True,0,0,False
original,un,2013/a/res/68/143#7,semantic,3,True,5,4.333333333333333,4,q_76ced922b99c56edadd9349e,True,False,1,-0.33333333333333304,True
simple,un,2013/a/res/68/143#7,semantic,2,True,4,4,4,q_2133a620386d00df544987ec,True,True,0,0,False
original,un,2007/a/res/62/137#12,lookup,1,True,5,5,5,q_01aec55607b5106b2c10b347,True,True,0,0,False
simple,un,2007/a/res/62/137#12,lookup,2,True,5,5,5,q_4b5444ff080e334d109e8544,True,True,0,0,False
revised,un,2007/a/res/62/137#12,lookup,2,True,4,4,4,q_a30af3aaff413326b6908797,True,True,0,0,False
simple,un,2007/a/res/62/137#12,practitioner,2,True,4,4,4,q_776b4df8a7ef36b590dd377b,True,True,0,0,False
original,un,2007/a/res/62/137#12,practitioner,2,True,3,3,3,q_d404cfeb3b3756e1d7cf90e5,False,True,0,0,False
revised,un,2007/a/res/62/137#12,practitioner,2,True,5,4,3,q_a393585afd4aaf7245746f35,False,False,2,-1,True
original,un,2007/a/res/62/137#12,semantic,1,True,3,3,3,q_e4c685b129e18151e5fdd5bf,False,True,0,0,False
revised,un,2007/a/res/62/137#12,semantic,2,True,5,4.5,5,q_b544d3b75fe4fecd48930715,True,True,0,0.5,True
simple,un,2007/a/res/62/137#12,semantic,3,True,5,4.333333333333333,4,q_dfacf32aeffe5826fca43837,True,False,1,-0.33333333333333304,True
simple,un,2013/a/res/68/18#1,lookup,3,True,4,4,4,q_808d4c05764f87707686060b,True,True,0,0,False
original,un,2013/a/res/68/18#1,lookup,3,True,5,4.333333333333333,5,q_3e2cd2922c05731d51a38b31,True,True,0,0.666666666666667,True
revised,un,2013/a/res/68/18#1,lookup,3,True,5,4.666666666666667,5,q_53fce1c254f1e6be1f3f5809,True,True,0,0.33333333333333304,True
revised,un,2013/a/res/68/18#1,practitioner,3,True,5,3.6666666666666665,3,q_c123efcc9c03303cfdeb94b2,False,False,2,-0.6666666666666665,True
simple,un,2013/a/res/68/18#1,practitioner,3,True,4,3.3333333333333335,4,q_9891faf8bd7ac9bff4be206c,True,True,0,0.6666666666666665,True
original,un,2013/a/res/68/18#1,practitioner,2,True,4,4,4,q_7f0a66b92f6e73beedb29c5a,True,True,0,0,False
simple,un,2013/a/res/68/18#1,semantic,3,True,4,3.3333333333333335,3,q_12ba1f69f7fbe3ada6803801,False,False,1,-0.3333333333333335,True
revised,un,2013/a/res/68/18#1,semantic,3,True,5,4.666666666666667,4,q_b17c6f9879a5e20325c0495a,True,False,1,-0.666666666666667,True
original,un,2013/a/res/68/18#1,semantic,3,True,5,3.6666666666666665,5,q_081d63b23563f22cb839c941,True,True,0,1.3333333333333335,True
original,un,2014/s/res/2140__2014_#13,lookup,3,True,4,4,4,q_b47950ecc34384e0c86469c9,True,True,0,0,False
simple,un,2014/s/res/2140__2014_#13,lookup,3,True,5,4.666666666666667,5,q_b95b68d40826813f64c22412,True,True,0,0.33333333333333304,True
revised,un,2014/s/res/2140__2014_#13,lookup,3,True,5,4.333333333333333,5,q_4238cba934a8d5e38297cd4b,True,True,0,0.666666666666667,True
simple,un,2014/s/res/2140__2014_#13,practitioner,3,True,5,4.666666666666667,5,q_dda4db6efd022e10ed09390e,True,True,0,0.33333333333333304,True
revised,un,2014/s/res/2140__2014_#13,practitioner,3,True,5,5,5,q_b1f0c944dfdff3b9e750d012,True,True,0,0,False
original,un,2014/s/res/2140__2014_#13,practitioner,3,True,5,4.333333333333333,4,q_be8d07e0fec7ea0e56e14eb5,True,False,1,-0.33333333333333304,True
original,un,2014/s/res/2140__2014_#13,semantic,3,True,5,4.666666666666667,5,q_29c05f90a3315dd87d568c46,True,True,0,0.33333333333333304,True
simple,un,2014/s/res/2140__2014_#13,semantic,3,True,5,4.666666666666667,4,q_7dd38337e838db8d34aba50c,True,False,1,-0.666666666666667,True
revised,un,2014/s/res/2140__2014_#13,semantic,3,True,5,4.333333333333333,3,q_811abf42c74f0854fec44c8e,False,False,2,-1.333333333333333,True
simple,un,2012/s/2012/718#7,lookup,3,True,4,3.3333333333333335,4,q_78c1c1eae96d5ab559341bb9,True,True,0,0.6666666666666665,True
revised,un,2012/s/2012/718#7,lookup,3,True,5,4.666666666666667,5,q_aa93aabeec34c1dbacee9c6e,True,True,0,0.33333333333333304,True
original,un,2012/s/2012/718#7,lookup,1,True,4,4,4,q_a9439b12f8362d949b1dc909,True,True,0,0,False
simple,un,2012/s/2012/718#7,practitioner,3,True,5,3.3333333333333335,5,q_002f5dc37c2a4b084e8a6bf8,True,True,0,1.6666666666666665,True
revised,un,2012/s/2012/718#7,practitioner,3,True,3,2.3333333333333335,2,q_631509afc7e771294e3ab73b,False,False,1,-0.3333333333333335,True
original,un,2012/s/2012/718#7,practitioner,3,True,5,4,3,q_24486705845a0d5092d555f0,False,False,2,-1,True
original,un,2012/s/2012/718#7,semantic,3,True,4,3.6666666666666665,4,q_3aeadc20cdeec283be3e6af8,True,True,0,0.3333333333333335,True
revised,un,2012/s/2012/718#7,semantic,3,True,5,4,4,q_e4fbc613ce29cbcb458e4bcc,True,False,1,0,True
simple,un,2012/s/2012/718#7,semantic,3,True,5,3.3333333333333335,5,q_2e093038de92cc2381170fd9,True,True,0,1.6666666666666665,True
original,un,2007/cedaw/c/sr_770_b_#18,lookup,3,True,5,4.666666666666667,5,q_41113f9be1acd97d5514432f,True,True,0,0.33333333333333304,True
revised,un,2007/cedaw/c/sr_770_b_#18,lookup,3,True,4,4,4,q_d44a7c741e5509c7fc45d8a7,True,True,0,0,False
simple,un,2007/cedaw/c/sr_770_b_#18,lookup,3,True,5,4.666666666666667,5,q_fc8391ec3f1cd01b9591942a,True,True,0,0.33333333333333304,True
simple,un,2007/cedaw/c/sr_770_b_#18,practitioner,3,True,5,4.333333333333333,5,q_55e358d8248e45e6457a7374,True,True,0,0.666666666666667,True
revised,un,2007/cedaw/c/sr_770_b_#18,practitioner,3,True,5,4.333333333333333,5,q_54306ae191ccb16c9a82ecd1,True,True,0,0.666666666666667,True
original,un,2007/cedaw/c/sr_770_b_#18,practitioner,3,True,4,3.6666666666666665,4,q_64cd9c076ecf03a19fa6ff0b,True,True,0,0.3333333333333335,True
original,un,2007/cedaw/c/sr_770_b_#18,semantic,3,True,5,4,5,q_f4a009139187a8be11fa54a6,True,True,0,1,True
revised,un,2007/cedaw/c/sr_770_b_#18,semantic,3,True,4,4,4,q_8f0dc54d15e54582b06421d3,True,True,0,0,False
simple,un,2007/cedaw/c/sr_770_b_#18,semantic,2,True,5,5,5,q_dd8ca0fc0f47f5ded3b9e2ea,True,True,0,0,False
revised,un,2006/cedaw/c/sr_724#18,lookup,3,True,5,4.333333333333333,5,q_c408e10569e991a81330e93c,True,True,0,0.666666666666667,True
simple,un,2006/cedaw/c/sr_724#18,lookup,3,True,4,3,4,q_5cfa02b628a625970ab5daa3,True,True,0,1,True
original,un,2006/cedaw/c/sr_724#18,lookup,1,True,4,4,4,q_67a2f32946b0877bd7c8d982,True,True,0,0,False
revised,un,2006/cedaw/c/sr_724#18,practitioner,3,True,4,3.3333333333333335,3,q_9f7ee36ea0a9318fcf44813c,False,False,1,-0.3333333333333335,True
simple,un,2006/cedaw/c/sr_724#18,practitioner,3,True,5,5,5,q_66d4d4dd48adde10ddd265c2,True,True,0,0,False
original,un,2006/cedaw/c/sr_724#18,practitioner,1,True,5,5,5,q_ff9deb141b1de15adc4f886d,True,True,0,0,False
simple,un,2006/cedaw/c/sr_724#18,semantic,3,False,5,4.333333333333333,3,q_3a4b98d96d4a6cd0b6cbbd90,False,False,2,-1.333333333333333,True
revised,un,2006/cedaw/c/sr_724#18,semantic,3,False,5,3.6666666666666665,3,q_2ffeffa1388021c9d7798473,False,False,2,-0.6666666666666665,True
simple,un,2010/ccpr/c/sr_2695#25,lookup,2,True,5,5,5,q_1b08c1cdb1b3348dcbbf6f10,True,True,0,0,False
revised,un,2010/ccpr/c/sr_2695#25,lookup,3,True,5,5,5,q_efd39cb39e56c6e49e3e3995,True,True,0,0,False
original,un,2010/ccpr/c/sr_2695#25,lookup,2,True,4,4,4,q_ac123703e355ef5b76358d4f,True,True,0,0,False
simple,un,2010/ccpr/c/sr_2695#25,practitioner,2,True,5,5,5,q_8f239ae1e75ee37c22d23ac5,True,True,0,0,False
original,un,2010/ccpr/c/sr_2695#25,practitioner,2,True,4,4,4,q_a1239c01971b70bd5c6a4488,True,True,0,0,False
revised,un,2010/ccpr/c/sr_2695#25,practitioner,2,True,4,4,4,q_2c58cbf432f8c1a05c9dc70d,True,True,0,0,False
revised,un,2010/ccpr/c/sr_2695#25,semantic,3,True,4,3.6666666666666665,4,q_0d94a68f4a13f93a7fe4f9bf,True,True,0,0.3333333333333335,True
simple,un,2010/ccpr/c/sr_2695#25,semantic,3,True,4,3,4,q_3a17cae90c7e119fb168070c,True,True,0,1,True
original,un,2010/ccpr/c/sr_2695#25,semantic,1,True,4,4,4,q_cc3d5f5bc50231474f41453b,True,True,0,0,False
simple,un,2000/cd/pv_841#11,lookup,3,True,5,4.666666666666667,5,q_c73b641385bc5e54244399c7,True,True,0,0.33333333333333304,True
revised,un,2000/cd/pv_841#11,lookup,3,True,5,5,5,q_dd0b60cf6933a5a9772dc8f5,True,True,0,0,False
original,un,2000/cd/pv_841#11,lookup,2,True,4,4,4,q_6162e4dfb23d87d3a7cc6d20,True,True,0,0,False
original,un,2000/cd/pv_841#11,practitioner,2,True,5,4,5,q_2daf7c750ce7d62d29109d8a,True,True,0,1,True
simple,un,2000/cd/pv_841#11,practitioner,2,True,5,4.5,5,q_23d7c724458294a138200919,True,True,0,0.5,True
revised,un,2000/cd/pv_841#11,practitioner,3,True,5,3.6666666666666665,3,q_cf34fcd3b4fa68677bb8011b,False,False,2,-0.6666666666666665,True
original,un,2000/cd/pv_841#11,semantic,2,True,5,4.5,5,q_2eee48df73dc3e351ecc903f,True,True,0,0.5,True
simple,un,2000/cd/pv_841#11,semantic,2,True,5,4,5,q_63fb2a577b5a92b6ef303f3b,True,True,0,1,True
revised,un,2000/cd/pv_841#11,semantic,3,True,4,3.3333333333333335,4,q_4ee83b46623b37d25a8aa8ab,True,True,0,0.6666666666666665,True
original,un,2005/a/res/60/226#3,lookup,3,True,5,5,5,q_e94aea5bdde94803bff18088,True,True,0,0,False
simple,un,2005/a/res/60/226#3,lookup,2,True,5,5,5,q_fc5fcc95ef68c60c19bf3123,True,True,0,0,False
revised,un,2005/a/res/60/226#3,lookup,3,True,5,5,5,q_c61f07357e321c3d1312c36e,True,True,0,0,False
simple,un,2005/a/res/60/226#3,practitioner,2,True,3,3,3,q_8873839e9a9c93a7dcf3c3cc,False,True,0,0,False
original,un,2005/a/res/60/226#3,practitioner,3,True,5,4,3,q_ca6a7d5e9a9d5d18317909e8,False,False,2,-1,True
revised,un,2005/a/res/60/226#3,practitioner,3,True,5,3.3333333333333335,5,q_43b53aa4d27bd71cc4c34568,True,True,0,1.6666666666666665,True
original,un,2005/a/res/60/226#3,semantic,2,True,5,4,5,q_66c759c753e3e31184dd1668,True,True,0,1,True
revised,un,2005/a/res/60/226#3,semantic,2,True,4,3.5,4,q_2121cd9afe124724a0b738f7,True,True,0,0.5,True
simple,un,2005/a/res/60/226#3,semantic,2,True,4,3.5,3,q_963024ad8fe44080e5e54097,False,False,1,-0.5,True
simple,un,2003/a/res/58/298#4,lookup,3,True,4,3.3333333333333335,4,q_71bbf028644cea06dd60b599,True,True,0,0.6666666666666665,True
revised,un,2003/a/res/58/298#4,lookup,3,True,5,4,4,q_925416225dd38f8d2119f481,True,False,1,0,True
original,un,2003/a/res/58/298#4,lookup,3,True,4,3.6666666666666665,4,q_d8761bdfea847b45f89d8c0a,True,True,0,0.3333333333333335,True
simple,un,2003/a/res/58/298#4,practitioner,3,True,5,3.6666666666666665,5,q_e000b0ac0ee9360558b7c29c,True,True,0,1.3333333333333335,True
revised,un,2003/a/res/58/298#4,practitioner,3,True,5,4.333333333333333,5,q_dd8659831246f1fe718bf642,True,True,0,0.666666666666667,True
original,un,2003/a/res/58/298#4,practitioner,3,True,5,4.666666666666667,5,q_2abb3a8f83269924d9040526,True,True,0,0.33333333333333304,True
original,un,2003/a/res/58/298#4,semantic,2,True,5,4.5,5,q_d7ae7c3cd323a40daa6a1a20,True,True,0,0.5,True
revised,un,2003/a/res/58/298#4,semantic,3,True,5,4.666666666666667,5,q_bd30cb6c4ad82739943be5ef,True,True,0,0.33333333333333304,True
simple,un,2003/a/res/58/298#4,semantic,3,True,5,4.666666666666667,5,q_1f3a5634ba955246c00dad09,True,True,0,0.33333333333333304,True
simple,un,2013/a/res/67/145#7,lookup,3,False,5,4.333333333333333,4,q_b2846e7c9efcc569c58aec9e,True,False,1,-0.33333333333333304,True
revised,un,2013/a/res/67/145#7,lookup,3,False,5,4,4,q_61c9ad9aac97d79ffa4f01e7,True,False,1,0,True
revised,un,2013/a/res/67/145#7,practitioner,3,False,5,4.666666666666667,5,q_d8c5871ca7b57aab8216e69a,True,True,0,0.33333333333333304,True
simple,un,2013/a/res/67/145#7,practitioner,3,False,4,3,3,q_b84aae135f57b05d713e8588,False,False,1,0,True
original,un,2013/a/res/67/145#7,semantic,2,True,4,4,4,q_84fa2552f728199e55b7d522,True,True,0,0,False
revised,un,2013/a/res/67/145#7,semantic,3,True,5,5,5,q_ac4c4215963944812559c9e1,True,True,0,0,False
simple,un,2013/a/res/67/145#7,semantic,3,True,5,3.6666666666666665,5,q_8a622d1f90a933f13e41d540,True,True,0,1.3333333333333335,True
revised,un,2013/a/res/67/199#12,lookup,3,False,5,5,5,q_7b0174ae24ea8a6ffbff0eeb,True,True,0,0,False
simple,un,2013/a/res/67/199#12,lookup,3,False,4,3.3333333333333335,4,q_ad3780d0aeaca4f9d3a24312,True,True,0,0.6666666666666665,True
revised,un,2013/a/res/67/199#12,practitioner,3,False,5,5,5,q_d7a8c0c665aa6823890d6149,True,True,0,0,False
simple,un,2013/a/res/67/199#12,practitioner,3,False,4,3,4,q_d286f3fc777042d1565d8d47,True,True,0,1,True
revised,un,2013/a/res/67/199#12,semantic,3,True,5,4.666666666666667,4,q_fa89f15ebd637b6f184d3b29,True,False,1,-0.666666666666667,True
original,un,2013/a/res/67/199#12,semantic,2,True,4,4,4,q_8102f52ba1dd46ff0620d654,True,True,0,0,False
simple,un,2013/a/res/67/199#12,semantic,3,True,4,3.3333333333333335,4,q_d754958d7b119c6cdeb26b2a,True,True,0,0.6666666666666665,True
revised,un,2004/s/res/1565_2004_#11,lookup,3,True,5,4.333333333333333,3,q_3bc8676203bdd4a85620c7ff,False,False,2,-1.333333333333333,True
simple,un,2004/s/res/1565_2004_#11,lookup,2,True,4,3.5,4,q_2726a73b9ea8b94a418a70ba,True,True,0,0.5,True
original,un,2004/s/res/1565_2004_#11,lookup,3,True,5,4.666666666666667,5,q_d10839b6cd9684ae9f8e3ded,True,True,0,0.33333333333333304,True
revised,un,2004/s/res/1565_2004_#11,practitioner,2,True,5,4,5,q_62f6c0aae080fea2dad95b4f,True,True,0,1,True
simple,un,2004/s/res/1565_2004_#11,practitioner,2,True,5,5,5,q_465d597e8fe9d2720448da4d,True,True,0,0,False
original,un,2004/s/res/1565_2004_#11,practitioner,3,True,5,4.333333333333333,5,q_4209e99990283d0d8518f4f2,True,True,0,0.666666666666667,True
revised,un,2004/s/res/1565_2004_#11,semantic,2,True,5,5,5,q_d70a6a4be04d688ca7b8977c,True,True,0,0,False
simple,un,2004/s/res/1565_2004_#11,semantic,2,True,5,4,3,q_d26913fe97b2145ce7f0ebde,False,False,2,-1,True
original,un,2004/s/res/1565_2004_#11,semantic,2,True,5,5,5,q_f7adce56a22a9efe6adbc44d,True,True,0,0,False
