subset,mode,attempted,eligible,completed_eligible,scored,generated_candidates,no_candidates,mean_best_score,mean_best_faithfulness,mean_best_quality,mean_utility_zero_for_no_candidate,mean_audit_clear_utility,oracle_wins_including_ties,best_candidate_blocking,audit_clear_targets
un_all,lookup,50,50,50,50,147,0,34.66,14.72,19.94,34.66,34.52,28,0,50
un_all,practitioner,50,50,50,50,144,0,32.98,14.44,18.54,32.98,19.58,12,10,29
un_all,semantic,50,50,50,50,140,0,34.12,14.64,19.48,34.12,29.52,19,4,43
un_without_meetings,lookup,30,30,30,30,88,0,34.833333333333336,14.766666666666667,20.066666666666666,34.833333333333336,34.766666666666666,19,0,30
un_without_meetings,practitioner,30,30,30,30,86,0,33.166666666666664,14.4,18.766666666666666,33.166666666666664,19.4,9,7,17
un_without_meetings,semantic,30,30,30,30,82,0,34.1,14.666666666666666,19.433333333333334,34.1,30.866666666666667,10,3,27
un_meetings_only,lookup,20,20,20,20,59,0,34.4,14.65,19.75,34.4,34.15,9,0,20
un_meetings_only,practitioner,20,20,20,20,58,0,32.7,14.5,18.2,32.7,19.85,3,3,12
un_meetings_only,semantic,20,20,20,20,58,0,34.15,14.6,19.55,34.15,27.5,9,1,16
eurlex_all,fact_pattern,50,50,50,38,102,12,35.026315789473685,14.81578947368421,20.210526315789473,26.62,24.06,11,3,34
eurlex_all,lookup,50,50,50,39,115,11,36.84615384615385,14.974358974358974,21.871794871794872,28.74,28.06,32,1,38
