subset,backend,mode,count,n,percent
un_all,generator,lookup,22,50,44.0
un_all,generator,practitioner,25,50,50.0
un_all,generator,semantic,3,50,6.0
un_all,generator,skip,0,50,0.0
un_all,generator,error,0,50,0.0
un_all,jev,lookup,0,50,0.0
un_all,jev,practitioner,44,50,88.0
un_all,jev,semantic,6,50,12.0
un_all,jev,skip,0,50,0.0
un_all,jev,error,0,50,0.0
un_without_meetings,generator,lookup,15,30,50.0
un_without_meetings,generator,practitioner,15,30,50.0
un_without_meetings,generator,semantic,0,30,0.0
un_without_meetings,generator,skip,0,30,0.0
un_without_meetings,generator,error,0,30,0.0
un_without_meetings,jev,lookup,0,30,0.0
un_without_meetings,jev,practitioner,28,30,93.33333333333333
un_without_meetings,jev,semantic,2,30,6.666666666666667
un_without_meetings,jev,skip,0,30,0.0
un_without_meetings,jev,error,0,30,0.0
un_meetings_only,generator,lookup,7,20,35.0
un_meetings_only,generator,practitioner,10,20,50.0
un_meetings_only,generator,semantic,3,20,15.0
un_meetings_only,generator,skip,0,20,0.0
un_meetings_only,generator,error,0,20,0.0
un_meetings_only,jev,lookup,0,20,0.0
un_meetings_only,jev,practitioner,16,20,80.0
un_meetings_only,jev,semantic,4,20,20.0
un_meetings_only,jev,skip,0,20,0.0
un_meetings_only,jev,error,0,20,0.0
eurlex_all,generator,fact_pattern,38,50,76.0
eurlex_all,generator,lookup,1,50,2.0
eurlex_all,generator,skip,11,50,22.0
eurlex_all,generator,error,0,50,0.0
eurlex_all,jev,fact_pattern,18,50,36.0
eurlex_all,jev,lookup,22,50,44.0
eurlex_all,jev,skip,10,50,20.0
eurlex_all,jev,error,0,50,0.0
