verifier,corpus,mode,document_mode_count,document_count,yes_count,observed_viable_mode_count,candidate_count,passing_candidate_count,ungraded_candidate_count,tp,fp,fn,tn,precision,recall,no_count,selected_scored_mode_count,mean_best_total_40_selected,rejected_scored_mode_count,mean_best_total_40_rejected,baseline_selected_scored_mode_count,baseline_mean_best_total_40_selected,baseline_rejected_scored_mode_count,baseline_mean_best_total_40_rejected,baseline_selected_count,baseline_tp,baseline_fp,baseline_fn,baseline_tn,baseline_precision,baseline_recall
verifier 1,all,all,300,50,271,239,440,317,0,228,43,11,18,0.8413284132841329,0.9539748953974896,29,268,36.96641791044776,22,33.40909090909091,48,38.333333333333336,242,36.37190082644628,48,41,7,198,54,0.8541666666666666,0.17154811715481172
verifier 1,eurlex,all,150,25,131,121,198,156,0,115,16,6,13,0.8778625954198473,0.9504132231404959,19,129,36.91472868217054,12,34.5,23,39.17391304347826,118,36.228813559322035,23,22,1,99,28,0.9565217391304348,0.18181818181818182
verifier 1,eurlex,fact_pattern,25,25,23,15,43,24,0,15,8,0,2,0.6521739130434783,1.0,2,23,34.65217391304348,1,31.0,0,,24,34.5,0,0,0,15,10,,0.0
verifier 1,eurlex,lookup,25,25,23,22,50,42,0,22,1,0,2,0.9565217391304348,1.0,2,23,39.21739130434783,0,,22,39.18181818181818,1,40.0,22,21,1,1,2,0.9545454545454546,0.9545454545454546
verifier 1,eurlex,conceptual,25,25,24,20,29,22,0,20,4,0,1,0.8333333333333334,1.0,1,22,35.81818181818182,0,,0,,22,35.81818181818182,0,0,0,20,5,,0.0
verifier 1,eurlex,comparison,25,25,14,18,24,18,0,13,1,5,6,0.9285714285714286,0.7222222222222222,11,14,37.57142857142857,10,34.3,1,39.0,23,36.08695652173913,1,1,0,17,7,1.0,0.05555555555555555
verifier 1,eurlex,claim_verification,25,25,24,22,28,26,0,22,2,0,1,0.9166666666666666,1.0,1,24,36.583333333333336,0,,0,,24,36.583333333333336,0,0,0,22,3,,0.0
verifier 1,eurlex,source_finding,25,25,23,24,24,24,0,23,0,1,1,1.0,0.9583333333333334,2,23,37.869565217391305,1,40.0,0,,24,37.958333333333336,0,0,0,24,1,,0.0
verifier 1,un,all,150,25,140,118,242,161,0,113,27,5,5,0.8071428571428572,0.9576271186440678,10,139,37.014388489208635,10,32.1,25,37.56,124,36.50806451612903,25,19,6,99,26,0.76,0.16101694915254236
verifier 1,un,lookup,25,25,25,24,58,41,0,24,1,0,0,0.96,1.0,0,25,38.2,0,,6,39.166666666666664,19,37.89473684210526,6,6,0,18,1,1.0,0.25
verifier 1,un,practitioner,25,25,25,18,55,29,0,18,7,0,0,0.72,1.0,0,25,36.12,0,,1,33.0,24,36.25,1,0,1,18,6,0.0,0.0
verifier 1,un,conceptual,25,25,25,19,41,25,0,19,6,0,0,0.76,1.0,0,25,37.36,0,,18,37.27777777777778,7,37.57142857142857,18,13,5,6,1,0.7222222222222222,0.6842105263157895
verifier 1,un,comparison,25,25,15,16,24,16,0,11,4,5,5,0.7333333333333333,0.6875,10,14,34.642857142857146,10,32.1,0,,24,33.583333333333336,0,0,0,16,9,,0.0
verifier 1,un,claim_verification,25,25,25,20,37,27,0,20,5,0,0,0.8,1.0,0,25,36.92,0,,0,,25,36.92,0,0,0,20,5,,0.0
verifier 1,un,source_finding,25,25,25,21,27,23,0,21,4,0,0,0.84,1.0,0,25,37.8,0,,0,,25,37.8,0,0,0,21,4,,0.0
verifier 2,all,all,300,50,271,224,440,312,0,207,64,17,12,0.7638376383763837,0.9241071428571429,29,268,39.548507462686565,22,39.18181818181818,48,39.666666666666664,242,39.49173553719008,48,21,27,203,49,0.4375,0.09375
verifier 2,eurlex,all,150,25,131,97,198,122,0,88,43,9,10,0.6717557251908397,0.9072164948453608,19,129,39.48837209302326,12,39.083333333333336,23,39.73913043478261,118,39.398305084745765,23,2,21,95,32,0.08695652173913043,0.020618556701030927
verifier 2,eurlex,fact_pattern,25,25,23,17,43,32,0,17,6,0,2,0.7391304347826086,1.0,2,23,39.26086956521739,1,34.0,0,,24,39.041666666666664,0,0,0,17,8,,0.0
verifier 2,eurlex,lookup,25,25,23,1,50,2,0,1,22,0,2,0.043478260869565216,1.0,2,23,39.73913043478261,0,,22,39.72727272727273,1,40.0,22,1,21,0,3,0.045454545454545456,1.0
verifier 2,eurlex,conceptual,25,25,24,17,29,23,0,17,7,0,1,0.7083333333333334,1.0,1,22,39.36363636363637,0,,0,,22,39.36363636363637,0,0,0,17,8,,0.0
verifier 2,eurlex,comparison,25,25,14,18,24,18,0,10,4,8,3,0.7142857142857143,0.5555555555555556,11,14,39.142857142857146,10,39.5,1,40.0,23,39.26086956521739,1,1,0,17,7,1.0,0.05555555555555555
verifier 2,eurlex,claim_verification,25,25,24,22,28,25,0,22,2,0,1,0.9166666666666666,1.0,1,24,39.541666666666664,0,,0,,24,39.541666666666664,0,0,0,22,3,,0.0
verifier 2,eurlex,source_finding,25,25,23,22,24,22,0,21,2,1,1,0.9130434782608695,0.9545454545454546,2,23,39.73913043478261,1,40.0,0,,24,39.75,0,0,0,22,3,,0.0
verifier 2,un,all,150,25,140,127,242,190,0,119,21,8,2,0.85,0.937007874015748,10,139,39.60431654676259,10,39.3,25,39.6,124,39.58064516129032,25,19,6,108,17,0.76,0.14960629921259844
verifier 2,un,lookup,25,25,25,22,58,46,0,22,3,0,0,0.88,1.0,0,25,39.84,0,,6,39.666666666666664,19,39.89473684210526,6,5,1,17,2,0.8333333333333334,0.22727272727272727
verifier 2,un,practitioner,25,25,25,20,55,38,0,20,5,0,0,0.8,1.0,0,25,39.4,0,,1,40.0,24,39.375,1,1,0,19,5,1.0,0.05
verifier 2,un,conceptual,25,25,25,18,41,28,0,18,7,0,0,0.72,1.0,0,25,39.56,0,,18,39.55555555555556,7,39.57142857142857,18,13,5,5,2,0.7222222222222222,0.7222222222222222
verifier 2,un,comparison,25,25,15,22,24,22,0,14,1,8,2,0.9333333333333333,0.6363636363636364,10,14,39.5,10,39.3,0,,24,39.416666666666664,0,0,0,22,3,,0.0
verifier 2,un,claim_verification,25,25,25,23,37,32,0,23,2,0,0,0.92,1.0,0,25,39.6,0,,0,,25,39.6,0,0,0,23,2,,0.0
verifier 2,un,source_finding,25,25,25,22,27,24,0,22,3,0,0,0.88,1.0,0,25,39.68,0,,0,,25,39.68,0,0,0,22,3,,0.0
verifier 3,all,all,300,50,271,227,440,305,0,215,56,12,17,0.7933579335793358,0.947136563876652,29,268,37.958955223880594,22,36.13636363636363,48,38.4375,242,37.69834710743802,48,27,21,200,52,0.5625,0.11894273127753303
verifier 3,eurlex,all,150,25,131,105,198,131,0,98,33,7,12,0.7480916030534351,0.9333333333333333,19,129,37.98449612403101,12,36.833333333333336,23,39.43478260869565,118,37.58474576271186,23,8,15,97,30,0.34782608695652173,0.0761904761904762
verifier 3,eurlex,fact_pattern,25,25,23,18,43,32,0,18,5,0,2,0.782608695652174,1.0,2,23,37.21739130434783,1,32.0,0,,24,37.0,0,0,0,18,7,,0.0
verifier 3,eurlex,lookup,25,25,23,8,50,15,0,8,15,0,2,0.34782608695652173,1.0,2,23,39.391304347826086,0,,22,39.40909090909091,1,39.0,22,7,15,1,2,0.3181818181818182,0.875
verifier 3,eurlex,conceptual,25,25,24,19,29,21,0,19,5,0,1,0.7916666666666666,1.0,1,22,37.68181818181818,0,,0,,22,37.68181818181818,0,0,0,19,6,,0.0
verifier 3,eurlex,comparison,25,25,14,15,24,15,0,9,5,6,5,0.6428571428571429,0.6,11,14,36.142857142857146,10,37.4,1,40.0,23,36.52173913043478,1,1,0,14,10,1.0,0.06666666666666667
verifier 3,eurlex,claim_verification,25,25,24,22,28,25,0,22,2,0,1,0.9166666666666666,1.0,1,24,37.875,0,,0,,24,37.875,0,0,0,22,3,,0.0
verifier 3,eurlex,source_finding,25,25,23,23,24,23,0,22,1,1,1,0.9565217391304348,0.9565217391304348,2,23,38.869565217391305,1,36.0,0,,24,38.75,0,0,0,23,2,,0.0
verifier 3,un,all,150,25,140,122,242,174,0,117,23,5,5,0.8357142857142857,0.9590163934426229,10,139,37.935251798561154,10,35.3,25,37.52,124,37.806451612903224,25,19,6,103,22,0.76,0.1557377049180328
verifier 3,un,lookup,25,25,25,22,58,43,0,22,3,0,0,0.88,1.0,0,25,38.88,0,,6,38.833333333333336,19,38.89473684210526,6,5,1,17,2,0.8333333333333334,0.22727272727272727
verifier 3,un,practitioner,25,25,25,21,55,37,0,21,4,0,0,0.84,1.0,0,25,37.36,0,,1,33.0,24,37.541666666666664,1,0,1,21,3,0.0,0.0
verifier 3,un,conceptual,25,25,25,20,41,26,0,20,5,0,0,0.8,1.0,0,25,37.56,0,,18,37.333333333333336,7,38.142857142857146,18,14,4,6,1,0.7777777777777778,0.7
verifier 3,un,comparison,25,25,15,18,24,18,0,13,2,5,5,0.8666666666666667,0.7222222222222222,10,14,36.714285714285715,10,35.3,0,,24,36.125,0,0,0,18,7,,0.0
verifier 3,un,claim_verification,25,25,25,20,37,27,0,20,5,0,0,0.8,1.0,0,25,38.04,0,,0,,25,38.04,0,0,0,20,5,,0.0
verifier 3,un,source_finding,25,25,25,21,27,23,0,21,4,0,0,0.84,1.0,0,25,38.52,0,,0,,25,38.52,0,0,0,21,4,,0.0
verifier 4,all,all,300,50,271,243,440,332,0,230,41,13,16,0.8487084870848709,0.9465020576131687,29,268,38.71268656716418,22,37.22727272727273,48,38.6875,242,38.582644628099175,48,43,5,200,52,0.8958333333333334,0.17695473251028807
verifier 4,eurlex,all,150,25,131,118,198,153,0,111,20,7,12,0.8473282442748091,0.940677966101695,19,129,38.57364341085271,12,37.75,23,39.43478260869565,118,38.32203389830509,23,22,1,96,31,0.9565217391304348,0.1864406779661017
verifier 4,eurlex,fact_pattern,25,25,23,15,43,24,0,15,8,0,2,0.6521739130434783,1.0,2,23,36.0,1,30.0,0,,24,35.75,0,0,0,15,10,,0.0
verifier 4,eurlex,lookup,25,25,23,22,50,41,0,22,1,0,2,0.9565217391304348,1.0,2,23,39.43478260869565,0,,22,39.40909090909091,1,40.0,22,21,1,1,2,0.9545454545454546,0.9545454545454546
verifier 4,eurlex,conceptual,25,25,24,17,29,20,0,17,7,0,1,0.7083333333333334,1.0,1,22,38.31818181818182,0,,0,,22,38.31818181818182,0,0,0,17,8,,0.0
verifier 4,eurlex,comparison,25,25,14,18,24,18,0,12,2,6,5,0.8571428571428571,0.6666666666666666,11,14,39.214285714285715,10,38.3,1,40.0,23,38.78260869565217,1,1,0,17,7,1.0,0.05555555555555555
verifier 4,eurlex,claim_verification,25,25,24,22,28,26,0,22,2,0,1,0.9166666666666666,1.0,1,24,38.791666666666664,0,,0,,24,38.791666666666664,0,0,0,22,3,,0.0
verifier 4,eurlex,source_finding,25,25,23,24,24,24,0,23,0,1,1,1.0,0.9583333333333334,2,23,39.91304347826087,1,40.0,0,,24,39.916666666666664,0,0,0,24,1,,0.0
verifier 4,un,all,150,25,140,125,242,179,0,119,21,6,4,0.85,0.952,10,139,38.84172661870504,10,36.6,25,38.0,124,38.83064516129032,25,21,4,104,21,0.84,0.168
verifier 4,un,lookup,25,25,25,24,58,44,0,24,1,0,0,0.96,1.0,0,25,38.88,0,,6,39.166666666666664,19,38.78947368421053,6,6,0,18,1,1.0,0.25
verifier 4,un,practitioner,25,25,25,20,55,37,0,20,5,0,0,0.8,1.0,0,25,38.08,0,,1,40.0,24,38.0,1,1,0,19,5,1.0,0.05
verifier 4,un,conceptual,25,25,25,20,41,27,0,20,5,0,0,0.8,1.0,0,25,37.8,0,,18,37.5,7,38.57142857142857,18,14,4,6,1,0.7777777777777778,0.7
verifier 4,un,comparison,25,25,15,19,24,19,0,13,2,6,4,0.8666666666666667,0.6842105263157895,10,14,39.642857142857146,10,36.6,0,,24,38.375,0,0,0,19,6,,0.0
verifier 4,un,claim_verification,25,25,25,20,37,28,0,20,5,0,0,0.8,1.0,0,25,39.56,0,,0,,25,39.56,0,0,0,20,5,,0.0
verifier 4,un,source_finding,25,25,25,22,27,24,0,22,3,0,0,0.88,1.0,0,25,39.44,0,,0,,25,39.44,0,0,0,22,3,,0.0
verifier 5,all,all,300,50,271,274,440,408,0,255,16,19,10,0.940959409594096,0.9306569343065694,29,268,39.67537313432836,22,39.27272727272727,48,39.8125,242,39.611570247933884,48,45,3,229,23,0.9375,0.16423357664233576
verifier 5,eurlex,all,150,25,131,133,198,185,0,123,8,10,9,0.9389312977099237,0.924812030075188,19,129,39.65891472868217,12,39.333333333333336,23,40.0,118,39.559322033898304,23,22,1,111,16,0.9565217391304348,0.16541353383458646
verifier 5,eurlex,fact_pattern,25,25,23,21,43,38,0,21,2,0,2,0.9130434782608695,1.0,2,23,39.30434782608695,1,36.0,0,,24,39.166666666666664,0,0,0,21,4,,0.0
verifier 5,eurlex,lookup,25,25,23,22,50,46,0,22,1,0,2,0.9565217391304348,1.0,2,23,40.0,0,,22,40.0,1,40.0,22,21,1,1,2,0.9545454545454546,0.9545454545454546
verifier 5,eurlex,conceptual,25,25,24,20,29,27,0,20,4,0,1,0.8333333333333334,1.0,1,22,39.54545454545455,0,,0,,22,39.54545454545455,0,0,0,20,5,,0.0
verifier 5,eurlex,comparison,25,25,14,22,24,22,0,13,1,9,2,0.9285714285714286,0.5909090909090909,11,14,39.285714285714285,10,39.6,1,40.0,23,39.391304347826086,1,1,0,21,3,1.0,0.045454545454545456
verifier 5,eurlex,claim_verification,25,25,24,24,28,28,0,24,0,0,1,1.0,1.0,1,24,39.708333333333336,0,,0,,24,39.708333333333336,0,0,0,24,1,,0.0
verifier 5,eurlex,source_finding,25,25,23,24,24,24,0,23,0,1,1,1.0,0.9583333333333334,2,23,39.95652173913044,1,40.0,0,,24,39.958333333333336,0,0,0,24,1,,0.0
verifier 5,un,all,150,25,140,141,242,223,0,132,8,9,1,0.9428571428571428,0.9361702127659575,10,139,39.69064748201439,10,39.2,25,39.64,124,39.66129032258065,25,23,2,118,7,0.92,0.16312056737588654
verifier 5,un,lookup,25,25,25,24,58,54,0,24,1,0,0,0.96,1.0,0,25,39.68,0,,6,40.0,19,39.578947368421055,6,6,0,18,1,1.0,0.25
verifier 5,un,practitioner,25,25,25,23,55,47,0,23,2,0,0,0.92,1.0,0,25,39.4,0,,1,40.0,24,39.375,1,1,0,22,2,1.0,0.043478260869565216
verifier 5,un,conceptual,25,25,25,23,41,38,0,23,2,0,0,0.92,1.0,0,25,39.6,0,,18,39.5,7,39.857142857142854,18,16,2,7,0,0.8888888888888888,0.6956521739130435
verifier 5,un,comparison,25,25,15,23,24,23,0,14,1,9,1,0.9333333333333333,0.6086956521739131,10,14,39.857142857142854,10,39.2,0,,24,39.583333333333336,0,0,0,23,2,,0.0
verifier 5,un,claim_verification,25,25,25,24,37,35,0,24,1,0,0,0.96,1.0,0,25,39.84,0,,0,,25,39.84,0,0,0,24,1,,0.0
verifier 5,un,source_finding,25,25,25,24,27,26,0,24,1,0,0,0.96,1.0,0,25,39.84,0,,0,,25,39.84,0,0,0,24,1,,0.0
