corpus,document_id,mode,previous_confidence,previous_pick,probability_yes,response_model,selected,source_payload_sha256,symbol,target_id,threshold
eurlex,32009L0133,fact_pattern,0.73,lookup,0.7,typesafe/jev-1.13-20260917,True,11600b8e5a6593c8845e6deb4e84f15f4bf3f546b2294fa212eae2bbc5e52754,32009L0133,http://data.europa.eu/eli/dir/2009/133/art_4/oj,0.55
eurlex,32009L0133,lookup,0.73,lookup,0.69,typesafe/jev-1.13-20260917,True,11600b8e5a6593c8845e6deb4e84f15f4bf3f546b2294fa212eae2bbc5e52754,32009L0133,http://data.europa.eu/eli/dir/2009/133/art_4/oj,0.55
eurlex,32009L0133,conceptual,0.73,lookup,0.62,typesafe/jev-1.13-20260917,True,11600b8e5a6593c8845e6deb4e84f15f4bf3f546b2294fa212eae2bbc5e52754,32009L0133,http://data.europa.eu/eli/dir/2009/133/art_4/oj,0.55
eurlex,32009L0133,comparison,0.73,lookup,0.35,typesafe/jev-1.13-20260917,False,11600b8e5a6593c8845e6deb4e84f15f4bf3f546b2294fa212eae2bbc5e52754,32009L0133,http://data.europa.eu/eli/dir/2009/133/art_4/oj,0.55
eurlex,32009L0133,claim_verification,0.73,lookup,0.64,typesafe/jev-1.13-20260917,True,11600b8e5a6593c8845e6deb4e84f15f4bf3f546b2294fa212eae2bbc5e52754,32009L0133,http://data.europa.eu/eli/dir/2009/133/art_4/oj,0.55
eurlex,32009L0133,source_finding,0.73,lookup,0.49,typesafe/jev-1.13-20260917,False,11600b8e5a6593c8845e6deb4e84f15f4bf3f546b2294fa212eae2bbc5e52754,32009L0133,http://data.europa.eu/eli/dir/2009/133/art_4/oj,0.55
eurlex,32009L0090,fact_pattern,0.87,lookup,0.58,typesafe/jev-1.13-20260917,True,b952412e9257d5364a027b5c01952b6530d55600d22c7b5d86a0571383cd7506,32009L0090,http://data.europa.eu/eli/dir/2009/90/art_4/oj,0.55
eurlex,32009L0090,lookup,0.87,lookup,0.66,typesafe/jev-1.13-20260917,True,b952412e9257d5364a027b5c01952b6530d55600d22c7b5d86a0571383cd7506,32009L0090,http://data.europa.eu/eli/dir/2009/90/art_4/oj,0.55
eurlex,32009L0090,conceptual,0.87,lookup,0.46,typesafe/jev-1.13-20260917,False,b952412e9257d5364a027b5c01952b6530d55600d22c7b5d86a0571383cd7506,32009L0090,http://data.europa.eu/eli/dir/2009/90/art_4/oj,0.55
eurlex,32009L0090,comparison,0.87,lookup,0.23,typesafe/jev-1.13-20260917,False,b952412e9257d5364a027b5c01952b6530d55600d22c7b5d86a0571383cd7506,32009L0090,http://data.europa.eu/eli/dir/2009/90/art_4/oj,0.55
eurlex,32009L0090,claim_verification,0.87,lookup,0.6,typesafe/jev-1.13-20260917,True,b952412e9257d5364a027b5c01952b6530d55600d22c7b5d86a0571383cd7506,32009L0090,http://data.europa.eu/eli/dir/2009/90/art_4/oj,0.55
eurlex,32009L0090,source_finding,0.87,lookup,0.45,typesafe/jev-1.13-20260917,False,b952412e9257d5364a027b5c01952b6530d55600d22c7b5d86a0571383cd7506,32009L0090,http://data.europa.eu/eli/dir/2009/90/art_4/oj,0.55
eurlex,32010L0035,fact_pattern,0.81,lookup,0.62,typesafe/jev-1.13-20260917,True,2f85cb89db9cc476a16043902f08b755981938f4ba5003efe3cd3cf001971384,32010L0035,http://data.europa.eu/eli/dir/2010/35/art_15/oj,0.55
eurlex,32010L0035,lookup,0.81,lookup,0.66,typesafe/jev-1.13-20260917,True,2f85cb89db9cc476a16043902f08b755981938f4ba5003efe3cd3cf001971384,32010L0035,http://data.europa.eu/eli/dir/2010/35/art_15/oj,0.55
eurlex,32010L0035,conceptual,0.81,lookup,0.47,typesafe/jev-1.13-20260917,False,2f85cb89db9cc476a16043902f08b755981938f4ba5003efe3cd3cf001971384,32010L0035,http://data.europa.eu/eli/dir/2010/35/art_15/oj,0.55
eurlex,32010L0035,comparison,0.81,lookup,0.31,typesafe/jev-1.13-20260917,False,2f85cb89db9cc476a16043902f08b755981938f4ba5003efe3cd3cf001971384,32010L0035,http://data.europa.eu/eli/dir/2010/35/art_15/oj,0.55
eurlex,32010L0035,claim_verification,0.81,lookup,0.6,typesafe/jev-1.13-20260917,True,2f85cb89db9cc476a16043902f08b755981938f4ba5003efe3cd3cf001971384,32010L0035,http://data.europa.eu/eli/dir/2010/35/art_15/oj,0.55
eurlex,32010L0035,source_finding,0.81,lookup,0.44,typesafe/jev-1.13-20260917,False,2f85cb89db9cc476a16043902f08b755981938f4ba5003efe3cd3cf001971384,32010L0035,http://data.europa.eu/eli/dir/2010/35/art_15/oj,0.55
eurlex,32012L0018,fact_pattern,0.67,lookup,0.59,typesafe/jev-1.13-20260917,True,9f864d23262d5bb32b7f64e21c9b7f8c53b59d0e7744cfc4b9079222d2116c95,32012L0018,http://data.europa.eu/eli/dir/2012/18/art_4/oj,0.55
eurlex,32012L0018,lookup,0.67,lookup,0.68,typesafe/jev-1.13-20260917,True,9f864d23262d5bb32b7f64e21c9b7f8c53b59d0e7744cfc4b9079222d2116c95,32012L0018,http://data.europa.eu/eli/dir/2012/18/art_4/oj,0.55
eurlex,32012L0018,conceptual,0.67,lookup,0.65,typesafe/jev-1.13-20260917,True,9f864d23262d5bb32b7f64e21c9b7f8c53b59d0e7744cfc4b9079222d2116c95,32012L0018,http://data.europa.eu/eli/dir/2012/18/art_4/oj,0.55
eurlex,32012L0018,comparison,0.67,lookup,0.23,typesafe/jev-1.13-20260917,False,9f864d23262d5bb32b7f64e21c9b7f8c53b59d0e7744cfc4b9079222d2116c95,32012L0018,http://data.europa.eu/eli/dir/2012/18/art_4/oj,0.55
eurlex,32012L0018,claim_verification,0.67,lookup,0.65,typesafe/jev-1.13-20260917,True,9f864d23262d5bb32b7f64e21c9b7f8c53b59d0e7744cfc4b9079222d2116c95,32012L0018,http://data.europa.eu/eli/dir/2012/18/art_4/oj,0.55
eurlex,32012L0018,source_finding,0.67,lookup,0.46,typesafe/jev-1.13-20260917,False,9f864d23262d5bb32b7f64e21c9b7f8c53b59d0e7744cfc4b9079222d2116c95,32012L0018,http://data.europa.eu/eli/dir/2012/18/art_4/oj,0.55
eurlex,32013L0034,fact_pattern,0.65,lookup,0.61,typesafe/jev-1.13-20260917,True,e76e960bea8760a4450203d273c3a1f6d4679e5483d9d0aa619fe83f6d4ee9d5,32013L0034,http://data.europa.eu/eli/dir/2013/34/art_33/oj,0.55
eurlex,32013L0034,lookup,0.65,lookup,0.62,typesafe/jev-1.13-20260917,True,e76e960bea8760a4450203d273c3a1f6d4679e5483d9d0aa619fe83f6d4ee9d5,32013L0034,http://data.europa.eu/eli/dir/2013/34/art_33/oj,0.55
eurlex,32013L0034,conceptual,0.65,lookup,0.61,typesafe/jev-1.13-20260917,True,e76e960bea8760a4450203d273c3a1f6d4679e5483d9d0aa619fe83f6d4ee9d5,32013L0034,http://data.europa.eu/eli/dir/2013/34/art_33/oj,0.55
eurlex,32013L0034,comparison,0.65,lookup,0.24,typesafe/jev-1.13-20260917,False,e76e960bea8760a4450203d273c3a1f6d4679e5483d9d0aa619fe83f6d4ee9d5,32013L0034,http://data.europa.eu/eli/dir/2013/34/art_33/oj,0.55
eurlex,32013L0034,claim_verification,0.65,lookup,0.59,typesafe/jev-1.13-20260917,True,e76e960bea8760a4450203d273c3a1f6d4679e5483d9d0aa619fe83f6d4ee9d5,32013L0034,http://data.europa.eu/eli/dir/2013/34/art_33/oj,0.55
eurlex,32013L0034,source_finding,0.65,lookup,0.47,typesafe/jev-1.13-20260917,False,e76e960bea8760a4450203d273c3a1f6d4679e5483d9d0aa619fe83f6d4ee9d5,32013L0034,http://data.europa.eu/eli/dir/2013/34/art_33/oj,0.55
eurlex,32014L0066,fact_pattern,0.73,lookup,0.57,typesafe/jev-1.13-20260917,True,d17344966f0f837dd472b149c98e6cf2d05012209d728e2433c6b227bd7e8954,32014L0066,http://data.europa.eu/eli/dir/2014/66/art_10/oj,0.55
eurlex,32014L0066,lookup,0.73,lookup,0.64,typesafe/jev-1.13-20260917,True,d17344966f0f837dd472b149c98e6cf2d05012209d728e2433c6b227bd7e8954,32014L0066,http://data.europa.eu/eli/dir/2014/66/art_10/oj,0.55
eurlex,32014L0066,conceptual,0.73,lookup,0.59,typesafe/jev-1.13-20260917,True,d17344966f0f837dd472b149c98e6cf2d05012209d728e2433c6b227bd7e8954,32014L0066,http://data.europa.eu/eli/dir/2014/66/art_10/oj,0.55
eurlex,32014L0066,comparison,0.73,lookup,0.4,typesafe/jev-1.13-20260917,False,d17344966f0f837dd472b149c98e6cf2d05012209d728e2433c6b227bd7e8954,32014L0066,http://data.europa.eu/eli/dir/2014/66/art_10/oj,0.55
eurlex,32014L0066,claim_verification,0.73,lookup,0.61,typesafe/jev-1.13-20260917,True,d17344966f0f837dd472b149c98e6cf2d05012209d728e2433c6b227bd7e8954,32014L0066,http://data.europa.eu/eli/dir/2014/66/art_10/oj,0.55
eurlex,32014L0066,source_finding,0.73,lookup,0.42,typesafe/jev-1.13-20260917,False,d17344966f0f837dd472b149c98e6cf2d05012209d728e2433c6b227bd7e8954,32014L0066,http://data.europa.eu/eli/dir/2014/66/art_10/oj,0.55
eurlex,32005R1346,fact_pattern,0.66,lookup,0.52,typesafe/jev-1.13-20260917,False,84532e711d97055d3ae8116bade229ca341de8bb0b5f558814b89a938670a410,32005R1346,http://data.europa.eu/eli/reg/2005/1346/art_21/oj,0.55
eurlex,32005R1346,lookup,0.66,lookup,0.62,typesafe/jev-1.13-20260917,True,84532e711d97055d3ae8116bade229ca341de8bb0b5f558814b89a938670a410,32005R1346,http://data.europa.eu/eli/reg/2005/1346/art_21/oj,0.55
eurlex,32005R1346,conceptual,0.66,lookup,0.62,typesafe/jev-1.13-20260917,True,84532e711d97055d3ae8116bade229ca341de8bb0b5f558814b89a938670a410,32005R1346,http://data.europa.eu/eli/reg/2005/1346/art_21/oj,0.55
eurlex,32005R1346,comparison,0.66,lookup,0.41,typesafe/jev-1.13-20260917,False,84532e711d97055d3ae8116bade229ca341de8bb0b5f558814b89a938670a410,32005R1346,http://data.europa.eu/eli/reg/2005/1346/art_21/oj,0.55
eurlex,32005R1346,claim_verification,0.66,lookup,0.59,typesafe/jev-1.13-20260917,True,84532e711d97055d3ae8116bade229ca341de8bb0b5f558814b89a938670a410,32005R1346,http://data.europa.eu/eli/reg/2005/1346/art_21/oj,0.55
eurlex,32005R1346,source_finding,0.66,lookup,0.43,typesafe/jev-1.13-20260917,False,84532e711d97055d3ae8116bade229ca341de8bb0b5f558814b89a938670a410,32005R1346,http://data.europa.eu/eli/reg/2005/1346/art_21/oj,0.55
eurlex,32005R0356,fact_pattern,0.46,comparison,0.63,typesafe/jev-1.13-20260917,True,1a6aeba37d5335c8d127f59a4240dd1327c4b7f87334263caaecee369aa9a422,32005R0356,http://data.europa.eu/eli/reg/2005/356/art_14/oj,0.55
eurlex,32005R0356,lookup,0.46,comparison,0.65,typesafe/jev-1.13-20260917,True,1a6aeba37d5335c8d127f59a4240dd1327c4b7f87334263caaecee369aa9a422,32005R0356,http://data.europa.eu/eli/reg/2005/356/art_14/oj,0.55
eurlex,32005R0356,conceptual,0.46,comparison,0.44,typesafe/jev-1.13-20260917,False,1a6aeba37d5335c8d127f59a4240dd1327c4b7f87334263caaecee369aa9a422,32005R0356,http://data.europa.eu/eli/reg/2005/356/art_14/oj,0.55
eurlex,32005R0356,comparison,0.46,comparison,0.48,typesafe/jev-1.13-20260917,False,1a6aeba37d5335c8d127f59a4240dd1327c4b7f87334263caaecee369aa9a422,32005R0356,http://data.europa.eu/eli/reg/2005/356/art_14/oj,0.55
eurlex,32005R0356,claim_verification,0.46,comparison,0.59,typesafe/jev-1.13-20260917,True,1a6aeba37d5335c8d127f59a4240dd1327c4b7f87334263caaecee369aa9a422,32005R0356,http://data.europa.eu/eli/reg/2005/356/art_14/oj,0.55
eurlex,32005R0356,source_finding,0.46,comparison,0.46,typesafe/jev-1.13-20260917,False,1a6aeba37d5335c8d127f59a4240dd1327c4b7f87334263caaecee369aa9a422,32005R0356,http://data.europa.eu/eli/reg/2005/356/art_14/oj,0.55
eurlex,32006R0950,fact_pattern,0.87,lookup,0.56,typesafe/jev-1.13-20260917,True,00574c9d4d3b233011cc747c019a7ef661bc21cbf2ea243b84a8674084679ba9,32006R0950,http://data.europa.eu/eli/reg/2006/950/art_8/oj,0.55
eurlex,32006R0950,lookup,0.87,lookup,0.64,typesafe/jev-1.13-20260917,True,00574c9d4d3b233011cc747c019a7ef661bc21cbf2ea243b84a8674084679ba9,32006R0950,http://data.europa.eu/eli/reg/2006/950/art_8/oj,0.55
eurlex,32006R0950,conceptual,0.87,lookup,0.43,typesafe/jev-1.13-20260917,False,00574c9d4d3b233011cc747c019a7ef661bc21cbf2ea243b84a8674084679ba9,32006R0950,http://data.europa.eu/eli/reg/2006/950/art_8/oj,0.55
eurlex,32006R0950,comparison,0.87,lookup,0.21,typesafe/jev-1.13-20260917,False,00574c9d4d3b233011cc747c019a7ef661bc21cbf2ea243b84a8674084679ba9,32006R0950,http://data.europa.eu/eli/reg/2006/950/art_8/oj,0.55
eurlex,32006R0950,claim_verification,0.87,lookup,0.55,typesafe/jev-1.13-20260917,True,00574c9d4d3b233011cc747c019a7ef661bc21cbf2ea243b84a8674084679ba9,32006R0950,http://data.europa.eu/eli/reg/2006/950/art_8/oj,0.55
eurlex,32006R0950,source_finding,0.87,lookup,0.46,typesafe/jev-1.13-20260917,False,00574c9d4d3b233011cc747c019a7ef661bc21cbf2ea243b84a8674084679ba9,32006R0950,http://data.europa.eu/eli/reg/2006/950/art_8/oj,0.55
eurlex,32007R1303,fact_pattern,0.86,lookup,0.51,typesafe/jev-1.13-20260917,False,7cd27c9f73b271cb47e67ef16f3611fdc205c6910eccc640dfc852f80eacafe1,32007R1303,http://data.europa.eu/eli/reg/2007/1303/art_13/oj,0.55
eurlex,32007R1303,lookup,0.86,lookup,0.59,typesafe/jev-1.13-20260917,True,7cd27c9f73b271cb47e67ef16f3611fdc205c6910eccc640dfc852f80eacafe1,32007R1303,http://data.europa.eu/eli/reg/2007/1303/art_13/oj,0.55
eurlex,32007R1303,conceptual,0.86,lookup,0.47,typesafe/jev-1.13-20260917,False,7cd27c9f73b271cb47e67ef16f3611fdc205c6910eccc640dfc852f80eacafe1,32007R1303,http://data.europa.eu/eli/reg/2007/1303/art_13/oj,0.55
eurlex,32007R1303,comparison,0.86,lookup,0.18,typesafe/jev-1.13-20260917,False,7cd27c9f73b271cb47e67ef16f3611fdc205c6910eccc640dfc852f80eacafe1,32007R1303,http://data.europa.eu/eli/reg/2007/1303/art_13/oj,0.55
eurlex,32007R1303,claim_verification,0.86,lookup,0.55,typesafe/jev-1.13-20260917,True,7cd27c9f73b271cb47e67ef16f3611fdc205c6910eccc640dfc852f80eacafe1,32007R1303,http://data.europa.eu/eli/reg/2007/1303/art_13/oj,0.55
eurlex,32007R1303,source_finding,0.86,lookup,0.45,typesafe/jev-1.13-20260917,False,7cd27c9f73b271cb47e67ef16f3611fdc205c6910eccc640dfc852f80eacafe1,32007R1303,http://data.europa.eu/eli/reg/2007/1303/art_13/oj,0.55
eurlex,32007R0041,fact_pattern,0.77,lookup,0.55,typesafe/jev-1.13-20260917,True,bcae5a61f14261b7d0579ccaa0ab92505d78abcb889c6c026a06d0778beb9fdb,32007R0041,http://data.europa.eu/eli/reg/2007/41/art_79/oj,0.55
eurlex,32007R0041,lookup,0.77,lookup,0.56,typesafe/jev-1.13-20260917,True,bcae5a61f14261b7d0579ccaa0ab92505d78abcb889c6c026a06d0778beb9fdb,32007R0041,http://data.europa.eu/eli/reg/2007/41/art_79/oj,0.55
eurlex,32007R0041,conceptual,0.77,lookup,0.5,typesafe/jev-1.13-20260917,False,bcae5a61f14261b7d0579ccaa0ab92505d78abcb889c6c026a06d0778beb9fdb,32007R0041,http://data.europa.eu/eli/reg/2007/41/art_79/oj,0.55
eurlex,32007R0041,comparison,0.77,lookup,0.16,typesafe/jev-1.13-20260917,False,bcae5a61f14261b7d0579ccaa0ab92505d78abcb889c6c026a06d0778beb9fdb,32007R0041,http://data.europa.eu/eli/reg/2007/41/art_79/oj,0.55
eurlex,32007R0041,claim_verification,0.77,lookup,0.56,typesafe/jev-1.13-20260917,True,bcae5a61f14261b7d0579ccaa0ab92505d78abcb889c6c026a06d0778beb9fdb,32007R0041,http://data.europa.eu/eli/reg/2007/41/art_79/oj,0.55
eurlex,32007R0041,source_finding,0.77,lookup,0.44,typesafe/jev-1.13-20260917,False,bcae5a61f14261b7d0579ccaa0ab92505d78abcb889c6c026a06d0778beb9fdb,32007R0041,http://data.europa.eu/eli/reg/2007/41/art_79/oj,0.55
eurlex,32007R0715,fact_pattern,0.69,lookup,0.43,typesafe/jev-1.13-20260917,False,0d286d65a19d88a2162bd2fbdd5b44e94532b51c67fb68fcb0ac0e71b13da01d,32007R0715,http://data.europa.eu/eli/reg/2007/715/art_3/oj,0.55
eurlex,32007R0715,lookup,0.69,lookup,0.52,typesafe/jev-1.13-20260917,False,0d286d65a19d88a2162bd2fbdd5b44e94532b51c67fb68fcb0ac0e71b13da01d,32007R0715,http://data.europa.eu/eli/reg/2007/715/art_3/oj,0.55
eurlex,32007R0715,conceptual,0.69,lookup,0.33,typesafe/jev-1.13-20260917,False,0d286d65a19d88a2162bd2fbdd5b44e94532b51c67fb68fcb0ac0e71b13da01d,32007R0715,http://data.europa.eu/eli/reg/2007/715/art_3/oj,0.55
eurlex,32007R0715,comparison,0.69,lookup,0.31,typesafe/jev-1.13-20260917,False,0d286d65a19d88a2162bd2fbdd5b44e94532b51c67fb68fcb0ac0e71b13da01d,32007R0715,http://data.europa.eu/eli/reg/2007/715/art_3/oj,0.55
eurlex,32007R0715,claim_verification,0.69,lookup,0.48,typesafe/jev-1.13-20260917,False,0d286d65a19d88a2162bd2fbdd5b44e94532b51c67fb68fcb0ac0e71b13da01d,32007R0715,http://data.europa.eu/eli/reg/2007/715/art_3/oj,0.55
eurlex,32007R0715,source_finding,0.69,lookup,0.41,typesafe/jev-1.13-20260917,False,0d286d65a19d88a2162bd2fbdd5b44e94532b51c67fb68fcb0ac0e71b13da01d,32007R0715,http://data.europa.eu/eli/reg/2007/715/art_3/oj,0.55
eurlex,32008R1221,fact_pattern,0.91,skip,0.1,typesafe/jev-1.13-20260917,False,dc529f5a614452b86539768ffeb7805f5140db3ea640fe8b44a411036aa6626f,32008R1221,http://data.europa.eu/eli/reg/2008/1221/art_2/oj,0.55
eurlex,32008R1221,lookup,0.91,skip,0.13,typesafe/jev-1.13-20260917,False,dc529f5a614452b86539768ffeb7805f5140db3ea640fe8b44a411036aa6626f,32008R1221,http://data.europa.eu/eli/reg/2008/1221/art_2/oj,0.55
eurlex,32008R1221,conceptual,0.91,skip,0.1,typesafe/jev-1.13-20260917,False,dc529f5a614452b86539768ffeb7805f5140db3ea640fe8b44a411036aa6626f,32008R1221,http://data.europa.eu/eli/reg/2008/1221/art_2/oj,0.55
eurlex,32008R1221,comparison,0.91,skip,0.09,typesafe/jev-1.13-20260917,False,dc529f5a614452b86539768ffeb7805f5140db3ea640fe8b44a411036aa6626f,32008R1221,http://data.europa.eu/eli/reg/2008/1221/art_2/oj,0.55
eurlex,32008R1221,claim_verification,0.91,skip,0.18,typesafe/jev-1.13-20260917,False,dc529f5a614452b86539768ffeb7805f5140db3ea640fe8b44a411036aa6626f,32008R1221,http://data.europa.eu/eli/reg/2008/1221/art_2/oj,0.55
eurlex,32008R1221,source_finding,0.91,skip,0.17,typesafe/jev-1.13-20260917,False,dc529f5a614452b86539768ffeb7805f5140db3ea640fe8b44a411036aa6626f,32008R1221,http://data.europa.eu/eli/reg/2008/1221/art_2/oj,0.55
eurlex,32008R0683,fact_pattern,0.52,skip,0.16,typesafe/jev-1.13-20260917,False,0ada7c6f001ae8c33f8ef3a5cdc5607b29e912b0c0c1016f0270c7e832963296,32008R0683,http://data.europa.eu/eli/reg/2008/683/art_22/oj,0.55
eurlex,32008R0683,lookup,0.52,skip,0.26,typesafe/jev-1.13-20260917,False,0ada7c6f001ae8c33f8ef3a5cdc5607b29e912b0c0c1016f0270c7e832963296,32008R0683,http://data.europa.eu/eli/reg/2008/683/art_22/oj,0.55
eurlex,32008R0683,conceptual,0.52,skip,0.32,typesafe/jev-1.13-20260917,False,0ada7c6f001ae8c33f8ef3a5cdc5607b29e912b0c0c1016f0270c7e832963296,32008R0683,http://data.europa.eu/eli/reg/2008/683/art_22/oj,0.55
eurlex,32008R0683,comparison,0.52,skip,0.14,typesafe/jev-1.13-20260917,False,0ada7c6f001ae8c33f8ef3a5cdc5607b29e912b0c0c1016f0270c7e832963296,32008R0683,http://data.europa.eu/eli/reg/2008/683/art_22/oj,0.55
eurlex,32008R0683,claim_verification,0.52,skip,0.33,typesafe/jev-1.13-20260917,False,0ada7c6f001ae8c33f8ef3a5cdc5607b29e912b0c0c1016f0270c7e832963296,32008R0683,http://data.europa.eu/eli/reg/2008/683/art_22/oj,0.55
eurlex,32008R0683,source_finding,0.52,skip,0.33,typesafe/jev-1.13-20260917,False,0ada7c6f001ae8c33f8ef3a5cdc5607b29e912b0c0c1016f0270c7e832963296,32008R0683,http://data.europa.eu/eli/reg/2008/683/art_22/oj,0.55
eurlex,32009R1107,fact_pattern,0.81,lookup,0.64,typesafe/jev-1.13-20260917,True,887dd78a6fb55a5b8582df976623d8d9697e2b6267d3167069114674956b7220,32009R1107,http://data.europa.eu/eli/reg/2009/1107/art_31/oj,0.55
eurlex,32009R1107,lookup,0.81,lookup,0.68,typesafe/jev-1.13-20260917,True,887dd78a6fb55a5b8582df976623d8d9697e2b6267d3167069114674956b7220,32009R1107,http://data.europa.eu/eli/reg/2009/1107/art_31/oj,0.55
eurlex,32009R1107,conceptual,0.81,lookup,0.6,typesafe/jev-1.13-20260917,True,887dd78a6fb55a5b8582df976623d8d9697e2b6267d3167069114674956b7220,32009R1107,http://data.europa.eu/eli/reg/2009/1107/art_31/oj,0.55
eurlex,32009R1107,comparison,0.81,lookup,0.39,typesafe/jev-1.13-20260917,False,887dd78a6fb55a5b8582df976623d8d9697e2b6267d3167069114674956b7220,32009R1107,http://data.europa.eu/eli/reg/2009/1107/art_31/oj,0.55
eurlex,32009R1107,claim_verification,0.81,lookup,0.62,typesafe/jev-1.13-20260917,True,887dd78a6fb55a5b8582df976623d8d9697e2b6267d3167069114674956b7220,32009R1107,http://data.europa.eu/eli/reg/2009/1107/art_31/oj,0.55
eurlex,32009R1107,source_finding,0.81,lookup,0.45,typesafe/jev-1.13-20260917,False,887dd78a6fb55a5b8582df976623d8d9697e2b6267d3167069114674956b7220,32009R1107,http://data.europa.eu/eli/reg/2009/1107/art_31/oj,0.55
eurlex,32009R1221,fact_pattern,0.77,lookup,0.41,typesafe/jev-1.13-20260917,False,07437b3aa22392facea9864dfaec4243e572322a3291bc7082520e52eedc6ce1,32009R1221,http://data.europa.eu/eli/reg/2009/1221/art_42/oj,0.55
eurlex,32009R1221,lookup,0.77,lookup,0.6,typesafe/jev-1.13-20260917,True,07437b3aa22392facea9864dfaec4243e572322a3291bc7082520e52eedc6ce1,32009R1221,http://data.europa.eu/eli/reg/2009/1221/art_42/oj,0.55
eurlex,32009R1221,conceptual,0.77,lookup,0.49,typesafe/jev-1.13-20260917,False,07437b3aa22392facea9864dfaec4243e572322a3291bc7082520e52eedc6ce1,32009R1221,http://data.europa.eu/eli/reg/2009/1221/art_42/oj,0.55
eurlex,32009R1221,comparison,0.77,lookup,0.22,typesafe/jev-1.13-20260917,False,07437b3aa22392facea9864dfaec4243e572322a3291bc7082520e52eedc6ce1,32009R1221,http://data.europa.eu/eli/reg/2009/1221/art_42/oj,0.55
eurlex,32009R1221,claim_verification,0.77,lookup,0.5,typesafe/jev-1.13-20260917,False,07437b3aa22392facea9864dfaec4243e572322a3291bc7082520e52eedc6ce1,32009R1221,http://data.europa.eu/eli/reg/2009/1221/art_42/oj,0.55
eurlex,32009R1221,source_finding,0.77,lookup,0.47,typesafe/jev-1.13-20260917,False,07437b3aa22392facea9864dfaec4243e572322a3291bc7082520e52eedc6ce1,32009R1221,http://data.europa.eu/eli/reg/2009/1221/art_42/oj,0.55
eurlex,32009R0194,fact_pattern,0.85,lookup,0.57,typesafe/jev-1.13-20260917,True,38d01795de5a32a4915e11b92ed26d88e93a7b83680fc30359f091905cb21faa,32009R0194,http://data.europa.eu/eli/reg/2009/194/art_1/oj,0.55
eurlex,32009R0194,lookup,0.85,lookup,0.57,typesafe/jev-1.13-20260917,True,38d01795de5a32a4915e11b92ed26d88e93a7b83680fc30359f091905cb21faa,32009R0194,http://data.europa.eu/eli/reg/2009/194/art_1/oj,0.55
eurlex,32009R0194,conceptual,0.85,lookup,0.45,typesafe/jev-1.13-20260917,False,38d01795de5a32a4915e11b92ed26d88e93a7b83680fc30359f091905cb21faa,32009R0194,http://data.europa.eu/eli/reg/2009/194/art_1/oj,0.55
eurlex,32009R0194,comparison,0.85,lookup,0.28,typesafe/jev-1.13-20260917,False,38d01795de5a32a4915e11b92ed26d88e93a7b83680fc30359f091905cb21faa,32009R0194,http://data.europa.eu/eli/reg/2009/194/art_1/oj,0.55
eurlex,32009R0194,claim_verification,0.85,lookup,0.57,typesafe/jev-1.13-20260917,True,38d01795de5a32a4915e11b92ed26d88e93a7b83680fc30359f091905cb21faa,32009R0194,http://data.europa.eu/eli/reg/2009/194/art_1/oj,0.55
eurlex,32009R0194,source_finding,0.85,lookup,0.43,typesafe/jev-1.13-20260917,False,38d01795de5a32a4915e11b92ed26d88e93a7b83680fc30359f091905cb21faa,32009R0194,http://data.europa.eu/eli/reg/2009/194/art_1/oj,0.55
eurlex,32010R0257,fact_pattern,0.56,lookup,0.37,typesafe/jev-1.13-20260917,False,67f41f5dba20629256043869289c07b56ab7380420465307ef2cb75a95cf9935,32010R0257,http://data.europa.eu/eli/reg/2010/257/art_2/oj,0.55
eurlex,32010R0257,lookup,0.56,lookup,0.45,typesafe/jev-1.13-20260917,False,67f41f5dba20629256043869289c07b56ab7380420465307ef2cb75a95cf9935,32010R0257,http://data.europa.eu/eli/reg/2010/257/art_2/oj,0.55
eurlex,32010R0257,conceptual,0.56,lookup,0.33,typesafe/jev-1.13-20260917,False,67f41f5dba20629256043869289c07b56ab7380420465307ef2cb75a95cf9935,32010R0257,http://data.europa.eu/eli/reg/2010/257/art_2/oj,0.55
eurlex,32010R0257,comparison,0.56,lookup,0.23,typesafe/jev-1.13-20260917,False,67f41f5dba20629256043869289c07b56ab7380420465307ef2cb75a95cf9935,32010R0257,http://data.europa.eu/eli/reg/2010/257/art_2/oj,0.55
eurlex,32010R0257,claim_verification,0.56,lookup,0.43,typesafe/jev-1.13-20260917,False,67f41f5dba20629256043869289c07b56ab7380420465307ef2cb75a95cf9935,32010R0257,http://data.europa.eu/eli/reg/2010/257/art_2/oj,0.55
eurlex,32010R0257,source_finding,0.56,lookup,0.39,typesafe/jev-1.13-20260917,False,67f41f5dba20629256043869289c07b56ab7380420465307ef2cb75a95cf9935,32010R0257,http://data.europa.eu/eli/reg/2010/257/art_2/oj,0.55
eurlex,32011R0204,fact_pattern,0.71,lookup,0.61,typesafe/jev-1.13-20260917,True,436e00ac25b9e7c72811bdb6f9f645396010e0c36d00ff334eef3d676c047aa6,32011R0204,http://data.europa.eu/eli/reg/2011/204/art_13/oj,0.55
eurlex,32011R0204,lookup,0.71,lookup,0.61,typesafe/jev-1.13-20260917,True,436e00ac25b9e7c72811bdb6f9f645396010e0c36d00ff334eef3d676c047aa6,32011R0204,http://data.europa.eu/eli/reg/2011/204/art_13/oj,0.55
eurlex,32011R0204,conceptual,0.71,lookup,0.58,typesafe/jev-1.13-20260917,True,436e00ac25b9e7c72811bdb6f9f645396010e0c36d00ff334eef3d676c047aa6,32011R0204,http://data.europa.eu/eli/reg/2011/204/art_13/oj,0.55
eurlex,32011R0204,comparison,0.71,lookup,0.22,typesafe/jev-1.13-20260917,False,436e00ac25b9e7c72811bdb6f9f645396010e0c36d00ff334eef3d676c047aa6,32011R0204,http://data.europa.eu/eli/reg/2011/204/art_13/oj,0.55
eurlex,32011R0204,claim_verification,0.71,lookup,0.55,typesafe/jev-1.13-20260917,True,436e00ac25b9e7c72811bdb6f9f645396010e0c36d00ff334eef3d676c047aa6,32011R0204,http://data.europa.eu/eli/reg/2011/204/art_13/oj,0.55
eurlex,32011R0204,source_finding,0.71,lookup,0.43,typesafe/jev-1.13-20260917,False,436e00ac25b9e7c72811bdb6f9f645396010e0c36d00ff334eef3d676c047aa6,32011R0204,http://data.europa.eu/eli/reg/2011/204/art_13/oj,0.55
eurlex,32011R0349,fact_pattern,0.63,lookup,0.44,typesafe/jev-1.13-20260917,False,859a906d6f5ee305f89cc574281aa76283ed7feb91abb9e7434c316f782ec0c2,32011R0349,http://data.europa.eu/eli/reg/2011/349/art_1/oj,0.55
eurlex,32011R0349,lookup,0.63,lookup,0.52,typesafe/jev-1.13-20260917,False,859a906d6f5ee305f89cc574281aa76283ed7feb91abb9e7434c316f782ec0c2,32011R0349,http://data.europa.eu/eli/reg/2011/349/art_1/oj,0.55
eurlex,32011R0349,conceptual,0.63,lookup,0.28,typesafe/jev-1.13-20260917,False,859a906d6f5ee305f89cc574281aa76283ed7feb91abb9e7434c316f782ec0c2,32011R0349,http://data.europa.eu/eli/reg/2011/349/art_1/oj,0.55
eurlex,32011R0349,comparison,0.63,lookup,0.29,typesafe/jev-1.13-20260917,False,859a906d6f5ee305f89cc574281aa76283ed7feb91abb9e7434c316f782ec0c2,32011R0349,http://data.europa.eu/eli/reg/2011/349/art_1/oj,0.55
eurlex,32011R0349,claim_verification,0.63,lookup,0.48,typesafe/jev-1.13-20260917,False,859a906d6f5ee305f89cc574281aa76283ed7feb91abb9e7434c316f782ec0c2,32011R0349,http://data.europa.eu/eli/reg/2011/349/art_1/oj,0.55
eurlex,32011R0349,source_finding,0.63,lookup,0.39,typesafe/jev-1.13-20260917,False,859a906d6f5ee305f89cc574281aa76283ed7feb91abb9e7434c316f782ec0c2,32011R0349,http://data.europa.eu/eli/reg/2011/349/art_1/oj,0.55
eurlex,32013R0575,fact_pattern,0.78,lookup,0.53,typesafe/jev-1.13-20260917,False,45c2812e1d62bedabec6f6a8eec488dc5a6ed99275aca75ae853d4b4237a9a26,32013R0575,http://data.europa.eu/eli/reg/2013/575/art_435/oj,0.55
eurlex,32013R0575,lookup,0.78,lookup,0.63,typesafe/jev-1.13-20260917,True,45c2812e1d62bedabec6f6a8eec488dc5a6ed99275aca75ae853d4b4237a9a26,32013R0575,http://data.europa.eu/eli/reg/2013/575/art_435/oj,0.55
eurlex,32013R0575,conceptual,0.78,lookup,0.57,typesafe/jev-1.13-20260917,True,45c2812e1d62bedabec6f6a8eec488dc5a6ed99275aca75ae853d4b4237a9a26,32013R0575,http://data.europa.eu/eli/reg/2013/575/art_435/oj,0.55
eurlex,32013R0575,comparison,0.78,lookup,0.21,typesafe/jev-1.13-20260917,False,45c2812e1d62bedabec6f6a8eec488dc5a6ed99275aca75ae853d4b4237a9a26,32013R0575,http://data.europa.eu/eli/reg/2013/575/art_435/oj,0.55
eurlex,32013R0575,claim_verification,0.78,lookup,0.59,typesafe/jev-1.13-20260917,True,45c2812e1d62bedabec6f6a8eec488dc5a6ed99275aca75ae853d4b4237a9a26,32013R0575,http://data.europa.eu/eli/reg/2013/575/art_435/oj,0.55
eurlex,32013R0575,source_finding,0.78,lookup,0.47,typesafe/jev-1.13-20260917,False,45c2812e1d62bedabec6f6a8eec488dc5a6ed99275aca75ae853d4b4237a9a26,32013R0575,http://data.europa.eu/eli/reg/2013/575/art_435/oj,0.55
eurlex,32014R0909,fact_pattern,0.64,lookup,0.62,typesafe/jev-1.13-20260917,True,71671dab385bbde5eb47179c6d4daff7b4a3414cbddb21dc924d6f111e3db140,32014R0909,http://data.europa.eu/eli/reg/2014/909/art_43/oj,0.55
eurlex,32014R0909,lookup,0.64,lookup,0.62,typesafe/jev-1.13-20260917,True,71671dab385bbde5eb47179c6d4daff7b4a3414cbddb21dc924d6f111e3db140,32014R0909,http://data.europa.eu/eli/reg/2014/909/art_43/oj,0.55
eurlex,32014R0909,conceptual,0.64,lookup,0.59,typesafe/jev-1.13-20260917,True,71671dab385bbde5eb47179c6d4daff7b4a3414cbddb21dc924d6f111e3db140,32014R0909,http://data.europa.eu/eli/reg/2014/909/art_43/oj,0.55
eurlex,32014R0909,comparison,0.64,lookup,0.21,typesafe/jev-1.13-20260917,False,71671dab385bbde5eb47179c6d4daff7b4a3414cbddb21dc924d6f111e3db140,32014R0909,http://data.europa.eu/eli/reg/2014/909/art_43/oj,0.55
eurlex,32014R0909,claim_verification,0.64,lookup,0.56,typesafe/jev-1.13-20260917,True,71671dab385bbde5eb47179c6d4daff7b4a3414cbddb21dc924d6f111e3db140,32014R0909,http://data.europa.eu/eli/reg/2014/909/art_43/oj,0.55
eurlex,32014R0909,source_finding,0.64,lookup,0.46,typesafe/jev-1.13-20260917,False,71671dab385bbde5eb47179c6d4daff7b4a3414cbddb21dc924d6f111e3db140,32014R0909,http://data.europa.eu/eli/reg/2014/909/art_43/oj,0.55
eurlex,32012R0520,fact_pattern,0.56,lookup,0.49,typesafe/jev-1.13-20260917,False,344b75138429844d276c7c10f31fa7a6735cc962a9afb34860e3f66858f26250,32012R0520,http://data.europa.eu/eli/reg_impl/2012/520/art_8/oj,0.55
eurlex,32012R0520,lookup,0.56,lookup,0.59,typesafe/jev-1.13-20260917,True,344b75138429844d276c7c10f31fa7a6735cc962a9afb34860e3f66858f26250,32012R0520,http://data.europa.eu/eli/reg_impl/2012/520/art_8/oj,0.55
eurlex,32012R0520,conceptual,0.56,lookup,0.52,typesafe/jev-1.13-20260917,False,344b75138429844d276c7c10f31fa7a6735cc962a9afb34860e3f66858f26250,32012R0520,http://data.europa.eu/eli/reg_impl/2012/520/art_8/oj,0.55
eurlex,32012R0520,comparison,0.56,lookup,0.26,typesafe/jev-1.13-20260917,False,344b75138429844d276c7c10f31fa7a6735cc962a9afb34860e3f66858f26250,32012R0520,http://data.europa.eu/eli/reg_impl/2012/520/art_8/oj,0.55
eurlex,32012R0520,claim_verification,0.56,lookup,0.54,typesafe/jev-1.13-20260917,False,344b75138429844d276c7c10f31fa7a6735cc962a9afb34860e3f66858f26250,32012R0520,http://data.europa.eu/eli/reg_impl/2012/520/art_8/oj,0.55
eurlex,32012R0520,source_finding,0.56,lookup,0.47,typesafe/jev-1.13-20260917,False,344b75138429844d276c7c10f31fa7a6735cc962a9afb34860e3f66858f26250,32012R0520,http://data.europa.eu/eli/reg_impl/2012/520/art_8/oj,0.55
eurlex,32014R1244,fact_pattern,0.72,lookup,0.68,typesafe/jev-1.13-20260917,True,a4a86d4cce7ae21b1238e8d7ded88c425fa152ba52f62052bfe26f731f10f13f,32014R1244,http://data.europa.eu/eli/reg_impl/2014/1244/art_24/oj,0.55
eurlex,32014R1244,lookup,0.72,lookup,0.7,typesafe/jev-1.13-20260917,True,a4a86d4cce7ae21b1238e8d7ded88c425fa152ba52f62052bfe26f731f10f13f,32014R1244,http://data.europa.eu/eli/reg_impl/2014/1244/art_24/oj,0.55
eurlex,32014R1244,conceptual,0.72,lookup,0.64,typesafe/jev-1.13-20260917,True,a4a86d4cce7ae21b1238e8d7ded88c425fa152ba52f62052bfe26f731f10f13f,32014R1244,http://data.europa.eu/eli/reg_impl/2014/1244/art_24/oj,0.55
eurlex,32014R1244,comparison,0.72,lookup,0.26,typesafe/jev-1.13-20260917,False,a4a86d4cce7ae21b1238e8d7ded88c425fa152ba52f62052bfe26f731f10f13f,32014R1244,http://data.europa.eu/eli/reg_impl/2014/1244/art_24/oj,0.55
eurlex,32014R1244,claim_verification,0.72,lookup,0.67,typesafe/jev-1.13-20260917,True,a4a86d4cce7ae21b1238e8d7ded88c425fa152ba52f62052bfe26f731f10f13f,32014R1244,http://data.europa.eu/eli/reg_impl/2014/1244/art_24/oj,0.55
eurlex,32014R1244,source_finding,0.72,lookup,0.51,typesafe/jev-1.13-20260917,False,a4a86d4cce7ae21b1238e8d7ded88c425fa152ba52f62052bfe26f731f10f13f,32014R1244,http://data.europa.eu/eli/reg_impl/2014/1244/art_24/oj,0.55
eurlex,32014R0727,fact_pattern,0.82,lookup,0.61,typesafe/jev-1.13-20260917,True,41c5c74596f68eb959cc6a22cb3e04360a1a15d9c2eacc8e7f565c3b668ef33d,32014R0727,http://data.europa.eu/eli/reg_impl/2014/727/art_4/oj,0.55
eurlex,32014R0727,lookup,0.82,lookup,0.63,typesafe/jev-1.13-20260917,True,41c5c74596f68eb959cc6a22cb3e04360a1a15d9c2eacc8e7f565c3b668ef33d,32014R0727,http://data.europa.eu/eli/reg_impl/2014/727/art_4/oj,0.55
eurlex,32014R0727,conceptual,0.82,lookup,0.53,typesafe/jev-1.13-20260917,False,41c5c74596f68eb959cc6a22cb3e04360a1a15d9c2eacc8e7f565c3b668ef33d,32014R0727,http://data.europa.eu/eli/reg_impl/2014/727/art_4/oj,0.55
eurlex,32014R0727,comparison,0.82,lookup,0.27,typesafe/jev-1.13-20260917,False,41c5c74596f68eb959cc6a22cb3e04360a1a15d9c2eacc8e7f565c3b668ef33d,32014R0727,http://data.europa.eu/eli/reg_impl/2014/727/art_4/oj,0.55
eurlex,32014R0727,claim_verification,0.82,lookup,0.59,typesafe/jev-1.13-20260917,True,41c5c74596f68eb959cc6a22cb3e04360a1a15d9c2eacc8e7f565c3b668ef33d,32014R0727,http://data.europa.eu/eli/reg_impl/2014/727/art_4/oj,0.55
eurlex,32014R0727,source_finding,0.82,lookup,0.51,typesafe/jev-1.13-20260917,False,41c5c74596f68eb959cc6a22cb3e04360a1a15d9c2eacc8e7f565c3b668ef33d,32014R0727,http://data.europa.eu/eli/reg_impl/2014/727/art_4/oj,0.55
un,1998/s/1998/927,lookup,0.36,conceptual,0.63,typesafe/jev-1.13-20260917,True,355c6a56ce2ad87bf3846a5a5c48b87256208b7576cfe333c27b28678a92a29e,S/1998/927,1998/s/1998/927#3,0.55
un,1998/s/1998/927,practitioner,0.36,conceptual,0.58,typesafe/jev-1.13-20260917,True,355c6a56ce2ad87bf3846a5a5c48b87256208b7576cfe333c27b28678a92a29e,S/1998/927,1998/s/1998/927#3,0.55
un,1998/s/1998/927,conceptual,0.36,conceptual,0.67,typesafe/jev-1.13-20260917,True,355c6a56ce2ad87bf3846a5a5c48b87256208b7576cfe333c27b28678a92a29e,S/1998/927,1998/s/1998/927#3,0.55
un,1998/s/1998/927,comparison,0.36,conceptual,0.45,typesafe/jev-1.13-20260917,False,355c6a56ce2ad87bf3846a5a5c48b87256208b7576cfe333c27b28678a92a29e,S/1998/927,1998/s/1998/927#3,0.55
un,1998/s/1998/927,claim_verification,0.36,conceptual,0.65,typesafe/jev-1.13-20260917,True,355c6a56ce2ad87bf3846a5a5c48b87256208b7576cfe333c27b28678a92a29e,S/1998/927,1998/s/1998/927#3,0.55
un,1998/s/1998/927,source_finding,0.36,conceptual,0.51,typesafe/jev-1.13-20260917,False,355c6a56ce2ad87bf3846a5a5c48b87256208b7576cfe333c27b28678a92a29e,S/1998/927,1998/s/1998/927#3,0.55
un,1999/a/54/pv_76,lookup,0.54,lookup,0.54,typesafe/jev-1.13-20260917,False,ad24b76b3b6c1b3119dca8cb432aea74044fe98fc936635472dfd1855f6312f4,A/54/PV.76,1999/a/54/pv_76#9,0.55
un,1999/a/54/pv_76,practitioner,0.54,lookup,0.56,typesafe/jev-1.13-20260917,True,ad24b76b3b6c1b3119dca8cb432aea74044fe98fc936635472dfd1855f6312f4,A/54/PV.76,1999/a/54/pv_76#9,0.55
un,1999/a/54/pv_76,conceptual,0.54,lookup,0.55,typesafe/jev-1.13-20260917,True,ad24b76b3b6c1b3119dca8cb432aea74044fe98fc936635472dfd1855f6312f4,A/54/PV.76,1999/a/54/pv_76#9,0.55
un,1999/a/54/pv_76,comparison,0.54,lookup,0.25,typesafe/jev-1.13-20260917,False,ad24b76b3b6c1b3119dca8cb432aea74044fe98fc936635472dfd1855f6312f4,A/54/PV.76,1999/a/54/pv_76#9,0.55
un,1999/a/54/pv_76,claim_verification,0.54,lookup,0.58,typesafe/jev-1.13-20260917,True,ad24b76b3b6c1b3119dca8cb432aea74044fe98fc936635472dfd1855f6312f4,A/54/PV.76,1999/a/54/pv_76#9,0.55
un,1999/a/54/pv_76,source_finding,0.54,lookup,0.51,typesafe/jev-1.13-20260917,False,ad24b76b3b6c1b3119dca8cb432aea74044fe98fc936635472dfd1855f6312f4,A/54/PV.76,1999/a/54/pv_76#9,0.55
un,2000/a/c_3/55/sr_30,lookup,0.7,conceptual,0.47,typesafe/jev-1.13-20260917,False,46f58c99b1981559dfcf6e2467aad4191d0acd04663216c71e29c72157dc0184,A/C.3/55/SR.30,2000/a/c_3/55/sr_30#11,0.55
un,2000/a/c_3/55/sr_30,practitioner,0.7,conceptual,0.49,typesafe/jev-1.13-20260917,False,46f58c99b1981559dfcf6e2467aad4191d0acd04663216c71e29c72157dc0184,A/C.3/55/SR.30,2000/a/c_3/55/sr_30#11,0.55
un,2000/a/c_3/55/sr_30,conceptual,0.7,conceptual,0.56,typesafe/jev-1.13-20260917,True,46f58c99b1981559dfcf6e2467aad4191d0acd04663216c71e29c72157dc0184,A/C.3/55/SR.30,2000/a/c_3/55/sr_30#11,0.55
un,2000/a/c_3/55/sr_30,comparison,0.7,conceptual,0.26,typesafe/jev-1.13-20260917,False,46f58c99b1981559dfcf6e2467aad4191d0acd04663216c71e29c72157dc0184,A/C.3/55/SR.30,2000/a/c_3/55/sr_30#11,0.55
un,2000/a/c_3/55/sr_30,claim_verification,0.7,conceptual,0.59,typesafe/jev-1.13-20260917,True,46f58c99b1981559dfcf6e2467aad4191d0acd04663216c71e29c72157dc0184,A/C.3/55/SR.30,2000/a/c_3/55/sr_30#11,0.55
un,2000/a/c_3/55/sr_30,source_finding,0.7,conceptual,0.49,typesafe/jev-1.13-20260917,False,46f58c99b1981559dfcf6e2467aad4191d0acd04663216c71e29c72157dc0184,A/C.3/55/SR.30,2000/a/c_3/55/sr_30#11,0.55
un,2001/a/res/55/203,lookup,0.69,conceptual,0.45,typesafe/jev-1.13-20260917,False,eb5001779ad0f91be2693c5519d25afdf7bc9fa7d20d823daa40855fc844c98c,A/RES/55/203,2001/a/res/55/203#3,0.55
un,2001/a/res/55/203,practitioner,0.69,conceptual,0.43,typesafe/jev-1.13-20260917,False,eb5001779ad0f91be2693c5519d25afdf7bc9fa7d20d823daa40855fc844c98c,A/RES/55/203,2001/a/res/55/203#3,0.55
un,2001/a/res/55/203,conceptual,0.69,conceptual,0.46,typesafe/jev-1.13-20260917,False,eb5001779ad0f91be2693c5519d25afdf7bc9fa7d20d823daa40855fc844c98c,A/RES/55/203,2001/a/res/55/203#3,0.55
un,2001/a/res/55/203,comparison,0.69,conceptual,0.2,typesafe/jev-1.13-20260917,False,eb5001779ad0f91be2693c5519d25afdf7bc9fa7d20d823daa40855fc844c98c,A/RES/55/203,2001/a/res/55/203#3,0.55
un,2001/a/res/55/203,claim_verification,0.69,conceptual,0.49,typesafe/jev-1.13-20260917,False,eb5001779ad0f91be2693c5519d25afdf7bc9fa7d20d823daa40855fc844c98c,A/RES/55/203,2001/a/res/55/203#3,0.55
un,2001/a/res/55/203,source_finding,0.69,conceptual,0.44,typesafe/jev-1.13-20260917,False,eb5001779ad0f91be2693c5519d25afdf7bc9fa7d20d823daa40855fc844c98c,A/RES/55/203,2001/a/res/55/203#3,0.55
un,2002/a/res/56/150,lookup,0.78,conceptual,0.48,typesafe/jev-1.13-20260917,False,d63817c6d02200d23c9eef9b0b2e771b917f94bd4f42911a1202d97cf6ac734f,A/RES/56/150,2002/a/res/56/150#3,0.55
un,2002/a/res/56/150,practitioner,0.78,conceptual,0.47,typesafe/jev-1.13-20260917,False,d63817c6d02200d23c9eef9b0b2e771b917f94bd4f42911a1202d97cf6ac734f,A/RES/56/150,2002/a/res/56/150#3,0.55
un,2002/a/res/56/150,conceptual,0.78,conceptual,0.53,typesafe/jev-1.13-20260917,False,d63817c6d02200d23c9eef9b0b2e771b917f94bd4f42911a1202d97cf6ac734f,A/RES/56/150,2002/a/res/56/150#3,0.55
un,2002/a/res/56/150,comparison,0.78,conceptual,0.22,typesafe/jev-1.13-20260917,False,d63817c6d02200d23c9eef9b0b2e771b917f94bd4f42911a1202d97cf6ac734f,A/RES/56/150,2002/a/res/56/150#3,0.55
un,2002/a/res/56/150,claim_verification,0.78,conceptual,0.51,typesafe/jev-1.13-20260917,False,d63817c6d02200d23c9eef9b0b2e771b917f94bd4f42911a1202d97cf6ac734f,A/RES/56/150,2002/a/res/56/150#3,0.55
un,2002/a/res/56/150,source_finding,0.78,conceptual,0.49,typesafe/jev-1.13-20260917,False,d63817c6d02200d23c9eef9b0b2e771b917f94bd4f42911a1202d97cf6ac734f,A/RES/56/150,2002/a/res/56/150#3,0.55
un,2002/a/res/56/29,lookup,0.72,conceptual,0.53,typesafe/jev-1.13-20260917,False,b5dc3a574e683def06e49389aaef4f2dd48a8ebad16964f8d396e6c78482e114,A/RES/56/29,2002/a/res/56/29#1,0.55
un,2002/a/res/56/29,practitioner,0.72,conceptual,0.53,typesafe/jev-1.13-20260917,False,b5dc3a574e683def06e49389aaef4f2dd48a8ebad16964f8d396e6c78482e114,A/RES/56/29,2002/a/res/56/29#1,0.55
un,2002/a/res/56/29,conceptual,0.72,conceptual,0.57,typesafe/jev-1.13-20260917,True,b5dc3a574e683def06e49389aaef4f2dd48a8ebad16964f8d396e6c78482e114,A/RES/56/29,2002/a/res/56/29#1,0.55
un,2002/a/res/56/29,comparison,0.72,conceptual,0.26,typesafe/jev-1.13-20260917,False,b5dc3a574e683def06e49389aaef4f2dd48a8ebad16964f8d396e6c78482e114,A/RES/56/29,2002/a/res/56/29#1,0.55
un,2002/a/res/56/29,claim_verification,0.72,conceptual,0.57,typesafe/jev-1.13-20260917,True,b5dc3a574e683def06e49389aaef4f2dd48a8ebad16964f8d396e6c78482e114,A/RES/56/29,2002/a/res/56/29#1,0.55
un,2002/a/res/56/29,source_finding,0.72,conceptual,0.51,typesafe/jev-1.13-20260917,False,b5dc3a574e683def06e49389aaef4f2dd48a8ebad16964f8d396e6c78482e114,A/RES/56/29,2002/a/res/56/29#1,0.55
un,2006/a/c_4/61/sr_10,lookup,0.7,conceptual,0.37,typesafe/jev-1.13-20260917,False,1f9ff84c93965685996c85fed5713cc5e1f715663e31a0b098398c8e00814315,A/C.4/61/SR.10,2006/a/c_4/61/sr_10#17,0.55
un,2006/a/c_4/61/sr_10,practitioner,0.7,conceptual,0.44,typesafe/jev-1.13-20260917,False,1f9ff84c93965685996c85fed5713cc5e1f715663e31a0b098398c8e00814315,A/C.4/61/SR.10,2006/a/c_4/61/sr_10#17,0.55
un,2006/a/c_4/61/sr_10,conceptual,0.7,conceptual,0.55,typesafe/jev-1.13-20260917,True,1f9ff84c93965685996c85fed5713cc5e1f715663e31a0b098398c8e00814315,A/C.4/61/SR.10,2006/a/c_4/61/sr_10#17,0.55
un,2006/a/c_4/61/sr_10,comparison,0.7,conceptual,0.25,typesafe/jev-1.13-20260917,False,1f9ff84c93965685996c85fed5713cc5e1f715663e31a0b098398c8e00814315,A/C.4/61/SR.10,2006/a/c_4/61/sr_10#17,0.55
un,2006/a/c_4/61/sr_10,claim_verification,0.7,conceptual,0.52,typesafe/jev-1.13-20260917,False,1f9ff84c93965685996c85fed5713cc5e1f715663e31a0b098398c8e00814315,A/C.4/61/SR.10,2006/a/c_4/61/sr_10#17,0.55
un,2006/a/c_4/61/sr_10,source_finding,0.7,conceptual,0.47,typesafe/jev-1.13-20260917,False,1f9ff84c93965685996c85fed5713cc5e1f715663e31a0b098398c8e00814315,A/C.4/61/SR.10,2006/a/c_4/61/sr_10#17,0.55
un,2006/a/res/61/163,lookup,0.56,conceptual,0.56,typesafe/jev-1.13-20260917,True,64c4219afb56b2c8122d69a289193842c0e563f3d4cac2786c2ff151bbb52df9,A/RES/61/163,2006/a/res/61/163#4,0.55
un,2006/a/res/61/163,practitioner,0.56,conceptual,0.54,typesafe/jev-1.13-20260917,False,64c4219afb56b2c8122d69a289193842c0e563f3d4cac2786c2ff151bbb52df9,A/RES/61/163,2006/a/res/61/163#4,0.55
un,2006/a/res/61/163,conceptual,0.56,conceptual,0.62,typesafe/jev-1.13-20260917,True,64c4219afb56b2c8122d69a289193842c0e563f3d4cac2786c2ff151bbb52df9,A/RES/61/163,2006/a/res/61/163#4,0.55
un,2006/a/res/61/163,comparison,0.56,conceptual,0.26,typesafe/jev-1.13-20260917,False,64c4219afb56b2c8122d69a289193842c0e563f3d4cac2786c2ff151bbb52df9,A/RES/61/163,2006/a/res/61/163#4,0.55
un,2006/a/res/61/163,claim_verification,0.56,conceptual,0.58,typesafe/jev-1.13-20260917,True,64c4219afb56b2c8122d69a289193842c0e563f3d4cac2786c2ff151bbb52df9,A/RES/61/163,2006/a/res/61/163#4,0.55
un,2006/a/res/61/163,source_finding,0.56,conceptual,0.49,typesafe/jev-1.13-20260917,False,64c4219afb56b2c8122d69a289193842c0e563f3d4cac2786c2ff151bbb52df9,A/RES/61/163,2006/a/res/61/163#4,0.55
un,2006/cd/pv_1007,lookup,0.92,conceptual,0.42,typesafe/jev-1.13-20260917,False,9c87a211a90e8e7bc969039ab0ee94ba7cba8201e87b8e49cc9741ffab9cadc0,CD/PV.1007,2006/cd/pv_1007#19,0.55
un,2006/cd/pv_1007,practitioner,0.92,conceptual,0.46,typesafe/jev-1.13-20260917,False,9c87a211a90e8e7bc969039ab0ee94ba7cba8201e87b8e49cc9741ffab9cadc0,CD/PV.1007,2006/cd/pv_1007#19,0.55
un,2006/cd/pv_1007,conceptual,0.92,conceptual,0.56,typesafe/jev-1.13-20260917,True,9c87a211a90e8e7bc969039ab0ee94ba7cba8201e87b8e49cc9741ffab9cadc0,CD/PV.1007,2006/cd/pv_1007#19,0.55
un,2006/cd/pv_1007,comparison,0.92,conceptual,0.3,typesafe/jev-1.13-20260917,False,9c87a211a90e8e7bc969039ab0ee94ba7cba8201e87b8e49cc9741ffab9cadc0,CD/PV.1007,2006/cd/pv_1007#19,0.55
un,2006/cd/pv_1007,claim_verification,0.92,conceptual,0.57,typesafe/jev-1.13-20260917,True,9c87a211a90e8e7bc969039ab0ee94ba7cba8201e87b8e49cc9741ffab9cadc0,CD/PV.1007,2006/cd/pv_1007#19,0.55
un,2006/cd/pv_1007,source_finding,0.92,conceptual,0.42,typesafe/jev-1.13-20260917,False,9c87a211a90e8e7bc969039ab0ee94ba7cba8201e87b8e49cc9741ffab9cadc0,CD/PV.1007,2006/cd/pv_1007#19,0.55
un,2007/a/c_3/61/sr_41,lookup,0.73,conceptual,0.45,typesafe/jev-1.13-20260917,False,df358e47f820d9fb91a202a2419702792062811fd788ce5aed2a2fb050184c61,A/C.3/61/SR.41,2007/a/c_3/61/sr_41#4,0.55
un,2007/a/c_3/61/sr_41,practitioner,0.73,conceptual,0.58,typesafe/jev-1.13-20260917,True,df358e47f820d9fb91a202a2419702792062811fd788ce5aed2a2fb050184c61,A/C.3/61/SR.41,2007/a/c_3/61/sr_41#4,0.55
un,2007/a/c_3/61/sr_41,conceptual,0.73,conceptual,0.66,typesafe/jev-1.13-20260917,True,df358e47f820d9fb91a202a2419702792062811fd788ce5aed2a2fb050184c61,A/C.3/61/SR.41,2007/a/c_3/61/sr_41#4,0.55
un,2007/a/c_3/61/sr_41,comparison,0.73,conceptual,0.32,typesafe/jev-1.13-20260917,False,df358e47f820d9fb91a202a2419702792062811fd788ce5aed2a2fb050184c61,A/C.3/61/SR.41,2007/a/c_3/61/sr_41#4,0.55
un,2007/a/c_3/61/sr_41,claim_verification,0.73,conceptual,0.65,typesafe/jev-1.13-20260917,True,df358e47f820d9fb91a202a2419702792062811fd788ce5aed2a2fb050184c61,A/C.3/61/SR.41,2007/a/c_3/61/sr_41#4,0.55
un,2007/a/c_3/61/sr_41,source_finding,0.73,conceptual,0.53,typesafe/jev-1.13-20260917,False,df358e47f820d9fb91a202a2419702792062811fd788ce5aed2a2fb050184c61,A/C.3/61/SR.41,2007/a/c_3/61/sr_41#4,0.55
un,2007/pbc/1/bdi/sr_4,lookup,0.73,conceptual,0.39,typesafe/jev-1.13-20260917,False,9302c5a00d5bc91755ef800581c42334664f83287c56941da667be98d1f2873a,PBC/1/BDI/SR.4,2007/pbc/1/bdi/sr_4#3,0.55
un,2007/pbc/1/bdi/sr_4,practitioner,0.73,conceptual,0.53,typesafe/jev-1.13-20260917,False,9302c5a00d5bc91755ef800581c42334664f83287c56941da667be98d1f2873a,PBC/1/BDI/SR.4,2007/pbc/1/bdi/sr_4#3,0.55
un,2007/pbc/1/bdi/sr_4,conceptual,0.73,conceptual,0.61,typesafe/jev-1.13-20260917,True,9302c5a00d5bc91755ef800581c42334664f83287c56941da667be98d1f2873a,PBC/1/BDI/SR.4,2007/pbc/1/bdi/sr_4#3,0.55
un,2007/pbc/1/bdi/sr_4,comparison,0.73,conceptual,0.24,typesafe/jev-1.13-20260917,False,9302c5a00d5bc91755ef800581c42334664f83287c56941da667be98d1f2873a,PBC/1/BDI/SR.4,2007/pbc/1/bdi/sr_4#3,0.55
un,2007/pbc/1/bdi/sr_4,claim_verification,0.73,conceptual,0.61,typesafe/jev-1.13-20260917,True,9302c5a00d5bc91755ef800581c42334664f83287c56941da667be98d1f2873a,PBC/1/BDI/SR.4,2007/pbc/1/bdi/sr_4#3,0.55
un,2007/pbc/1/bdi/sr_4,source_finding,0.73,conceptual,0.42,typesafe/jev-1.13-20260917,False,9302c5a00d5bc91755ef800581c42334664f83287c56941da667be98d1f2873a,PBC/1/BDI/SR.4,2007/pbc/1/bdi/sr_4#3,0.55
un,2008/a/res/63/114,lookup,0.32,conceptual,0.47,typesafe/jev-1.13-20260917,False,642229ae84e6fb86652f395eb08b0f3c91dccf562f94b08409bfed3b12853295,A/RES/63/114,2008/a/res/63/114#2,0.55
un,2008/a/res/63/114,practitioner,0.32,conceptual,0.46,typesafe/jev-1.13-20260917,False,642229ae84e6fb86652f395eb08b0f3c91dccf562f94b08409bfed3b12853295,A/RES/63/114,2008/a/res/63/114#2,0.55
un,2008/a/res/63/114,conceptual,0.32,conceptual,0.48,typesafe/jev-1.13-20260917,False,642229ae84e6fb86652f395eb08b0f3c91dccf562f94b08409bfed3b12853295,A/RES/63/114,2008/a/res/63/114#2,0.55
un,2008/a/res/63/114,comparison,0.32,conceptual,0.23,typesafe/jev-1.13-20260917,False,642229ae84e6fb86652f395eb08b0f3c91dccf562f94b08409bfed3b12853295,A/RES/63/114,2008/a/res/63/114#2,0.55
un,2008/a/res/63/114,claim_verification,0.32,conceptual,0.52,typesafe/jev-1.13-20260917,False,642229ae84e6fb86652f395eb08b0f3c91dccf562f94b08409bfed3b12853295,A/RES/63/114,2008/a/res/63/114#2,0.55
un,2008/a/res/63/114,source_finding,0.32,conceptual,0.45,typesafe/jev-1.13-20260917,False,642229ae84e6fb86652f395eb08b0f3c91dccf562f94b08409bfed3b12853295,A/RES/63/114,2008/a/res/63/114#2,0.55
un,2008/pbc/3/gnb/sr_1,lookup,0.64,conceptual,0.42,typesafe/jev-1.13-20260917,False,595c40fe1b9f9ec2aa7241d327992a71196d43fa67b6cc2b4dddcd57ce892c87,PBC/3/GNB/SR.1,2008/pbc/3/gnb/sr_1#15,0.55
un,2008/pbc/3/gnb/sr_1,practitioner,0.64,conceptual,0.55,typesafe/jev-1.13-20260917,True,595c40fe1b9f9ec2aa7241d327992a71196d43fa67b6cc2b4dddcd57ce892c87,PBC/3/GNB/SR.1,2008/pbc/3/gnb/sr_1#15,0.55
un,2008/pbc/3/gnb/sr_1,conceptual,0.64,conceptual,0.63,typesafe/jev-1.13-20260917,True,595c40fe1b9f9ec2aa7241d327992a71196d43fa67b6cc2b4dddcd57ce892c87,PBC/3/GNB/SR.1,2008/pbc/3/gnb/sr_1#15,0.55
un,2008/pbc/3/gnb/sr_1,comparison,0.64,conceptual,0.32,typesafe/jev-1.13-20260917,False,595c40fe1b9f9ec2aa7241d327992a71196d43fa67b6cc2b4dddcd57ce892c87,PBC/3/GNB/SR.1,2008/pbc/3/gnb/sr_1#15,0.55
un,2008/pbc/3/gnb/sr_1,claim_verification,0.64,conceptual,0.6,typesafe/jev-1.13-20260917,True,595c40fe1b9f9ec2aa7241d327992a71196d43fa67b6cc2b4dddcd57ce892c87,PBC/3/GNB/SR.1,2008/pbc/3/gnb/sr_1#15,0.55
un,2008/pbc/3/gnb/sr_1,source_finding,0.64,conceptual,0.52,typesafe/jev-1.13-20260917,False,595c40fe1b9f9ec2aa7241d327992a71196d43fa67b6cc2b4dddcd57ce892c87,PBC/3/GNB/SR.1,2008/pbc/3/gnb/sr_1#15,0.55
un,2008/s/res/1825_2008_,lookup,0.64,lookup,0.64,typesafe/jev-1.13-20260917,True,10ebcd8591dd905816d78c873ee64b5bdd00b10772070665531c0212cbeb07f1,S/RES/1825(2008),2008/s/res/1825_2008_#3,0.55
un,2008/s/res/1825_2008_,practitioner,0.64,lookup,0.69,typesafe/jev-1.13-20260917,True,10ebcd8591dd905816d78c873ee64b5bdd00b10772070665531c0212cbeb07f1,S/RES/1825(2008),2008/s/res/1825_2008_#3,0.55
un,2008/s/res/1825_2008_,conceptual,0.64,lookup,0.66,typesafe/jev-1.13-20260917,True,10ebcd8591dd905816d78c873ee64b5bdd00b10772070665531c0212cbeb07f1,S/RES/1825(2008),2008/s/res/1825_2008_#3,0.55
un,2008/s/res/1825_2008_,comparison,0.64,lookup,0.28,typesafe/jev-1.13-20260917,False,10ebcd8591dd905816d78c873ee64b5bdd00b10772070665531c0212cbeb07f1,S/RES/1825(2008),2008/s/res/1825_2008_#3,0.55
un,2008/s/res/1825_2008_,claim_verification,0.64,lookup,0.66,typesafe/jev-1.13-20260917,True,10ebcd8591dd905816d78c873ee64b5bdd00b10772070665531c0212cbeb07f1,S/RES/1825(2008),2008/s/res/1825_2008_#3,0.55
un,2008/s/res/1825_2008_,source_finding,0.64,lookup,0.58,typesafe/jev-1.13-20260917,True,10ebcd8591dd905816d78c873ee64b5bdd00b10772070665531c0212cbeb07f1,S/RES/1825(2008),2008/s/res/1825_2008_#3,0.55
un,2009/cedaw/c/sr_858_b_,lookup,0.35,conceptual,0.51,typesafe/jev-1.13-20260917,False,52c724d429fb4cf809fb658bf383366a7b2ef730ad071d04e61392af21a34fd8,CEDAW/C/SR(858.B),2009/cedaw/c/sr_858_b_#22,0.55
un,2009/cedaw/c/sr_858_b_,practitioner,0.35,conceptual,0.53,typesafe/jev-1.13-20260917,False,52c724d429fb4cf809fb658bf383366a7b2ef730ad071d04e61392af21a34fd8,CEDAW/C/SR(858.B),2009/cedaw/c/sr_858_b_#22,0.55
un,2009/cedaw/c/sr_858_b_,conceptual,0.35,conceptual,0.59,typesafe/jev-1.13-20260917,True,52c724d429fb4cf809fb658bf383366a7b2ef730ad071d04e61392af21a34fd8,CEDAW/C/SR(858.B),2009/cedaw/c/sr_858_b_#22,0.55
un,2009/cedaw/c/sr_858_b_,comparison,0.35,conceptual,0.29,typesafe/jev-1.13-20260917,False,52c724d429fb4cf809fb658bf383366a7b2ef730ad071d04e61392af21a34fd8,CEDAW/C/SR(858.B),2009/cedaw/c/sr_858_b_#22,0.55
un,2009/cedaw/c/sr_858_b_,claim_verification,0.35,conceptual,0.6,typesafe/jev-1.13-20260917,True,52c724d429fb4cf809fb658bf383366a7b2ef730ad071d04e61392af21a34fd8,CEDAW/C/SR(858.B),2009/cedaw/c/sr_858_b_#22,0.55
un,2009/cedaw/c/sr_858_b_,source_finding,0.35,conceptual,0.53,typesafe/jev-1.13-20260917,False,52c724d429fb4cf809fb658bf383366a7b2ef730ad071d04e61392af21a34fd8,CEDAW/C/SR(858.B),2009/cedaw/c/sr_858_b_#22,0.55
un,2009/cedaw/c/sr_877,lookup,0.43,lookup,0.57,typesafe/jev-1.13-20260917,True,64a4f852ff129d2edd8700a9b2e1da82ff2ea302d9d7e1d8f4040db3e8c65e77,CEDAW/C/SR.877,2009/cedaw/c/sr_877#19,0.55
un,2009/cedaw/c/sr_877,practitioner,0.43,lookup,0.51,typesafe/jev-1.13-20260917,False,64a4f852ff129d2edd8700a9b2e1da82ff2ea302d9d7e1d8f4040db3e8c65e77,CEDAW/C/SR.877,2009/cedaw/c/sr_877#19,0.55
un,2009/cedaw/c/sr_877,conceptual,0.43,lookup,0.58,typesafe/jev-1.13-20260917,True,64a4f852ff129d2edd8700a9b2e1da82ff2ea302d9d7e1d8f4040db3e8c65e77,CEDAW/C/SR.877,2009/cedaw/c/sr_877#19,0.55
un,2009/cedaw/c/sr_877,comparison,0.43,lookup,0.32,typesafe/jev-1.13-20260917,False,64a4f852ff129d2edd8700a9b2e1da82ff2ea302d9d7e1d8f4040db3e8c65e77,CEDAW/C/SR.877,2009/cedaw/c/sr_877#19,0.55
un,2009/cedaw/c/sr_877,claim_verification,0.43,lookup,0.62,typesafe/jev-1.13-20260917,True,64a4f852ff129d2edd8700a9b2e1da82ff2ea302d9d7e1d8f4040db3e8c65e77,CEDAW/C/SR.877,2009/cedaw/c/sr_877#19,0.55
un,2009/cedaw/c/sr_877,source_finding,0.43,lookup,0.54,typesafe/jev-1.13-20260917,False,64a4f852ff129d2edd8700a9b2e1da82ff2ea302d9d7e1d8f4040db3e8c65e77,CEDAW/C/SR.877,2009/cedaw/c/sr_877#19,0.55
un,2009/s/res/1900_2009_,lookup,0.57,lookup,0.71,typesafe/jev-1.13-20260917,True,8ae5cb13de3f6704172d83ffddc1ca847b95ab4f3d9270fb935502fe907d3c77,S/RES/1900(2009),2009/s/res/1900_2009_#2,0.55
un,2009/s/res/1900_2009_,practitioner,0.57,lookup,0.7,typesafe/jev-1.13-20260917,True,8ae5cb13de3f6704172d83ffddc1ca847b95ab4f3d9270fb935502fe907d3c77,S/RES/1900(2009),2009/s/res/1900_2009_#2,0.55
un,2009/s/res/1900_2009_,conceptual,0.57,lookup,0.64,typesafe/jev-1.13-20260917,True,8ae5cb13de3f6704172d83ffddc1ca847b95ab4f3d9270fb935502fe907d3c77,S/RES/1900(2009),2009/s/res/1900_2009_#2,0.55
un,2009/s/res/1900_2009_,comparison,0.57,lookup,0.46,typesafe/jev-1.13-20260917,False,8ae5cb13de3f6704172d83ffddc1ca847b95ab4f3d9270fb935502fe907d3c77,S/RES/1900(2009),2009/s/res/1900_2009_#2,0.55
un,2009/s/res/1900_2009_,claim_verification,0.57,lookup,0.69,typesafe/jev-1.13-20260917,True,8ae5cb13de3f6704172d83ffddc1ca847b95ab4f3d9270fb935502fe907d3c77,S/RES/1900(2009),2009/s/res/1900_2009_#2,0.55
un,2009/s/res/1900_2009_,source_finding,0.57,lookup,0.58,typesafe/jev-1.13-20260917,True,8ae5cb13de3f6704172d83ffddc1ca847b95ab4f3d9270fb935502fe907d3c77,S/RES/1900(2009),2009/s/res/1900_2009_#2,0.55
un,2010/a/hrc/res/14/9,lookup,0.56,conceptual,0.57,typesafe/jev-1.13-20260917,True,070828bd92e87ce9d2fbd5206fe04014ed600495e2aef580f4503c5282aa7b2a,A/HRC/RES/14/9,2010/a/hrc/res/14/9#2,0.55
un,2010/a/hrc/res/14/9,practitioner,0.56,conceptual,0.5,typesafe/jev-1.13-20260917,False,070828bd92e87ce9d2fbd5206fe04014ed600495e2aef580f4503c5282aa7b2a,A/HRC/RES/14/9,2010/a/hrc/res/14/9#2,0.55
un,2010/a/hrc/res/14/9,conceptual,0.56,conceptual,0.56,typesafe/jev-1.13-20260917,True,070828bd92e87ce9d2fbd5206fe04014ed600495e2aef580f4503c5282aa7b2a,A/HRC/RES/14/9,2010/a/hrc/res/14/9#2,0.55
un,2010/a/hrc/res/14/9,comparison,0.56,conceptual,0.34,typesafe/jev-1.13-20260917,False,070828bd92e87ce9d2fbd5206fe04014ed600495e2aef580f4503c5282aa7b2a,A/HRC/RES/14/9,2010/a/hrc/res/14/9#2,0.55
un,2010/a/hrc/res/14/9,claim_verification,0.56,conceptual,0.58,typesafe/jev-1.13-20260917,True,070828bd92e87ce9d2fbd5206fe04014ed600495e2aef580f4503c5282aa7b2a,A/HRC/RES/14/9,2010/a/hrc/res/14/9#2,0.55
un,2010/a/hrc/res/14/9,source_finding,0.56,conceptual,0.54,typesafe/jev-1.13-20260917,False,070828bd92e87ce9d2fbd5206fe04014ed600495e2aef580f4503c5282aa7b2a,A/HRC/RES/14/9,2010/a/hrc/res/14/9#2,0.55
un,2010/s/res/1912_2010_,lookup,0.77,conceptual,0.47,typesafe/jev-1.13-20260917,False,0724a9682dc3e0cfc4e64f350199ce514b19d386b89a45e3586189ab1f6ad556,S/RES/1912(2010),2010/s/res/1912_2010_#2,0.55
un,2010/s/res/1912_2010_,practitioner,0.77,conceptual,0.5,typesafe/jev-1.13-20260917,False,0724a9682dc3e0cfc4e64f350199ce514b19d386b89a45e3586189ab1f6ad556,S/RES/1912(2010),2010/s/res/1912_2010_#2,0.55
un,2010/s/res/1912_2010_,conceptual,0.77,conceptual,0.6,typesafe/jev-1.13-20260917,True,0724a9682dc3e0cfc4e64f350199ce514b19d386b89a45e3586189ab1f6ad556,S/RES/1912(2010),2010/s/res/1912_2010_#2,0.55
un,2010/s/res/1912_2010_,comparison,0.77,conceptual,0.25,typesafe/jev-1.13-20260917,False,0724a9682dc3e0cfc4e64f350199ce514b19d386b89a45e3586189ab1f6ad556,S/RES/1912(2010),2010/s/res/1912_2010_#2,0.55
un,2010/s/res/1912_2010_,claim_verification,0.77,conceptual,0.58,typesafe/jev-1.13-20260917,True,0724a9682dc3e0cfc4e64f350199ce514b19d386b89a45e3586189ab1f6ad556,S/RES/1912(2010),2010/s/res/1912_2010_#2,0.55
un,2010/s/res/1912_2010_,source_finding,0.77,conceptual,0.5,typesafe/jev-1.13-20260917,False,0724a9682dc3e0cfc4e64f350199ce514b19d386b89a45e3586189ab1f6ad556,S/RES/1912(2010),2010/s/res/1912_2010_#2,0.55
un,2011/a/66/613,lookup,0.59,conceptual,0.48,typesafe/jev-1.13-20260917,False,8d4e837aa4022701dedd699b1372535fa03c30012022ce18915090edcdf39ce1,A/66/613,2011/a/66/613#3,0.55
un,2011/a/66/613,practitioner,0.59,conceptual,0.55,typesafe/jev-1.13-20260917,True,8d4e837aa4022701dedd699b1372535fa03c30012022ce18915090edcdf39ce1,A/66/613,2011/a/66/613#3,0.55
un,2011/a/66/613,conceptual,0.59,conceptual,0.62,typesafe/jev-1.13-20260917,True,8d4e837aa4022701dedd699b1372535fa03c30012022ce18915090edcdf39ce1,A/66/613,2011/a/66/613#3,0.55
un,2011/a/66/613,comparison,0.59,conceptual,0.29,typesafe/jev-1.13-20260917,False,8d4e837aa4022701dedd699b1372535fa03c30012022ce18915090edcdf39ce1,A/66/613,2011/a/66/613#3,0.55
un,2011/a/66/613,claim_verification,0.59,conceptual,0.62,typesafe/jev-1.13-20260917,True,8d4e837aa4022701dedd699b1372535fa03c30012022ce18915090edcdf39ce1,A/66/613,2011/a/66/613#3,0.55
un,2011/a/66/613,source_finding,0.59,conceptual,0.49,typesafe/jev-1.13-20260917,False,8d4e837aa4022701dedd699b1372535fa03c30012022ce18915090edcdf39ce1,A/66/613,2011/a/66/613#3,0.55
un,2011/a/res/64/155,lookup,0.36,lookup,0.61,typesafe/jev-1.13-20260917,True,ecc23266e6990729f81e924ca12e7fc6017870e6fe3dcd2764c13ce469bdc15b,A/RES/64/155,2011/a/res/64/155#6,0.55
un,2011/a/res/64/155,practitioner,0.36,lookup,0.61,typesafe/jev-1.13-20260917,True,ecc23266e6990729f81e924ca12e7fc6017870e6fe3dcd2764c13ce469bdc15b,A/RES/64/155,2011/a/res/64/155#6,0.55
un,2011/a/res/64/155,conceptual,0.36,lookup,0.63,typesafe/jev-1.13-20260917,True,ecc23266e6990729f81e924ca12e7fc6017870e6fe3dcd2764c13ce469bdc15b,A/RES/64/155,2011/a/res/64/155#6,0.55
un,2011/a/res/64/155,comparison,0.36,lookup,0.28,typesafe/jev-1.13-20260917,False,ecc23266e6990729f81e924ca12e7fc6017870e6fe3dcd2764c13ce469bdc15b,A/RES/64/155,2011/a/res/64/155#6,0.55
un,2011/a/res/64/155,claim_verification,0.36,lookup,0.6,typesafe/jev-1.13-20260917,True,ecc23266e6990729f81e924ca12e7fc6017870e6fe3dcd2764c13ce469bdc15b,A/RES/64/155,2011/a/res/64/155#6,0.55
un,2011/a/res/64/155,source_finding,0.36,lookup,0.52,typesafe/jev-1.13-20260917,False,ecc23266e6990729f81e924ca12e7fc6017870e6fe3dcd2764c13ce469bdc15b,A/RES/64/155,2011/a/res/64/155#6,0.55
un,2012/a/res/66/106,lookup,0.86,lookup,0.64,typesafe/jev-1.13-20260917,True,b26c46f3b81831a5a0825f1f0585d64c77b64a709c3381c97e1abd36d7fb5623,A/RES/66/106,2012/a/res/66/106#10,0.55
un,2012/a/res/66/106,practitioner,0.86,lookup,0.58,typesafe/jev-1.13-20260917,True,b26c46f3b81831a5a0825f1f0585d64c77b64a709c3381c97e1abd36d7fb5623,A/RES/66/106,2012/a/res/66/106#10,0.55
un,2012/a/res/66/106,conceptual,0.86,lookup,0.58,typesafe/jev-1.13-20260917,True,b26c46f3b81831a5a0825f1f0585d64c77b64a709c3381c97e1abd36d7fb5623,A/RES/66/106,2012/a/res/66/106#10,0.55
un,2012/a/res/66/106,comparison,0.86,lookup,0.3,typesafe/jev-1.13-20260917,False,b26c46f3b81831a5a0825f1f0585d64c77b64a709c3381c97e1abd36d7fb5623,A/RES/66/106,2012/a/res/66/106#10,0.55
un,2012/a/res/66/106,claim_verification,0.86,lookup,0.62,typesafe/jev-1.13-20260917,True,b26c46f3b81831a5a0825f1f0585d64c77b64a709c3381c97e1abd36d7fb5623,A/RES/66/106,2012/a/res/66/106#10,0.55
un,2012/a/res/66/106,source_finding,0.86,lookup,0.52,typesafe/jev-1.13-20260917,False,b26c46f3b81831a5a0825f1f0585d64c77b64a709c3381c97e1abd36d7fb5623,A/RES/66/106,2012/a/res/66/106#10,0.55
un,2012/a/res/66/30,lookup,0.49,conceptual,0.56,typesafe/jev-1.13-20260917,True,af351262cdf908c580861ed4722669f2f151dafa7fbbf561de4b12bae6885135,A/RES/66/30,2012/a/res/66/30#2,0.55
un,2012/a/res/66/30,practitioner,0.49,conceptual,0.58,typesafe/jev-1.13-20260917,True,af351262cdf908c580861ed4722669f2f151dafa7fbbf561de4b12bae6885135,A/RES/66/30,2012/a/res/66/30#2,0.55
un,2012/a/res/66/30,conceptual,0.49,conceptual,0.61,typesafe/jev-1.13-20260917,True,af351262cdf908c580861ed4722669f2f151dafa7fbbf561de4b12bae6885135,A/RES/66/30,2012/a/res/66/30#2,0.55
un,2012/a/res/66/30,comparison,0.49,conceptual,0.21,typesafe/jev-1.13-20260917,False,af351262cdf908c580861ed4722669f2f151dafa7fbbf561de4b12bae6885135,A/RES/66/30,2012/a/res/66/30#2,0.55
un,2012/a/res/66/30,claim_verification,0.49,conceptual,0.57,typesafe/jev-1.13-20260917,True,af351262cdf908c580861ed4722669f2f151dafa7fbbf561de4b12bae6885135,A/RES/66/30,2012/a/res/66/30#2,0.55
un,2012/a/res/66/30,source_finding,0.49,conceptual,0.54,typesafe/jev-1.13-20260917,False,af351262cdf908c580861ed4722669f2f151dafa7fbbf561de4b12bae6885135,A/RES/66/30,2012/a/res/66/30#2,0.55
un,2013/a/cn_9/sr_943,lookup,0.5,conceptual,0.39,typesafe/jev-1.13-20260917,False,e562180827d90f45d22df50015ceade4bc84155e58cdc04fc8e8bdb30718e403,A/CN.9/SR.943,2013/a/cn_9/sr_943#2,0.55
un,2013/a/cn_9/sr_943,practitioner,0.5,conceptual,0.42,typesafe/jev-1.13-20260917,False,e562180827d90f45d22df50015ceade4bc84155e58cdc04fc8e8bdb30718e403,A/CN.9/SR.943,2013/a/cn_9/sr_943#2,0.55
un,2013/a/cn_9/sr_943,conceptual,0.5,conceptual,0.5,typesafe/jev-1.13-20260917,False,e562180827d90f45d22df50015ceade4bc84155e58cdc04fc8e8bdb30718e403,A/CN.9/SR.943,2013/a/cn_9/sr_943#2,0.55
un,2013/a/cn_9/sr_943,comparison,0.5,conceptual,0.21,typesafe/jev-1.13-20260917,False,e562180827d90f45d22df50015ceade4bc84155e58cdc04fc8e8bdb30718e403,A/CN.9/SR.943,2013/a/cn_9/sr_943#2,0.55
un,2013/a/cn_9/sr_943,claim_verification,0.5,conceptual,0.53,typesafe/jev-1.13-20260917,False,e562180827d90f45d22df50015ceade4bc84155e58cdc04fc8e8bdb30718e403,A/CN.9/SR.943,2013/a/cn_9/sr_943#2,0.55
un,2013/a/cn_9/sr_943,source_finding,0.5,conceptual,0.43,typesafe/jev-1.13-20260917,False,e562180827d90f45d22df50015ceade4bc84155e58cdc04fc8e8bdb30718e403,A/CN.9/SR.943,2013/a/cn_9/sr_943#2,0.55
un,2014/a/hrc/res/26/31,lookup,0.58,practitioner,0.61,typesafe/jev-1.13-20260917,True,5e772540f2f7b1e793e9c43b54cdb57120b3700d4a497d4a03217271d759f316,A/HRC/RES/26/31,2014/a/hrc/res/26/31#3,0.55
un,2014/a/hrc/res/26/31,practitioner,0.58,practitioner,0.67,typesafe/jev-1.13-20260917,True,5e772540f2f7b1e793e9c43b54cdb57120b3700d4a497d4a03217271d759f316,A/HRC/RES/26/31,2014/a/hrc/res/26/31#3,0.55
un,2014/a/hrc/res/26/31,conceptual,0.58,practitioner,0.66,typesafe/jev-1.13-20260917,True,5e772540f2f7b1e793e9c43b54cdb57120b3700d4a497d4a03217271d759f316,A/HRC/RES/26/31,2014/a/hrc/res/26/31#3,0.55
un,2014/a/hrc/res/26/31,comparison,0.58,practitioner,0.27,typesafe/jev-1.13-20260917,False,5e772540f2f7b1e793e9c43b54cdb57120b3700d4a497d4a03217271d759f316,A/HRC/RES/26/31,2014/a/hrc/res/26/31#3,0.55
un,2014/a/hrc/res/26/31,claim_verification,0.58,practitioner,0.61,typesafe/jev-1.13-20260917,True,5e772540f2f7b1e793e9c43b54cdb57120b3700d4a497d4a03217271d759f316,A/HRC/RES/26/31,2014/a/hrc/res/26/31#3,0.55
un,2014/a/hrc/res/26/31,source_finding,0.58,practitioner,0.55,typesafe/jev-1.13-20260917,True,5e772540f2f7b1e793e9c43b54cdb57120b3700d4a497d4a03217271d759f316,A/HRC/RES/26/31,2014/a/hrc/res/26/31#3,0.55
