partition,corpus,mode,probability_threshold,document_modes,documents,tp,fp,fn,tn,accepted,rejected,high_score_count,low_score_or_skip_count,rejection_rate_low,retention_rate_high,precision,specificity,balanced_accuracy,fbeta_0_5,generation_skips,scored_modes_all,mean_best_total_40_all,min_best_total_40_all,max_best_total_40_all,scored_modes_accepted,mean_best_total_40_accepted,min_best_total_40_accepted,max_best_total_40_accepted,scored_modes_rejected,mean_best_total_40_rejected,min_best_total_40_rejected,max_best_total_40_rejected,proposal_eligible
development,all,all,0.0,180,30,97,83,0,0,180,0,97,83,0.0,1.0,0.5388888888888889,0.0,0.5,0.5936352509179926,2,178,30.719101123595507,22.0,35.0,178,30.719101123595507,22.0,35.0,0,,,,True
development,all,all,0.01,180,30,97,83,0,0,180,0,97,83,0.0,1.0,0.5388888888888889,0.0,0.5,0.5936352509179926,2,178,30.719101123595507,22.0,35.0,178,30.719101123595507,22.0,35.0,0,,,,True
development,all,all,0.02,180,30,97,83,0,0,180,0,97,83,0.0,1.0,0.5388888888888889,0.0,0.5,0.5936352509179926,2,178,30.719101123595507,22.0,35.0,178,30.719101123595507,22.0,35.0,0,,,,True
development,all,all,0.03,180,30,97,83,0,0,180,0,97,83,0.0,1.0,0.5388888888888889,0.0,0.5,0.5936352509179926,2,178,30.719101123595507,22.0,35.0,178,30.719101123595507,22.0,35.0,0,,,,True
development,all,all,0.04,180,30,97,83,0,0,180,0,97,83,0.0,1.0,0.5388888888888889,0.0,0.5,0.5936352509179926,2,178,30.719101123595507,22.0,35.0,178,30.719101123595507,22.0,35.0,0,,,,True
development,all,all,0.05,180,30,97,83,0,0,180,0,97,83,0.0,1.0,0.5388888888888889,0.0,0.5,0.5936352509179926,2,178,30.719101123595507,22.0,35.0,178,30.719101123595507,22.0,35.0,0,,,,True
development,all,all,0.06,180,30,97,83,0,0,180,0,97,83,0.0,1.0,0.5388888888888889,0.0,0.5,0.5936352509179926,2,178,30.719101123595507,22.0,35.0,178,30.719101123595507,22.0,35.0,0,,,,True
development,all,all,0.07,180,30,97,83,0,0,180,0,97,83,0.0,1.0,0.5388888888888889,0.0,0.5,0.5936352509179926,2,178,30.719101123595507,22.0,35.0,178,30.719101123595507,22.0,35.0,0,,,,True
development,all,all,0.08,180,30,97,83,0,0,180,0,97,83,0.0,1.0,0.5388888888888889,0.0,0.5,0.5936352509179926,2,178,30.719101123595507,22.0,35.0,178,30.719101123595507,22.0,35.0,0,,,,True
development,all,all,0.09,180,30,97,83,0,0,180,0,97,83,0.0,1.0,0.5388888888888889,0.0,0.5,0.5936352509179926,2,178,30.719101123595507,22.0,35.0,178,30.719101123595507,22.0,35.0,0,,,,True
development,all,all,0.1,180,30,97,83,0,0,180,0,97,83,0.0,1.0,0.5388888888888889,0.0,0.5,0.5936352509179926,2,178,30.719101123595507,22.0,35.0,178,30.719101123595507,22.0,35.0,0,,,,True
development,all,all,0.11,180,30,97,83,0,0,180,0,97,83,0.0,1.0,0.5388888888888889,0.0,0.5,0.5936352509179926,2,178,30.719101123595507,22.0,35.0,178,30.719101123595507,22.0,35.0,0,,,,True
development,all,all,0.12,180,30,97,83,0,0,180,0,97,83,0.0,1.0,0.5388888888888889,0.0,0.5,0.5936352509179926,2,178,30.719101123595507,22.0,35.0,178,30.719101123595507,22.0,35.0,0,,,,True
development,all,all,0.13,180,30,97,83,0,0,180,0,97,83,0.0,1.0,0.5388888888888889,0.0,0.5,0.5936352509179926,2,178,30.719101123595507,22.0,35.0,178,30.719101123595507,22.0,35.0,0,,,,True
development,all,all,0.14,180,30,97,83,0,0,180,0,97,83,0.0,1.0,0.5388888888888889,0.0,0.5,0.5936352509179926,2,178,30.719101123595507,22.0,35.0,178,30.719101123595507,22.0,35.0,0,,,,True
development,all,all,0.15,180,30,97,83,0,0,180,0,97,83,0.0,1.0,0.5388888888888889,0.0,0.5,0.5936352509179926,2,178,30.719101123595507,22.0,35.0,178,30.719101123595507,22.0,35.0,0,,,,True
development,all,all,0.16,180,30,97,83,0,0,180,0,97,83,0.0,1.0,0.5388888888888889,0.0,0.5,0.5936352509179926,2,178,30.719101123595507,22.0,35.0,178,30.719101123595507,22.0,35.0,0,,,,True
development,all,all,0.16000000000000003,180,30,96,83,1,0,179,1,97,83,0.0,0.9896907216494846,0.5363128491620112,0.0,0.4948453608247423,0.5904059040590406,2,178,30.719101123595507,22.0,35.0,177,30.71186440677966,22.0,35.0,1,32.0,32.0,32.0,True
development,all,all,0.17,180,30,96,83,1,0,179,1,97,83,0.0,0.9896907216494846,0.5363128491620112,0.0,0.4948453608247423,0.5904059040590406,2,178,30.719101123595507,22.0,35.0,177,30.71186440677966,22.0,35.0,1,32.0,32.0,32.0,True
development,all,all,0.18,180,30,96,83,1,0,179,1,97,83,0.0,0.9896907216494846,0.5363128491620112,0.0,0.4948453608247423,0.5904059040590406,2,178,30.719101123595507,22.0,35.0,177,30.71186440677966,22.0,35.0,1,32.0,32.0,32.0,True
development,all,all,0.19,180,30,96,83,1,0,179,1,97,83,0.0,0.9896907216494846,0.5363128491620112,0.0,0.4948453608247423,0.5904059040590406,2,178,30.719101123595507,22.0,35.0,177,30.71186440677966,22.0,35.0,1,32.0,32.0,32.0,True
development,all,all,0.2,180,30,96,83,1,0,179,1,97,83,0.0,0.9896907216494846,0.5363128491620112,0.0,0.4948453608247423,0.5904059040590406,2,178,30.719101123595507,22.0,35.0,177,30.71186440677966,22.0,35.0,1,32.0,32.0,32.0,True
development,all,all,0.20000000000000004,180,30,96,82,1,1,178,2,97,83,0.012048192771084338,0.9896907216494846,0.5393258426966292,0.012048192771084338,0.5008694572102844,0.5933250927070457,2,178,30.719101123595507,22.0,35.0,176,30.72159090909091,22.0,35.0,2,30.5,29.0,32.0,True
development,all,all,0.21,180,30,96,82,1,1,178,2,97,83,0.012048192771084338,0.9896907216494846,0.5393258426966292,0.012048192771084338,0.5008694572102844,0.5933250927070457,2,178,30.719101123595507,22.0,35.0,176,30.72159090909091,22.0,35.0,2,30.5,29.0,32.0,True
development,all,all,0.21000000000000002,180,30,95,79,2,4,174,6,97,83,0.04819277108433735,0.979381443298969,0.5459770114942529,0.04819277108433735,0.5137871071916532,0.5989911727616646,2,178,30.719101123595507,22.0,35.0,172,30.738372093023255,22.0,35.0,6,30.166666666666668,26.0,32.0,True
development,all,all,0.22,180,30,95,79,2,4,174,6,97,83,0.04819277108433735,0.979381443298969,0.5459770114942529,0.04819277108433735,0.5137871071916532,0.5989911727616646,2,178,30.719101123595507,22.0,35.0,172,30.738372093023255,22.0,35.0,6,30.166666666666668,26.0,32.0,True
development,all,all,0.23,180,30,95,79,2,4,174,6,97,83,0.04819277108433735,0.979381443298969,0.5459770114942529,0.04819277108433735,0.5137871071916532,0.5989911727616646,2,178,30.719101123595507,22.0,35.0,172,30.738372093023255,22.0,35.0,6,30.166666666666668,26.0,32.0,True
development,all,all,0.23000000000000004,180,30,95,78,2,5,173,7,97,83,0.060240963855421686,0.979381443298969,0.5491329479768786,0.060240963855421686,0.5198112035771953,0.6020278833967047,2,178,30.719101123595507,22.0,35.0,171,30.771929824561404,22.0,35.0,7,29.428571428571427,25.0,32.0,True
development,all,all,0.24,180,30,95,78,2,5,173,7,97,83,0.060240963855421686,0.979381443298969,0.5491329479768786,0.060240963855421686,0.5198112035771953,0.6020278833967047,2,178,30.719101123595507,22.0,35.0,171,30.771929824561404,22.0,35.0,7,29.428571428571427,25.0,32.0,True
development,all,all,0.24000000000000002,180,30,93,78,4,5,171,9,97,83,0.060240963855421686,0.9587628865979382,0.543859649122807,0.060240963855421686,0.5095019252266799,0.5953905249679897,2,178,30.719101123595507,22.0,35.0,169,30.757396449704142,22.0,35.0,9,30.0,25.0,32.0,True
development,all,all,0.25,180,30,93,78,4,5,171,9,97,83,0.060240963855421686,0.9587628865979382,0.543859649122807,0.060240963855421686,0.5095019252266799,0.5953905249679897,2,178,30.719101123595507,22.0,35.0,169,30.757396449704142,22.0,35.0,9,30.0,25.0,32.0,True
development,all,all,0.25000000000000006,180,30,93,77,4,6,170,10,97,83,0.07228915662650602,0.9587628865979382,0.5470588235294118,0.07228915662650602,0.515526021612222,0.5984555984555985,2,178,30.719101123595507,22.0,35.0,168,30.767857142857142,22.0,35.0,10,29.9,25.0,32.0,True
development,all,all,0.26,180,30,93,77,4,6,170,10,97,83,0.07228915662650602,0.9587628865979382,0.5470588235294118,0.07228915662650602,0.515526021612222,0.5984555984555985,2,178,30.719101123595507,22.0,35.0,168,30.767857142857142,22.0,35.0,10,29.9,25.0,32.0,True
development,all,all,0.26000000000000006,180,30,90,76,7,7,166,14,97,83,0.08433734939759036,0.9278350515463918,0.5421686746987951,0.08433734939759036,0.506086200471991,0.5913272010512484,2,178,30.719101123595507,22.0,35.0,164,30.75,22.0,35.0,14,30.357142857142858,25.0,32.0,True
development,all,all,0.27,180,30,90,76,7,7,166,14,97,83,0.08433734939759036,0.9278350515463918,0.5421686746987951,0.08433734939759036,0.506086200471991,0.5913272010512484,2,178,30.719101123595507,22.0,35.0,164,30.75,22.0,35.0,14,30.357142857142858,25.0,32.0,True
development,all,all,0.2700000000000001,180,30,89,76,8,7,165,15,97,83,0.08433734939759036,0.9175257731958762,0.5393939393939394,0.08433734939759036,0.5009315612967333,0.5878467635402906,2,178,30.719101123595507,22.0,35.0,163,30.742331288343557,22.0,35.0,15,30.466666666666665,25.0,32.0,True
development,all,all,0.28,180,30,89,76,8,7,165,15,97,83,0.08433734939759036,0.9175257731958762,0.5393939393939394,0.08433734939759036,0.5009315612967333,0.5878467635402906,2,178,30.719101123595507,22.0,35.0,163,30.742331288343557,22.0,35.0,15,30.466666666666665,25.0,32.0,True
development,all,all,0.2800000000000001,180,30,89,72,8,11,161,19,97,83,0.13253012048192772,0.9175257731958762,0.5527950310559007,0.13253012048192772,0.525027946838902,0.6005398110661269,2,178,30.719101123595507,22.0,35.0,160,30.775,22.0,35.0,18,30.22222222222222,25.0,32.0,True
development,all,all,0.29,180,30,89,72,8,11,161,19,97,83,0.13253012048192772,0.9175257731958762,0.5527950310559007,0.13253012048192772,0.525027946838902,0.6005398110661269,2,178,30.719101123595507,22.0,35.0,160,30.775,22.0,35.0,18,30.22222222222222,25.0,32.0,True
development,all,all,0.29000000000000004,180,30,88,72,9,11,160,20,97,83,0.13253012048192772,0.9072164948453608,0.55,0.13253012048192772,0.5198733076636443,0.5970149253731343,2,178,30.719101123595507,22.0,35.0,159,30.767295597484278,22.0,35.0,19,30.31578947368421,25.0,32.0,True
development,all,all,0.3,180,30,88,72,9,11,160,20,97,83,0.13253012048192772,0.9072164948453608,0.55,0.13253012048192772,0.5198733076636443,0.5970149253731343,2,178,30.719101123595507,22.0,35.0,159,30.767295597484278,22.0,35.0,19,30.31578947368421,25.0,32.0,True
development,all,all,0.30000000000000004,180,30,88,71,9,12,159,21,97,83,0.14457831325301204,0.9072164948453608,0.5534591194968553,0.14457831325301204,0.5258974040491864,0.6002728512960437,2,178,30.719101123595507,22.0,35.0,158,30.765822784810126,22.0,35.0,20,30.35,25.0,32.0,True
development,all,all,0.31,180,30,88,71,9,12,159,21,97,83,0.14457831325301204,0.9072164948453608,0.5534591194968553,0.14457831325301204,0.5258974040491864,0.6002728512960437,2,178,30.719101123595507,22.0,35.0,158,30.765822784810126,22.0,35.0,20,30.35,25.0,32.0,True
development,all,all,0.31000000000000005,180,30,87,70,10,13,157,23,97,83,0.1566265060240964,0.8969072164948454,0.554140127388535,0.1566265060240964,0.5267668612594709,0.6,2,178,30.719101123595507,22.0,35.0,156,30.762820512820515,22.0,35.0,22,30.40909090909091,25.0,32.0,True
development,all,all,0.32,180,30,87,70,10,13,157,23,97,83,0.1566265060240964,0.8969072164948454,0.554140127388535,0.1566265060240964,0.5267668612594709,0.6,2,178,30.719101123595507,22.0,35.0,156,30.762820512820515,22.0,35.0,22,30.40909090909091,25.0,32.0,True
development,all,all,0.32000000000000006,180,30,87,68,10,15,155,25,97,83,0.18072289156626506,0.8969072164948454,0.5612903225806452,0.18072289156626506,0.5388150540305552,0.606694560669456,2,178,30.719101123595507,22.0,35.0,154,30.766233766233768,22.0,35.0,24,30.416666666666668,25.0,32.0,True
development,all,all,0.33,180,30,87,68,10,15,155,25,97,83,0.18072289156626506,0.8969072164948454,0.5612903225806452,0.18072289156626506,0.5388150540305552,0.606694560669456,2,178,30.719101123595507,22.0,35.0,154,30.766233766233768,22.0,35.0,24,30.416666666666668,25.0,32.0,True
development,all,all,0.33000000000000007,180,30,87,67,10,16,154,26,97,83,0.1927710843373494,0.8969072164948454,0.564935064935065,0.1927710843373494,0.5448391504160974,0.6100981767180925,2,178,30.719101123595507,22.0,35.0,153,30.77124183006536,22.0,35.0,25,30.4,25.0,32.0,True
development,all,all,0.34,180,30,87,67,10,16,154,26,97,83,0.1927710843373494,0.8969072164948454,0.564935064935065,0.1927710843373494,0.5448391504160974,0.6100981767180925,2,178,30.719101123595507,22.0,35.0,153,30.77124183006536,22.0,35.0,25,30.4,25.0,32.0,True
development,all,all,0.3400000000000001,180,30,87,66,10,17,153,27,97,83,0.20481927710843373,0.8969072164948454,0.5686274509803921,0.20481927710843373,0.5508632468016396,0.613540197461213,2,178,30.719101123595507,22.0,35.0,152,30.782894736842106,22.0,35.0,26,30.346153846153847,25.0,32.0,True
development,all,all,0.35,180,30,87,66,10,17,153,27,97,83,0.20481927710843373,0.8969072164948454,0.5686274509803921,0.20481927710843373,0.5508632468016396,0.613540197461213,2,178,30.719101123595507,22.0,35.0,152,30.782894736842106,22.0,35.0,26,30.346153846153847,25.0,32.0,True
development,all,all,0.35000000000000003,180,30,86,66,11,17,152,28,97,83,0.20481927710843373,0.8865979381443299,0.5657894736842105,0.20481927710843373,0.5457086076263817,0.6099290780141844,2,178,30.719101123595507,22.0,35.0,151,30.774834437086092,22.0,35.0,27,30.40740740740741,25.0,32.0,True
development,all,all,0.36,180,30,86,66,11,17,152,28,97,83,0.20481927710843373,0.8865979381443299,0.5657894736842105,0.20481927710843373,0.5457086076263817,0.6099290780141844,2,178,30.719101123595507,22.0,35.0,151,30.774834437086092,22.0,35.0,27,30.40740740740741,25.0,32.0,True
development,all,all,0.37,180,30,86,66,11,17,152,28,97,83,0.20481927710843373,0.8865979381443299,0.5657894736842105,0.20481927710843373,0.5457086076263817,0.6099290780141844,2,178,30.719101123595507,22.0,35.0,151,30.774834437086092,22.0,35.0,27,30.40740740740741,25.0,32.0,True
development,all,all,0.38,180,30,86,66,11,17,152,28,97,83,0.20481927710843373,0.8865979381443299,0.5657894736842105,0.20481927710843373,0.5457086076263817,0.6099290780141844,2,178,30.719101123595507,22.0,35.0,151,30.774834437086092,22.0,35.0,27,30.40740740740741,25.0,32.0,True
development,all,all,0.39,180,30,86,66,11,17,152,28,97,83,0.20481927710843373,0.8865979381443299,0.5657894736842105,0.20481927710843373,0.5457086076263817,0.6099290780141844,2,178,30.719101123595507,22.0,35.0,151,30.774834437086092,22.0,35.0,27,30.40740740740741,25.0,32.0,True
development,all,all,0.39000000000000007,180,30,83,65,14,18,148,32,97,83,0.21686746987951808,0.8556701030927835,0.5608108108108109,0.21686746987951808,0.5362687864861507,0.602322206095791,2,178,30.719101123595507,22.0,35.0,147,30.755102040816325,22.0,35.0,31,30.548387096774192,25.0,32.0,True
development,all,all,0.4,180,30,83,65,14,18,148,32,97,83,0.21686746987951808,0.8556701030927835,0.5608108108108109,0.21686746987951808,0.5362687864861507,0.602322206095791,2,178,30.719101123595507,22.0,35.0,147,30.755102040816325,22.0,35.0,31,30.548387096774192,25.0,32.0,True
development,all,all,0.4000000000000001,180,30,82,65,15,18,147,33,97,83,0.21686746987951808,0.845360824742268,0.5578231292517006,0.21686746987951808,0.531114147310893,0.5985401459854015,2,178,30.719101123595507,22.0,35.0,146,30.746575342465754,22.0,35.0,32,30.59375,25.0,32.0,True
development,all,all,0.41,180,30,82,65,15,18,147,33,97,83,0.21686746987951808,0.845360824742268,0.5578231292517006,0.21686746987951808,0.531114147310893,0.5985401459854015,2,178,30.719101123595507,22.0,35.0,146,30.746575342465754,22.0,35.0,32,30.59375,25.0,32.0,True
development,all,all,0.41000000000000003,180,30,81,64,16,19,145,35,97,83,0.2289156626506024,0.8350515463917526,0.5586206896551724,0.2289156626506024,0.5319836045211775,0.5982274741506647,2,178,30.719101123595507,22.0,35.0,144,30.73611111111111,22.0,35.0,34,30.647058823529413,25.0,32.0,True
development,all,all,0.42,180,30,81,64,16,19,145,35,97,83,0.2289156626506024,0.8350515463917526,0.5586206896551724,0.2289156626506024,0.5319836045211775,0.5982274741506647,2,178,30.719101123595507,22.0,35.0,144,30.73611111111111,22.0,35.0,34,30.647058823529413,25.0,32.0,True
development,all,all,0.42000000000000004,180,30,78,62,19,21,140,40,97,83,0.25301204819277107,0.8041237113402062,0.5571428571428572,0.25301204819277107,0.5285678797664887,0.593607305936073,2,178,30.719101123595507,22.0,35.0,139,30.762589928057555,22.0,35.0,39,30.564102564102566,23.0,32.0,True
development,all,all,0.43,180,30,78,62,19,21,140,40,97,83,0.25301204819277107,0.8041237113402062,0.5571428571428572,0.25301204819277107,0.5285678797664887,0.593607305936073,2,178,30.719101123595507,22.0,35.0,139,30.762589928057555,22.0,35.0,39,30.564102564102566,23.0,32.0,True
development,all,all,0.43000000000000005,180,30,76,58,21,25,134,46,97,83,0.30120481927710846,0.7835051546391752,0.5671641791044776,0.30120481927710846,0.5423549869581419,0.6003159557661928,2,178,30.719101123595507,22.0,35.0,134,30.746268656716417,22.0,35.0,44,30.636363636363637,23.0,33.0,True
development,all,all,0.44,180,30,76,58,21,25,134,46,97,83,0.30120481927710846,0.7835051546391752,0.5671641791044776,0.30120481927710846,0.5423549869581419,0.6003159557661928,2,178,30.719101123595507,22.0,35.0,134,30.746268656716417,22.0,35.0,44,30.636363636363637,23.0,33.0,True
development,all,all,0.44000000000000006,180,30,74,56,23,27,130,50,97,83,0.3253012048192771,0.7628865979381443,0.5692307692307692,0.3253012048192771,0.5440939013787107,0.5996758508914101,2,178,30.719101123595507,22.0,35.0,130,30.73846153846154,22.0,35.0,48,30.666666666666668,23.0,33.0,True
development,all,all,0.45,180,30,74,56,23,27,130,50,97,83,0.3253012048192771,0.7628865979381443,0.5692307692307692,0.3253012048192771,0.5440939013787107,0.5996758508914101,2,178,30.719101123595507,22.0,35.0,130,30.73846153846154,22.0,35.0,48,30.666666666666668,23.0,33.0,True
development,all,all,0.45000000000000007,180,30,71,53,26,30,124,56,97,83,0.3614457831325301,0.7319587628865979,0.5725806451612904,0.3614457831325301,0.546702273009564,0.5986509274873525,2,178,30.719101123595507,22.0,35.0,124,30.701612903225808,22.0,35.0,54,30.75925925925926,23.0,33.0,True
development,all,all,0.46,180,30,71,53,26,30,124,56,97,83,0.3614457831325301,0.7319587628865979,0.5725806451612904,0.3614457831325301,0.546702273009564,0.5986509274873525,2,178,30.719101123595507,22.0,35.0,124,30.701612903225808,22.0,35.0,54,30.75925925925926,23.0,33.0,True
development,all,all,0.4600000000000001,180,30,67,52,30,31,119,61,97,83,0.37349397590361444,0.6907216494845361,0.5630252100840336,0.37349397590361444,0.5321078126940753,0.5846422338568935,2,178,30.719101123595507,22.0,35.0,119,30.65546218487395,22.0,35.0,59,30.847457627118644,23.0,33.0,True
development,all,all,0.47,180,30,67,52,30,31,119,61,97,83,0.37349397590361444,0.6907216494845361,0.5630252100840336,0.37349397590361444,0.5321078126940753,0.5846422338568935,2,178,30.719101123595507,22.0,35.0,119,30.65546218487395,22.0,35.0,59,30.847457627118644,23.0,33.0,True
development,all,all,0.47000000000000003,180,30,63,50,34,33,113,67,97,83,0.39759036144578314,0.6494845360824743,0.5575221238938053,0.39759036144578314,0.5235374487641287,0.5737704918032787,2,178,30.719101123595507,22.0,35.0,113,30.663716814159294,22.0,35.0,65,30.815384615384616,23.0,33.0,True
development,all,all,0.48,180,30,63,50,34,33,113,67,97,83,0.39759036144578314,0.6494845360824743,0.5575221238938053,0.39759036144578314,0.5235374487641287,0.5737704918032787,2,178,30.719101123595507,22.0,35.0,113,30.663716814159294,22.0,35.0,65,30.815384615384616,23.0,33.0,True
development,all,all,0.48000000000000004,180,30,62,48,35,35,110,70,97,83,0.42168674698795183,0.6391752577319587,0.5636363636363636,0.42168674698795183,0.5304310023599552,0.5772811918063314,2,178,30.719101123595507,22.0,35.0,110,30.663636363636364,22.0,35.0,68,30.808823529411764,23.0,33.0,True
development,all,all,0.49,180,30,62,48,35,35,110,70,97,83,0.42168674698795183,0.6391752577319587,0.5636363636363636,0.42168674698795183,0.5304310023599552,0.5772811918063314,2,178,30.719101123595507,22.0,35.0,110,30.663636363636364,22.0,35.0,68,30.808823529411764,23.0,33.0,True
development,all,all,0.49000000000000005,180,30,61,43,36,40,104,76,97,83,0.4819277108433735,0.6288659793814433,0.5865384615384616,0.4819277108433735,0.5553968451124084,0.594541910331384,2,178,30.719101123595507,22.0,35.0,104,30.75,22.0,35.0,74,30.675675675675677,23.0,33.0,True
development,all,all,0.5,180,30,61,43,36,40,104,76,97,83,0.4819277108433735,0.6288659793814433,0.5865384615384616,0.4819277108433735,0.5553968451124084,0.594541910331384,2,178,30.719101123595507,22.0,35.0,104,30.75,22.0,35.0,74,30.675675675675677,23.0,33.0,True
development,all,all,0.5000000000000001,180,30,60,39,37,44,99,81,97,83,0.5301204819277109,0.6185567010309279,0.6060606060606061,0.5301204819277109,0.5743385914793193,0.6085192697768763,2,178,30.719101123595507,22.0,35.0,99,30.737373737373737,22.0,35.0,79,30.696202531645568,23.0,33.0,True
development,all,all,0.51,180,30,60,39,37,44,99,81,97,83,0.5301204819277109,0.6185567010309279,0.6060606060606061,0.5301204819277109,0.5743385914793193,0.6085192697768763,2,178,30.719101123595507,22.0,35.0,99,30.737373737373737,22.0,35.0,79,30.696202531645568,23.0,33.0,True
development,all,all,0.5100000000000001,180,30,56,39,41,44,95,85,97,83,0.5301204819277109,0.5773195876288659,0.5894736842105263,0.5301204819277109,0.5537200347782885,0.5870020964360587,2,178,30.719101123595507,22.0,35.0,95,30.68421052631579,22.0,35.0,83,30.759036144578314,23.0,33.0,True
development,all,all,0.52,180,30,56,39,41,44,95,85,97,83,0.5301204819277109,0.5773195876288659,0.5894736842105263,0.5301204819277109,0.5537200347782885,0.5870020964360587,2,178,30.719101123595507,22.0,35.0,95,30.68421052631579,22.0,35.0,83,30.759036144578314,23.0,33.0,True
development,all,all,0.5200000000000001,180,30,52,37,45,46,89,91,97,83,0.5542168674698795,0.5360824742268041,0.5842696629213483,0.5542168674698795,0.5451496708483419,0.5739514348785872,2,178,30.719101123595507,22.0,35.0,89,30.640449438202246,22.0,35.0,89,30.797752808988765,23.0,33.0,True
development,all,all,0.53,180,30,52,37,45,46,89,91,97,83,0.5542168674698795,0.5360824742268041,0.5842696629213483,0.5542168674698795,0.5451496708483419,0.5739514348785872,2,178,30.719101123595507,22.0,35.0,89,30.640449438202246,22.0,35.0,89,30.797752808988765,23.0,33.0,True
development,all,all,0.5300000000000001,180,30,50,35,47,48,85,95,97,83,0.5783132530120482,0.5154639175257731,0.5882352941176471,0.5783132530120482,0.5468885852689107,0.5720823798627003,2,178,30.719101123595507,22.0,35.0,85,30.6,22.0,35.0,93,30.827956989247312,23.0,33.0,True
development,all,all,0.54,180,30,50,35,47,48,85,95,97,83,0.5783132530120482,0.5154639175257731,0.5882352941176471,0.5783132530120482,0.5468885852689107,0.5720823798627003,2,178,30.719101123595507,22.0,35.0,85,30.6,22.0,35.0,93,30.827956989247312,23.0,33.0,True
development,all,all,0.5400000000000001,180,30,47,33,50,50,80,100,97,83,0.6024096385542169,0.4845360824742268,0.5875,0.6024096385542169,0.5434728605142218,0.5635491606714629,2,178,30.719101123595507,22.0,35.0,80,30.575,22.0,35.0,98,30.836734693877553,23.0,33.0,False
development,all,all,0.55,180,30,47,33,50,50,80,100,97,83,0.6024096385542169,0.4845360824742268,0.5875,0.6024096385542169,0.5434728605142218,0.5635491606714629,2,178,30.719101123595507,22.0,35.0,80,30.575,22.0,35.0,98,30.836734693877553,23.0,33.0,False
development,all,all,0.5500000000000002,180,30,47,31,50,52,78,102,97,83,0.6265060240963856,0.4845360824742268,0.6025641025641025,0.6265060240963856,0.5555210532853062,0.5745721271393643,2,178,30.719101123595507,22.0,35.0,78,30.666666666666668,22.0,35.0,100,30.76,23.0,33.0,False
development,all,all,0.56,180,30,47,31,50,52,78,102,97,83,0.6265060240963856,0.4845360824742268,0.6025641025641025,0.6265060240963856,0.5555210532853062,0.5745721271393643,2,178,30.719101123595507,22.0,35.0,78,30.666666666666668,22.0,35.0,100,30.76,23.0,33.0,False
development,all,all,0.5600000000000002,180,30,42,27,55,56,69,111,97,83,0.6746987951807228,0.4329896907216495,0.6086956521739131,0.6746987951807228,0.5538442429511862,0.5630026809651475,2,178,30.719101123595507,22.0,35.0,69,30.782608695652176,22.0,35.0,109,30.678899082568808,23.0,33.0,False
development,all,all,0.57,180,30,42,27,55,56,69,111,97,83,0.6746987951807228,0.4329896907216495,0.6086956521739131,0.6746987951807228,0.5538442429511862,0.5630026809651475,2,178,30.719101123595507,22.0,35.0,69,30.782608695652176,22.0,35.0,109,30.678899082568808,23.0,33.0,False
development,all,all,0.5700000000000001,180,30,37,24,60,59,61,119,97,83,0.7108433734939759,0.38144329896907214,0.6065573770491803,0.7108433734939759,0.546143336231524,0.5425219941348973,2,178,30.719101123595507,22.0,35.0,61,30.672131147540984,22.0,35.0,117,30.743589743589745,23.0,33.0,False
development,all,all,0.58,180,30,37,24,60,59,61,119,97,83,0.7108433734939759,0.38144329896907214,0.6065573770491803,0.7108433734939759,0.546143336231524,0.5425219941348973,2,178,30.719101123595507,22.0,35.0,61,30.672131147540984,22.0,35.0,117,30.743589743589745,23.0,33.0,False
development,all,all,0.5800000000000001,180,30,33,20,64,63,53,127,97,83,0.7590361445783133,0.3402061855670103,0.6226415094339622,0.7590361445783133,0.5496211650726618,0.5339805825242718,2,178,30.719101123595507,22.0,35.0,53,30.60377358490566,22.0,35.0,125,30.768,23.0,33.0,False
development,all,all,0.59,180,30,33,20,64,63,53,127,97,83,0.7590361445783133,0.3402061855670103,0.6226415094339622,0.7590361445783133,0.5496211650726618,0.5339805825242718,2,178,30.719101123595507,22.0,35.0,53,30.60377358490566,22.0,35.0,125,30.768,23.0,33.0,False
development,all,all,0.5900000000000001,180,30,28,18,69,65,46,134,97,83,0.7831325301204819,0.28865979381443296,0.6086956521739131,0.7831325301204819,0.5358961619674574,0.498220640569395,2,178,30.719101123595507,22.0,35.0,46,30.630434782608695,24.0,35.0,132,30.75,22.0,33.0,False
development,all,all,0.6,180,30,28,18,69,65,46,134,97,83,0.7831325301204819,0.28865979381443296,0.6086956521739131,0.7831325301204819,0.5358961619674574,0.498220640569395,2,178,30.719101123595507,22.0,35.0,46,30.630434782608695,24.0,35.0,132,30.75,22.0,33.0,False
development,all,all,0.6000000000000001,180,30,27,15,70,68,42,138,97,83,0.8192771084337349,0.27835051546391754,0.6428571428571429,0.8192771084337349,0.5488138119488262,0.5094339622641509,2,178,30.719101123595507,22.0,35.0,42,30.69047619047619,24.0,35.0,136,30.727941176470587,22.0,33.0,False
development,all,all,0.61,180,30,27,15,70,68,42,138,97,83,0.8192771084337349,0.27835051546391754,0.6428571428571429,0.8192771084337349,0.5488138119488262,0.5094339622641509,2,178,30.719101123595507,22.0,35.0,42,30.69047619047619,24.0,35.0,136,30.727941176470587,22.0,33.0,False
development,all,all,0.6100000000000001,180,30,22,11,75,72,33,147,97,83,0.8674698795180723,0.2268041237113402,0.6666666666666666,0.8674698795180723,0.5471370016147062,0.48034934497816595,2,178,30.719101123595507,22.0,35.0,33,30.848484848484848,24.0,35.0,145,30.689655172413794,22.0,33.0,False
development,all,all,0.62,180,30,22,11,75,72,33,147,97,83,0.8674698795180723,0.2268041237113402,0.6666666666666666,0.8674698795180723,0.5471370016147062,0.48034934497816595,2,178,30.719101123595507,22.0,35.0,33,30.848484848484848,24.0,35.0,145,30.689655172413794,22.0,33.0,False
development,all,all,0.6200000000000001,180,30,15,8,82,75,23,157,97,83,0.9036144578313253,0.15463917525773196,0.6521739130434783,0.9036144578313253,0.5291268165445286,0.3968253968253968,2,178,30.719101123595507,22.0,35.0,23,30.347826086956523,24.0,32.0,155,30.774193548387096,22.0,35.0,False
development,all,all,0.63,180,30,15,8,82,75,23,157,97,83,0.9036144578313253,0.15463917525773196,0.6521739130434783,0.9036144578313253,0.5291268165445286,0.3968253968253968,2,178,30.719101123595507,22.0,35.0,23,30.347826086956523,24.0,32.0,155,30.774193548387096,22.0,35.0,False
development,all,all,0.6300000000000001,180,30,12,8,85,75,20,160,97,83,0.9036144578313253,0.12371134020618557,0.6,0.9036144578313253,0.5136628990187555,0.3389830508474576,2,178,30.719101123595507,22.0,35.0,20,30.1,24.0,32.0,158,30.79746835443038,22.0,35.0,False
development,all,all,0.64,180,30,12,8,85,75,20,160,97,83,0.9036144578313253,0.12371134020618557,0.6,0.9036144578313253,0.5136628990187555,0.3389830508474576,2,178,30.719101123595507,22.0,35.0,20,30.1,24.0,32.0,158,30.79746835443038,22.0,35.0,False
development,all,all,0.6400000000000001,180,30,8,6,89,77,14,166,97,83,0.927710843373494,0.08247422680412371,0.5714285714285714,0.927710843373494,0.5050925350888088,0.26143790849673204,2,178,30.719101123595507,22.0,35.0,14,30.0,25.0,32.0,164,30.78048780487805,22.0,35.0,False
development,all,all,0.65,180,30,8,6,89,77,14,166,97,83,0.927710843373494,0.08247422680412371,0.5714285714285714,0.927710843373494,0.5050925350888088,0.26143790849673204,2,178,30.719101123595507,22.0,35.0,14,30.0,25.0,32.0,164,30.78048780487805,22.0,35.0,False
development,all,all,0.6500000000000001,180,30,6,6,91,77,12,168,97,83,0.927710843373494,0.061855670103092786,0.5,0.927710843373494,0.4947832567382934,0.20689655172413793,2,178,30.719101123595507,22.0,35.0,12,29.666666666666668,25.0,32.0,166,30.795180722891565,22.0,35.0,False
development,all,all,0.66,180,30,6,6,91,77,12,168,97,83,0.927710843373494,0.061855670103092786,0.5,0.927710843373494,0.4947832567382934,0.20689655172413793,2,178,30.719101123595507,22.0,35.0,12,29.666666666666668,25.0,32.0,166,30.795180722891565,22.0,35.0,False
development,all,all,0.6600000000000001,180,30,3,5,94,78,8,172,97,83,0.9397590361445783,0.030927835051546393,0.375,0.9397590361445783,0.48534343559806237,0.11627906976744186,2,178,30.719101123595507,22.0,35.0,8,28.75,25.0,32.0,170,30.811764705882354,22.0,35.0,False
development,all,all,0.67,180,30,3,5,94,78,8,172,97,83,0.9397590361445783,0.030927835051546393,0.375,0.9397590361445783,0.48534343559806237,0.11627906976744186,2,178,30.719101123595507,22.0,35.0,8,28.75,25.0,32.0,170,30.811764705882354,22.0,35.0,False
development,all,all,0.6700000000000002,180,30,2,4,95,79,6,174,97,83,0.9518072289156626,0.020618556701030927,0.3333333333333333,0.9518072289156626,0.4862128928083468,0.08264462809917356,2,178,30.719101123595507,22.0,35.0,6,28.666666666666668,25.0,32.0,172,30.790697674418606,22.0,35.0,False
development,all,all,0.68,180,30,2,4,95,79,6,174,97,83,0.9518072289156626,0.020618556701030927,0.3333333333333333,0.9518072289156626,0.4862128928083468,0.08264462809917356,2,178,30.719101123595507,22.0,35.0,6,28.666666666666668,25.0,32.0,172,30.790697674418606,22.0,35.0,False
development,all,all,0.6800000000000002,180,30,1,3,96,80,4,176,97,83,0.963855421686747,0.010309278350515464,0.25,0.963855421686747,0.4870823500186312,0.04424778761061947,2,178,30.719101123595507,22.0,35.0,4,27.5,25.0,32.0,174,30.79310344827586,22.0,35.0,False
development,all,all,0.69,180,30,1,3,96,80,4,176,97,83,0.963855421686747,0.010309278350515464,0.25,0.963855421686747,0.4870823500186312,0.04424778761061947,2,178,30.719101123595507,22.0,35.0,4,27.5,25.0,32.0,174,30.79310344827586,22.0,35.0,False
development,all,all,0.6900000000000001,180,30,1,1,96,82,2,178,97,83,0.9879518072289156,0.010309278350515464,0.5,0.9879518072289156,0.4991305427897155,0.047619047619047616,2,178,30.719101123595507,22.0,35.0,2,30.0,28.0,32.0,176,30.727272727272727,22.0,35.0,False
development,all,all,0.7,180,30,1,1,96,82,2,178,97,83,0.9879518072289156,0.010309278350515464,0.5,0.9879518072289156,0.4991305427897155,0.047619047619047616,2,178,30.719101123595507,22.0,35.0,2,30.0,28.0,32.0,176,30.727272727272727,22.0,35.0,False
development,all,all,0.7000000000000001,180,30,0,0,97,83,0,180,97,83,1.0,0.0,,1.0,0.5,0.0,2,178,30.719101123595507,22.0,35.0,0,,,,178,30.719101123595507,22.0,35.0,False
development,all,all,0.71,180,30,0,0,97,83,0,180,97,83,1.0,0.0,,1.0,0.5,0.0,2,178,30.719101123595507,22.0,35.0,0,,,,178,30.719101123595507,22.0,35.0,False
development,all,all,0.72,180,30,0,0,97,83,0,180,97,83,1.0,0.0,,1.0,0.5,0.0,2,178,30.719101123595507,22.0,35.0,0,,,,178,30.719101123595507,22.0,35.0,False
development,all,all,0.73,180,30,0,0,97,83,0,180,97,83,1.0,0.0,,1.0,0.5,0.0,2,178,30.719101123595507,22.0,35.0,0,,,,178,30.719101123595507,22.0,35.0,False
development,all,all,0.74,180,30,0,0,97,83,0,180,97,83,1.0,0.0,,1.0,0.5,0.0,2,178,30.719101123595507,22.0,35.0,0,,,,178,30.719101123595507,22.0,35.0,False
development,all,all,0.75,180,30,0,0,97,83,0,180,97,83,1.0,0.0,,1.0,0.5,0.0,2,178,30.719101123595507,22.0,35.0,0,,,,178,30.719101123595507,22.0,35.0,False
development,all,all,0.76,180,30,0,0,97,83,0,180,97,83,1.0,0.0,,1.0,0.5,0.0,2,178,30.719101123595507,22.0,35.0,0,,,,178,30.719101123595507,22.0,35.0,False
development,all,all,0.77,180,30,0,0,97,83,0,180,97,83,1.0,0.0,,1.0,0.5,0.0,2,178,30.719101123595507,22.0,35.0,0,,,,178,30.719101123595507,22.0,35.0,False
development,all,all,0.78,180,30,0,0,97,83,0,180,97,83,1.0,0.0,,1.0,0.5,0.0,2,178,30.719101123595507,22.0,35.0,0,,,,178,30.719101123595507,22.0,35.0,False
development,all,all,0.79,180,30,0,0,97,83,0,180,97,83,1.0,0.0,,1.0,0.5,0.0,2,178,30.719101123595507,22.0,35.0,0,,,,178,30.719101123595507,22.0,35.0,False
development,all,all,0.8,180,30,0,0,97,83,0,180,97,83,1.0,0.0,,1.0,0.5,0.0,2,178,30.719101123595507,22.0,35.0,0,,,,178,30.719101123595507,22.0,35.0,False
development,all,all,0.81,180,30,0,0,97,83,0,180,97,83,1.0,0.0,,1.0,0.5,0.0,2,178,30.719101123595507,22.0,35.0,0,,,,178,30.719101123595507,22.0,35.0,False
development,all,all,0.82,180,30,0,0,97,83,0,180,97,83,1.0,0.0,,1.0,0.5,0.0,2,178,30.719101123595507,22.0,35.0,0,,,,178,30.719101123595507,22.0,35.0,False
development,all,all,0.83,180,30,0,0,97,83,0,180,97,83,1.0,0.0,,1.0,0.5,0.0,2,178,30.719101123595507,22.0,35.0,0,,,,178,30.719101123595507,22.0,35.0,False
development,all,all,0.84,180,30,0,0,97,83,0,180,97,83,1.0,0.0,,1.0,0.5,0.0,2,178,30.719101123595507,22.0,35.0,0,,,,178,30.719101123595507,22.0,35.0,False
development,all,all,0.85,180,30,0,0,97,83,0,180,97,83,1.0,0.0,,1.0,0.5,0.0,2,178,30.719101123595507,22.0,35.0,0,,,,178,30.719101123595507,22.0,35.0,False
development,all,all,0.86,180,30,0,0,97,83,0,180,97,83,1.0,0.0,,1.0,0.5,0.0,2,178,30.719101123595507,22.0,35.0,0,,,,178,30.719101123595507,22.0,35.0,False
development,all,all,0.87,180,30,0,0,97,83,0,180,97,83,1.0,0.0,,1.0,0.5,0.0,2,178,30.719101123595507,22.0,35.0,0,,,,178,30.719101123595507,22.0,35.0,False
development,all,all,0.88,180,30,0,0,97,83,0,180,97,83,1.0,0.0,,1.0,0.5,0.0,2,178,30.719101123595507,22.0,35.0,0,,,,178,30.719101123595507,22.0,35.0,False
development,all,all,0.89,180,30,0,0,97,83,0,180,97,83,1.0,0.0,,1.0,0.5,0.0,2,178,30.719101123595507,22.0,35.0,0,,,,178,30.719101123595507,22.0,35.0,False
development,all,all,0.9,180,30,0,0,97,83,0,180,97,83,1.0,0.0,,1.0,0.5,0.0,2,178,30.719101123595507,22.0,35.0,0,,,,178,30.719101123595507,22.0,35.0,False
development,all,all,0.91,180,30,0,0,97,83,0,180,97,83,1.0,0.0,,1.0,0.5,0.0,2,178,30.719101123595507,22.0,35.0,0,,,,178,30.719101123595507,22.0,35.0,False
development,all,all,0.92,180,30,0,0,97,83,0,180,97,83,1.0,0.0,,1.0,0.5,0.0,2,178,30.719101123595507,22.0,35.0,0,,,,178,30.719101123595507,22.0,35.0,False
development,all,all,0.93,180,30,0,0,97,83,0,180,97,83,1.0,0.0,,1.0,0.5,0.0,2,178,30.719101123595507,22.0,35.0,0,,,,178,30.719101123595507,22.0,35.0,False
development,all,all,0.94,180,30,0,0,97,83,0,180,97,83,1.0,0.0,,1.0,0.5,0.0,2,178,30.719101123595507,22.0,35.0,0,,,,178,30.719101123595507,22.0,35.0,False
development,all,all,0.95,180,30,0,0,97,83,0,180,97,83,1.0,0.0,,1.0,0.5,0.0,2,178,30.719101123595507,22.0,35.0,0,,,,178,30.719101123595507,22.0,35.0,False
development,all,all,0.96,180,30,0,0,97,83,0,180,97,83,1.0,0.0,,1.0,0.5,0.0,2,178,30.719101123595507,22.0,35.0,0,,,,178,30.719101123595507,22.0,35.0,False
development,all,all,0.97,180,30,0,0,97,83,0,180,97,83,1.0,0.0,,1.0,0.5,0.0,2,178,30.719101123595507,22.0,35.0,0,,,,178,30.719101123595507,22.0,35.0,False
development,all,all,0.98,180,30,0,0,97,83,0,180,97,83,1.0,0.0,,1.0,0.5,0.0,2,178,30.719101123595507,22.0,35.0,0,,,,178,30.719101123595507,22.0,35.0,False
development,all,all,0.99,180,30,0,0,97,83,0,180,97,83,1.0,0.0,,1.0,0.5,0.0,2,178,30.719101123595507,22.0,35.0,0,,,,178,30.719101123595507,22.0,35.0,False
development,all,all,1.0,180,30,0,0,97,83,0,180,97,83,1.0,0.0,,1.0,0.5,0.0,2,178,30.719101123595507,22.0,35.0,0,,,,178,30.719101123595507,22.0,35.0,False
