rule,partition,corpus,mode,probability_threshold,document_modes,documents,tp,fp,fn,tn,accepted,rejected,high_score_count,low_score_or_skip_count,rejection_rate_low,retention_rate_high,precision,specificity,balanced_accuracy,fbeta_0_5,generation_skips,scored_modes_all,mean_best_total_40_all,min_best_total_40_all,max_best_total_40_all,scored_modes_accepted,mean_best_total_40_accepted,min_best_total_40_accepted,max_best_total_40_accepted,scored_modes_rejected,mean_best_total_40_rejected,min_best_total_40_rejected,max_best_total_40_rejected
original_0.5,all,all,all,0.5,300,50,147,124,10,19,271,29,157,143,0.13286713286713286,0.9363057324840764,0.5424354243542435,0.13286713286713286,0.5345864326756047,0.5922643029814666,10,290,30.76206896551724,22.0,35.0,268,30.813432835820894,22.0,35.0,22,30.136363636363637,25.0,35.0
original_0.5,development,all,all,0.5,180,30,94,75,3,8,169,11,97,83,0.0963855421686747,0.9690721649484536,0.5562130177514792,0.0963855421686747,0.5327288535585641,0.6080206985769728,2,178,30.719101123595507,22.0,35.0,167,30.790419161676645,22.0,35.0,11,29.636363636363637,25.0,32.0
original_0.5,validation,all,all,0.5,120,20,53,49,7,11,102,18,60,60,0.18333333333333332,0.8833333333333333,0.5196078431372549,0.18333333333333332,0.5333333333333333,0.5662393162393162,8,112,30.830357142857142,24.0,35.0,101,30.85148514851485,24.0,34.0,11,30.636363636363637,25.0,35.0
original_tuned_0.87,all,all,all,0.87,300,50,75,55,82,88,130,170,157,143,0.6153846153846154,0.47770700636942676,0.5769230769230769,0.6153846153846154,0.5465458108770211,0.5539143279172821,10,290,30.76206896551724,22.0,35.0,130,30.746153846153845,22.0,34.0,160,30.775,23.0,35.0
original_tuned_0.87,development,all,all,0.87,180,30,49,37,48,46,86,94,97,83,0.5542168674698795,0.5051546391752577,0.5697674418604651,0.5542168674698795,0.5296857533225686,0.5555555555555556,2,178,30.719101123595507,22.0,35.0,86,30.58139534883721,22.0,32.0,92,30.847826086956523,23.0,35.0
original_tuned_0.87,validation,all,all,0.87,120,20,26,18,34,42,44,76,60,60,0.7,0.43333333333333335,0.5909090909090909,0.7,0.5666666666666667,0.5508474576271186,8,112,30.830357142857142,24.0,35.0,44,31.068181818181817,25.0,34.0,68,30.676470588235293,24.0,35.0
optimized_0.55,all,all,all,0.55,300,50,77,51,80,92,128,172,157,143,0.6433566433566433,0.49044585987261147,0.6015625,0.6433566433566433,0.5669012516146275,0.5754857997010463,10,290,30.76206896551724,22.0,35.0,128,30.71875,22.0,35.0,162,30.796296296296298,23.0,35.0
optimized_0.55,development,all,all,0.55,180,30,47,33,50,50,80,100,97,83,0.6024096385542169,0.4845360824742268,0.5875,0.6024096385542169,0.5434728605142218,0.5635491606714629,2,178,30.719101123595507,22.0,35.0,80,30.575,22.0,35.0,98,30.836734693877553,23.0,33.0
optimized_0.55,validation,all,all,0.55,120,20,30,18,30,42,48,72,60,60,0.7,0.5,0.625,0.7,0.6,0.5952380952380952,8,112,30.830357142857142,24.0,35.0,48,30.958333333333332,25.0,34.0,64,30.734375,24.0,35.0
