partition,corpus,mode,probability_threshold,document_modes,documents,tp,fp,fn,tn,accepted,rejected,high_score_count,low_score_or_skip_count,rejection_rate_low,retention_rate_high,precision,specificity,balanced_accuracy,fbeta_0_5,generation_skips,scored_modes_all,mean_best_total_40_all,min_best_total_40_all,max_best_total_40_all,scored_modes_accepted,mean_best_total_40_accepted,min_best_total_40_accepted,max_best_total_40_accepted,scored_modes_rejected,mean_best_total_40_rejected,min_best_total_40_rejected,max_best_total_40_rejected
all,all,all,0.54,300,50,80,54,77,89,134,166,157,143,0.6223776223776224,0.5095541401273885,0.5970149253731343,0.6223776223776224,0.5659658812525055,0.5772005772005772,10,290,30.76206896551724,22.0,35.0,134,30.73134328358209,22.0,35.0,156,30.78846153846154,23.0,35.0
all,eurlex,all,0.54,150,25,35,29,40,46,64,86,75,75,0.6133333333333333,0.4666666666666667,0.546875,0.6133333333333333,0.54,0.5287009063444109,9,141,30.829787234042552,22.0,35.0,64,30.546875,22.0,35.0,77,31.064935064935064,27.0,35.0
all,eurlex,fact_pattern,0.54,25,25,5,10,0,10,15,10,5,20,0.5,1.0,0.3333333333333333,0.5,0.75,0.38461538461538464,1,24,29.291666666666668,25.0,32.0,15,29.533333333333335,25.0,32.0,9,28.88888888888889,27.0,31.0
all,eurlex,lookup,0.54,25,25,16,4,3,2,20,5,19,6,0.3333333333333333,0.8421052631578947,0.8,0.3333333333333333,0.587719298245614,0.8080808080808081,2,23,31.695652173913043,25.0,35.0,20,31.65,25.0,35.0,3,32.0,32.0,32.0
all,eurlex,conceptual,0.54,25,25,7,3,5,10,10,15,12,13,0.7692307692307693,0.5833333333333334,0.7,0.7692307692307693,0.6762820512820513,0.6730769230769231,3,22,31.136363636363637,28.0,32.0,10,31.2,28.0,32.0,12,31.083333333333332,29.0,32.0
all,eurlex,comparison,0.54,25,25,0,0,17,8,0,25,17,8,1.0,0.0,,1.0,0.5,0.0,1,24,31.541666666666668,29.0,35.0,0,,,,24,31.541666666666668,29.0,35.0
all,eurlex,claim_verification,0.54,25,25,7,12,1,5,19,6,8,17,0.29411764705882354,0.875,0.3684210526315789,0.29411764705882354,0.5845588235294118,0.4166666666666667,1,24,30.0,22.0,32.0,19,29.842105263157894,22.0,32.0,5,30.6,29.0,32.0
all,eurlex,source_finding,0.54,25,25,0,0,14,11,0,25,14,11,1.0,0.0,,1.0,0.5,0.0,1,24,31.375,28.0,33.0,0,,,,24,31.375,28.0,33.0
all,un,all,0.54,150,25,45,25,37,43,70,80,82,68,0.6323529411764706,0.5487804878048781,0.6428571428571429,0.6323529411764706,0.5905667144906743,0.6215469613259669,1,149,30.697986577181208,23.0,34.0,70,30.9,25.0,34.0,79,30.518987341772153,23.0,32.0
all,un,lookup,0.54,25,25,8,3,9,5,11,14,17,8,0.625,0.47058823529411764,0.7272727272727273,0.625,0.5477941176470589,0.6557377049180327,0,25,31.16,23.0,34.0,11,31.90909090909091,31.0,34.0,14,30.571428571428573,23.0,32.0
all,un,practitioner,0.54,25,25,6,6,7,6,12,13,13,12,0.5,0.46153846153846156,0.5,0.5,0.4807692307692308,0.4918032786885246,0,25,30.16,24.0,32.0,12,30.083333333333332,25.0,32.0,13,30.23076923076923,24.0,32.0
all,un,conceptual,0.54,25,25,15,6,1,3,21,4,16,9,0.3333333333333333,0.9375,0.7142857142857143,0.3333333333333333,0.6354166666666666,0.75,0,25,30.68,25.0,32.0,21,30.571428571428573,25.0,32.0,4,31.25,31.0,32.0
all,un,comparison,0.54,25,25,0,0,8,17,0,25,8,17,1.0,0.0,,1.0,0.5,0.0,1,24,29.791666666666668,25.0,32.0,0,,,,24,29.791666666666668,25.0,32.0
all,un,claim_verification,0.54,25,25,11,9,1,4,20,5,12,13,0.3076923076923077,0.9166666666666666,0.55,0.3076923076923077,0.6121794871794872,0.5978260869565217,0,25,31.08,28.0,32.0,20,31.1,28.0,32.0,5,31.0,30.0,32.0
all,un,source_finding,0.54,25,25,5,1,11,8,6,19,16,9,0.8888888888888888,0.3125,0.8333333333333334,0.8888888888888888,0.6006944444444444,0.625,0,25,31.28,27.0,32.0,6,31.166666666666668,27.0,32.0,19,31.31578947368421,28.0,32.0
development,all,all,0.54,180,30,50,35,47,48,85,95,97,83,0.5783132530120482,0.5154639175257731,0.5882352941176471,0.5783132530120482,0.5468885852689107,0.5720823798627003,2,178,30.719101123595507,22.0,35.0,85,30.6,22.0,35.0,93,30.827956989247312,23.0,33.0
development,eurlex,all,0.54,90,15,24,20,25,21,44,46,49,41,0.5121951219512195,0.4897959183673469,0.5454545454545454,0.5121951219512195,0.5009955201592833,0.5333333333333333,1,89,30.741573033707866,22.0,35.0,44,30.386363636363637,22.0,35.0,45,31.08888888888889,28.0,33.0
development,eurlex,fact_pattern,0.54,15,15,5,6,0,4,11,4,5,10,0.4,1.0,0.45454545454545453,0.4,0.7,0.5102040816326531,0,15,29.533333333333335,25.0,32.0,11,29.818181818181817,25.0,32.0,4,28.75,28.0,29.0
development,eurlex,lookup,0.54,15,15,10,3,2,0,13,2,12,3,0.0,0.8333333333333334,0.7692307692307693,0.0,0.4166666666666667,0.78125,0,15,31.6,25.0,35.0,13,31.53846153846154,25.0,35.0,2,32.0,32.0,32.0
development,eurlex,conceptual,0.54,15,15,4,3,3,5,7,8,7,8,0.625,0.5714285714285714,0.5714285714285714,0.625,0.5982142857142857,0.5714285714285714,1,14,30.928571428571427,28.0,32.0,7,30.857142857142858,28.0,32.0,7,31.0,29.0,32.0
development,eurlex,comparison,0.54,15,15,0,0,9,6,0,15,9,6,1.0,0.0,,1.0,0.5,0.0,0,15,31.266666666666666,29.0,32.0,0,,,,15,31.266666666666666,29.0,32.0
development,eurlex,claim_verification,0.54,15,15,5,8,1,1,13,2,6,9,0.1111111111111111,0.8333333333333334,0.38461538461538464,0.1111111111111111,0.4722222222222222,0.43103448275862066,0,15,29.6,22.0,32.0,13,29.46153846153846,22.0,32.0,2,30.5,29.0,32.0
development,eurlex,source_finding,0.54,15,15,0,0,10,5,0,15,10,5,1.0,0.0,,1.0,0.5,0.0,0,15,31.533333333333335,28.0,33.0,0,,,,15,31.533333333333335,28.0,33.0
development,un,all,0.54,90,15,26,15,22,27,41,49,48,42,0.6428571428571429,0.5416666666666666,0.6341463414634146,0.6428571428571429,0.5922619047619048,0.6132075471698113,1,89,30.696629213483146,23.0,32.0,41,30.829268292682926,25.0,32.0,48,30.583333333333332,23.0,32.0
development,un,lookup,0.54,15,15,6,1,5,3,7,8,11,4,0.75,0.5454545454545454,0.8571428571428571,0.75,0.6477272727272727,0.7692307692307693,0,15,30.733333333333334,23.0,32.0,7,31.857142857142858,31.0,32.0,8,29.75,23.0,32.0
development,un,practitioner,0.54,15,15,2,4,5,4,6,9,7,8,0.5,0.2857142857142857,0.3333333333333333,0.5,0.39285714285714285,0.3225806451612903,0,15,30.4,25.0,32.0,6,29.5,25.0,32.0,9,31.0,27.0,32.0
development,un,conceptual,0.54,15,15,8,4,1,2,12,3,9,6,0.3333333333333333,0.8888888888888888,0.6666666666666666,0.3333333333333333,0.611111111111111,0.7017543859649122,0,15,30.4,25.0,32.0,12,30.166666666666668,25.0,32.0,3,31.333333333333332,31.0,32.0
development,un,comparison,0.54,15,15,0,0,4,11,0,15,4,11,1.0,0.0,,1.0,0.5,0.0,1,14,29.857142857142858,25.0,32.0,0,,,,14,29.857142857142858,25.0,32.0
development,un,claim_verification,0.54,15,15,6,6,1,2,12,3,7,8,0.25,0.8571428571428571,0.5,0.25,0.5535714285714286,0.5454545454545454,0,15,31.2,28.0,32.0,12,31.166666666666668,28.0,32.0,3,31.333333333333332,31.0,32.0
development,un,source_finding,0.54,15,15,4,0,6,5,4,11,10,5,1.0,0.4,1.0,1.0,0.7,0.7692307692307693,0,15,31.533333333333335,29.0,32.0,4,32.0,32.0,32.0,11,31.363636363636363,29.0,32.0
validation,all,all,0.54,120,20,30,19,30,41,49,71,60,60,0.6833333333333333,0.5,0.6122448979591837,0.6833333333333333,0.5916666666666667,0.5859375,8,112,30.830357142857142,24.0,35.0,49,30.959183673469386,25.0,34.0,63,30.73015873015873,24.0,35.0
validation,eurlex,all,0.54,60,10,11,9,15,25,20,40,26,34,0.7352941176470589,0.4230769230769231,0.55,0.7352941176470589,0.579185520361991,0.5188679245283019,8,52,30.98076923076923,26.0,35.0,20,30.9,26.0,32.0,32,31.03125,27.0,35.0
validation,eurlex,fact_pattern,0.54,10,10,0,4,0,6,4,6,0,10,0.6,,0.0,0.6,,0.0,1,9,28.88888888888889,26.0,31.0,4,28.75,26.0,31.0,5,29.0,27.0,31.0
validation,eurlex,lookup,0.54,10,10,6,1,1,2,7,3,7,3,0.6666666666666666,0.8571428571428571,0.8571428571428571,0.6666666666666666,0.7619047619047619,0.8571428571428571,2,8,31.875,31.0,32.0,7,31.857142857142858,31.0,32.0,1,32.0,32.0,32.0
validation,eurlex,conceptual,0.54,10,10,3,0,2,5,3,7,5,5,1.0,0.6,1.0,1.0,0.8,0.8823529411764706,2,8,31.5,30.0,32.0,3,32.0,32.0,32.0,5,31.2,30.0,32.0
validation,eurlex,comparison,0.54,10,10,0,0,8,2,0,10,8,2,1.0,0.0,,1.0,0.5,0.0,1,9,32.0,29.0,35.0,0,,,,9,32.0,29.0,35.0
validation,eurlex,claim_verification,0.54,10,10,2,4,0,4,6,4,2,8,0.5,1.0,0.3333333333333333,0.5,0.75,0.38461538461538464,1,9,30.666666666666668,27.0,32.0,6,30.666666666666668,27.0,32.0,3,30.666666666666668,30.0,31.0
validation,eurlex,source_finding,0.54,10,10,0,0,4,6,0,10,4,6,1.0,0.0,,1.0,0.5,0.0,1,9,31.11111111111111,29.0,32.0,0,,,,9,31.11111111111111,29.0,32.0
validation,un,all,0.54,60,10,19,10,15,16,29,31,34,26,0.6153846153846154,0.5588235294117647,0.6551724137931034,0.6153846153846154,0.5871040723981901,0.6333333333333333,0,60,30.7,24.0,34.0,29,31.0,25.0,34.0,31,30.419354838709676,24.0,32.0
validation,un,lookup,0.54,10,10,2,2,4,2,4,6,6,4,0.5,0.3333333333333333,0.5,0.5,0.41666666666666663,0.45454545454545453,0,10,31.8,31.0,34.0,4,32.0,31.0,34.0,6,31.666666666666668,31.0,32.0
validation,un,practitioner,0.54,10,10,4,2,2,2,6,4,6,4,0.5,0.6666666666666666,0.6666666666666666,0.5,0.5833333333333333,0.6666666666666666,0,10,29.8,24.0,32.0,6,30.666666666666668,27.0,32.0,4,28.5,24.0,32.0
validation,un,conceptual,0.54,10,10,7,2,0,1,9,1,7,3,0.3333333333333333,1.0,0.7777777777777778,0.3333333333333333,0.6666666666666666,0.813953488372093,0,10,31.1,25.0,32.0,9,31.11111111111111,25.0,32.0,1,31.0,31.0,31.0
validation,un,comparison,0.54,10,10,0,0,4,6,0,10,4,6,1.0,0.0,,1.0,0.5,0.0,0,10,29.7,25.0,32.0,0,,,,10,29.7,25.0,32.0
validation,un,claim_verification,0.54,10,10,5,3,0,2,8,2,5,5,0.4,1.0,0.625,0.4,0.7,0.6756756756756757,0,10,30.9,29.0,32.0,8,31.0,29.0,32.0,2,30.5,30.0,31.0
validation,un,source_finding,0.54,10,10,1,1,5,3,2,8,6,4,0.75,0.16666666666666666,0.5,0.75,0.4583333333333333,0.35714285714285715,0,10,30.9,27.0,32.0,2,29.5,27.0,32.0,8,31.25,28.0,32.0
