corpus,target_id,mode,version,candidate_count,question_mean,question_best,all_three_generated,preferred,preference_credit,group_note,preference_reason
eurlex,http://data.europa.eu/eli/reg/2014/910/art_41/oj,fact_pattern,simple,3,5,5,True,True,0.5,Three strong questions covering distinct effects; direct form is legitimate.,"A and C consistently express clear, answerable needs. B remains good but has minor avoidable wording defects; scenario form itself is not penalized."
eurlex,http://data.europa.eu/eli/reg/2014/910/art_41/oj,fact_pattern,original,3,4.333333333333333,5,True,False,0,All useful; two questions have small wording redundancies or scope looseness.,"A and C consistently express clear, answerable needs. B remains good but has minor avoidable wording defects; scenario form itself is not penalized."
eurlex,http://data.europa.eu/eli/reg/2014/910/art_41/oj,fact_pattern,revised,3,5,5,True,True,0.5,"Three clear substantive needs, with valid case facts and source support.","A and C consistently express clear, answerable needs. B remains good but has minor avoidable wording defects; scenario form itself is not penalized."
eurlex,http://data.europa.eu/eli/reg/2014/910/art_41/oj,lookup,original,3,4.666666666666667,5,True,True,1.0,"Useful coverage, with a small semantic looseness in the presumption wording.",A preserves a more genuine unknown in the presumption question; the sets are otherwise closely matched.
eurlex,http://data.europa.eu/eli/reg/2014/910/art_41/oj,lookup,simple,3,4.333333333333333,5,True,False,0,Two strong questions; the presumption question nearly states its own answer.,A preserves a more genuine unknown in the presumption question; the sets are otherwise closely matched.
eurlex,http://data.europa.eu/eli/reg/2014/910/art_41/oj,lookup,revised,3,4.333333333333333,5,True,False,0,Two strong questions but one answer-disclosing formulation.,A preserves a more genuine unknown in the presumption question; the sets are otherwise closely matched.
eurlex,http://data.europa.eu/eli/reg_impl/2012/282/art_1/oj,fact_pattern,simple,2,3,4,True,False,0,One useful precedence query and one largely circular scope query.,C sustains useful scope questions across its set; A contains a circular question and B has only one somewhat broad question.
eurlex,http://data.europa.eu/eli/reg_impl/2012/282/art_1/oj,fact_pattern,revised,1,4,4,True,False,0,A useful source-identification question with an inadequate answer; question quality judged separately.,C sustains useful scope questions across its set; A contains a circular question and B has only one somewhat broad question.
eurlex,http://data.europa.eu/eli/reg_impl/2012/282/art_1/oj,fact_pattern,original,3,4.666666666666667,5,True,True,1.0,Consistently substantive coverage questions with concrete regulated activities.,C sustains useful scope questions across its set; A contains a circular question and B has only one somewhat broad question.
eurlex,http://data.europa.eu/eli/reg_impl/2012/282/art_1/oj,lookup,revised,2,5,5,True,True,0.5,Two clear substantive questions covering scope and displacement.,Both sets ask genuine coverage and precedence questions; B has a substantial circularity defect.
eurlex,http://data.europa.eu/eli/reg_impl/2012/282/art_1/oj,lookup,simple,3,3.6666666666666665,5,True,False,0,"Mixed: good coverage list, abstract precedence wording, and a circular subject-matter question.",Both sets ask genuine coverage and precedence questions; B has a substantial circularity defect.
eurlex,http://data.europa.eu/eli/reg_impl/2012/282/art_1/oj,lookup,original,2,5,5,True,True,0.5,"Two clear and useful questions, with minor answer-completeness issues.",Both sets ask genuine coverage and precedence questions; B has a substantial circularity defect.
eurlex,http://data.europa.eu/eli/reg/2010/1031/art_48/oj,fact_pattern,original,2,5,5,True,True,0.3333333333333333,Both concrete questions are clear and source-resolvable.,Question quality is comparably strong across all groups; C’s answer defect is recorded separately and does not lower its question rating.
eurlex,http://data.europa.eu/eli/reg/2010/1031/art_48/oj,fact_pattern,revised,2,5,5,True,True,0.3333333333333333,Two well-specified questions addressing delivery and exclusivity.,Question quality is comparably strong across all groups; C’s answer defect is recorded separately and does not lower its question rating.
eurlex,http://data.europa.eu/eli/reg/2010/1031/art_48/oj,fact_pattern,simple,2,5,5,True,True,0.3333333333333333,Strong questions; the first answer fails to name the requested remedy.,Question quality is comparably strong across all groups; C’s answer defect is recorded separately and does not lower its question rating.
eurlex,http://data.europa.eu/eli/reg/2010/1031/art_48/oj,lookup,revised,3,5,5,True,True,0.3333333333333333,"Three clear, complementary questions.","All groups contain strong, answerable questions. Different division of the two legal points does not establish a question-quality winner."
eurlex,http://data.europa.eu/eli/reg/2010/1031/art_48/oj,lookup,original,2,5,5,True,True,0.3333333333333333,Both questions are concise and substantive.,"All groups contain strong, answerable questions. Different division of the two legal points does not establish a question-quality winner."
eurlex,http://data.europa.eu/eli/reg/2010/1031/art_48/oj,lookup,simple,2,5,5,True,True,0.3333333333333333,Good questions; one answer is an unresolved cross-reference instead of the requested remedy.,"All groups contain strong, answerable questions. Different division of the two legal points does not establish a question-quality winner."
eurlex,http://data.europa.eu/eli/dir/2006/60/art_2/oj,fact_pattern,original,0,,,False,False,0,Abstention; no candidate to rate.,All groups abstained; there is no question-quality comparison.
eurlex,http://data.europa.eu/eli/dir/2006/60/art_2/oj,fact_pattern,revised,0,,,False,False,0,Abstention; no candidate to rate.,All groups abstained; there is no question-quality comparison.
eurlex,http://data.europa.eu/eli/dir/2006/60/art_2/oj,fact_pattern,simple,0,,,False,False,0,Abstention; no candidate to rate.,All groups abstained; there is no question-quality comparison.
eurlex,http://data.europa.eu/eli/dir/2006/60/art_2/oj,lookup,simple,0,,,False,False,0,Abstention; no candidate to rate.,All groups abstained; there is no question-quality comparison.
eurlex,http://data.europa.eu/eli/dir/2006/60/art_2/oj,lookup,revised,0,,,False,False,0,Abstention; no candidate to rate.,All groups abstained; there is no question-quality comparison.
eurlex,http://data.europa.eu/eli/dir/2006/60/art_2/oj,lookup,original,0,,,False,False,0,Abstention; no candidate to rate.,All groups abstained; there is no question-quality comparison.
eurlex,http://data.europa.eu/eli/reg/2014/912/art_8/oj,fact_pattern,simple,2,5,5,True,True,0.5,Both questions clearly identify the receiving authority and requested duty.,A and B consistently make the receipt event and notification duties clear. C’s second question leaves the initial recipient implicit.
eurlex,http://data.europa.eu/eli/reg/2014/912/art_8/oj,fact_pattern,original,3,5,5,True,True,0.5,Three clear questions covering distinct notification duties.,A and B consistently make the receipt event and notification duties clear. C’s second question leaves the initial recipient implicit.
eurlex,http://data.europa.eu/eli/reg/2014/912/art_8/oj,fact_pattern,revised,2,4.5,5,True,False,0,One precise question and one with a minor missing procedural link.,A and B consistently make the receipt event and notification duties clear. C’s second question leaves the initial recipient implicit.
eurlex,http://data.europa.eu/eli/reg/2014/912/art_8/oj,lookup,simple,3,5,5,True,True,0.3333333333333333,Three clear procedural questions.,"The sets differ in which notification points they cover, without a material question-quality difference."
eurlex,http://data.europa.eu/eli/reg/2014/912/art_8/oj,lookup,revised,3,5,5,True,True,0.3333333333333333,All questions are substantive and self-contained.,"The sets differ in which notification points they cover, without a material question-quality difference."
eurlex,http://data.europa.eu/eli/reg/2014/912/art_8/oj,lookup,original,3,5,5,True,True,0.3333333333333333,All three are precise and useful.,"The sets differ in which notification points they cover, without a material question-quality difference."
eurlex,http://data.europa.eu/eli/dir/2014/59/art_77/oj,fact_pattern,revised,3,5,5,True,True,0.5,Three useful concrete protection/exception questions; legal detail is relevant rather than mere padding.,A and B preserve the decisive title-transfer and deposit-availability distinctions. C includes one materially underspecified collateral case.
eurlex,http://data.europa.eu/eli/dir/2014/59/art_77/oj,fact_pattern,original,2,5,5,True,True,0.5,Both questions are clear and substantive.,A and B preserve the decisive title-transfer and deposit-availability distinctions. C includes one materially underspecified collateral case.
eurlex,http://data.europa.eu/eli/dir/2014/59/art_77/oj,fact_pattern,simple,3,4.333333333333333,5,True,False,0,"Two strong questions, but the collateral scenario omits a decisive subtype.",A and B preserve the decisive title-transfer and deposit-availability distinctions. C includes one materially underspecified collateral case.
eurlex,http://data.europa.eu/eli/dir/2014/59/art_77/oj,lookup,simple,3,3.3333333333333335,4,True,False,0,Several questions need better scope or a less answer-disclosing formulation.,B’s question set best identifies the resolution setting and substantive protection issues. Its answer-only missing-condition defect is recorded separately.
eurlex,http://data.europa.eu/eli/dir/2014/59/art_77/oj,lookup,original,3,5,5,True,True,1.0,Strong questions; one answer wrongly omits a permission condition.,B’s question set best identifies the resolution setting and substantive protection issues. Its answer-only missing-condition defect is recorded separately.
eurlex,http://data.europa.eu/eli/dir/2014/59/art_77/oj,lookup,revised,3,4.333333333333333,5,True,False,0,"Consistently useful, with minor scope context gaps.",B’s question set best identifies the resolution setting and substantive protection issues. Its answer-only missing-condition defect is recorded separately.
eurlex,http://data.europa.eu/eli/reg/2014/312/art_16/oj,fact_pattern,revised,2,5,5,True,True,0.3333333333333333,Both questions give enough context and ask useful procedural points.,"All groups express substantive, clearly scoped questions; different amounts of scenario framing do not distinguish quality."
eurlex,http://data.europa.eu/eli/reg/2014/312/art_16/oj,fact_pattern,original,3,5,5,True,True,0.3333333333333333,"Consistently clear, source-answerable questions.","All groups express substantive, clearly scoped questions; different amounts of scenario framing do not distinguish quality."
eurlex,http://data.europa.eu/eli/reg/2014/312/art_16/oj,fact_pattern,simple,3,5,5,True,True,0.3333333333333333,Strong direct questions; their lack of invented actors is not a defect.,"All groups express substantive, clearly scoped questions; different amounts of scenario framing do not distinguish quality."
eurlex,http://data.europa.eu/eli/reg/2014/312/art_16/oj,lookup,simple,3,5,5,True,True,1.0,Three clear questions with the material nomination context.,A consistently supplies the specific nomination process; B and C each have a less clearly identified change event.
eurlex,http://data.europa.eu/eli/reg/2014/312/art_16/oj,lookup,original,3,4.333333333333333,5,True,False,0,Two strong questions and one missing the subject of the proposed changes.,A consistently supplies the specific nomination process; B and C each have a less clearly identified change event.
eurlex,http://data.europa.eu/eli/reg/2014/312/art_16/oj,lookup,revised,3,4.666666666666667,5,True,False,0,Mostly strong; the first question leaves a minor contextual gap.,A consistently supplies the specific nomination process; B and C each have a less clearly identified change event.
eurlex,http://data.europa.eu/eli/dir/2006/28/art_3/oj,fact_pattern,simple,0,,,False,False,0,Abstention; no candidate to rate.,All groups abstained; there is no question-quality comparison.
eurlex,http://data.europa.eu/eli/dir/2006/28/art_3/oj,fact_pattern,original,0,,,False,False,0,Abstention; no candidate to rate.,All groups abstained; there is no question-quality comparison.
eurlex,http://data.europa.eu/eli/dir/2006/28/art_3/oj,fact_pattern,revised,0,,,False,False,0,Abstention; no candidate to rate.,All groups abstained; there is no question-quality comparison.
eurlex,http://data.europa.eu/eli/dir/2006/28/art_3/oj,lookup,simple,0,,,False,False,0,Abstention; no candidate to rate.,All groups abstained; there is no question-quality comparison.
eurlex,http://data.europa.eu/eli/dir/2006/28/art_3/oj,lookup,original,0,,,False,False,0,Abstention; no candidate to rate.,All groups abstained; there is no question-quality comparison.
eurlex,http://data.europa.eu/eli/dir/2006/28/art_3/oj,lookup,revised,0,,,False,False,0,Abstention; no candidate to rate.,All groups abstained; there is no question-quality comparison.
eurlex,http://data.europa.eu/eli/reg/2014/165/art_23/oj,fact_pattern,revised,3,5,5,True,True,0.5,Strong questions; two answers need fuller scope or an explicit period.,"A and B consistently ask useful, well-identified questions; A’s answer incompleteness does not reduce those question ratings. C contains a materially unanchored question."
eurlex,http://data.europa.eu/eli/reg/2014/165/art_23/oj,fact_pattern,original,3,5,5,True,True,0.5,Three clear operational questions with sufficient premises.,"A and B consistently ask useful, well-identified questions; A’s answer incompleteness does not reduce those question ratings. C contains a materially unanchored question."
eurlex,http://data.europa.eu/eli/reg/2014/165/art_23/oj,fact_pattern,simple,3,4.333333333333333,5,True,False,0,Two strong questions and one generically framed records question.,"A and B consistently ask useful, well-identified questions; A’s answer incompleteness does not reduce those question ratings. C contains a materially unanchored question."
eurlex,http://data.europa.eu/eli/reg/2014/165/art_23/oj,lookup,revised,3,5,5,True,True,0.5,All three are clear substantive questions.,"A and C sustain natural, precise questions; B has minor repetitive scaffolding rather than substantive errors."
eurlex,http://data.europa.eu/eli/reg/2014/165/art_23/oj,lookup,simple,3,4.333333333333333,5,True,False,0,Useful questions with some avoidable template phrasing.,"A and C sustain natural, precise questions; B has minor repetitive scaffolding rather than substantive errors."
eurlex,http://data.europa.eu/eli/reg/2014/165/art_23/oj,lookup,original,3,5,5,True,True,0.5,All three questions are concise and substantive.,"A and C sustain natural, precise questions; B has minor repetitive scaffolding rather than substantive errors."
eurlex,http://data.europa.eu/eli/dir/2010/42/art_2/oj,fact_pattern,simple,0,,,False,False,0,Abstention; no candidate to rate.,All groups abstained; there is no question-quality comparison.
eurlex,http://data.europa.eu/eli/dir/2010/42/art_2/oj,fact_pattern,revised,0,,,False,False,0,Abstention; no candidate to rate.,All groups abstained; there is no question-quality comparison.
eurlex,http://data.europa.eu/eli/dir/2010/42/art_2/oj,fact_pattern,original,0,,,False,False,0,Abstention; no candidate to rate.,All groups abstained; there is no question-quality comparison.
eurlex,http://data.europa.eu/eli/dir/2010/42/art_2/oj,lookup,simple,0,,,False,False,0,Abstention; no candidate to rate.,All groups abstained; there is no question-quality comparison.
eurlex,http://data.europa.eu/eli/dir/2010/42/art_2/oj,lookup,revised,0,,,False,False,0,Abstention; no candidate to rate.,All groups abstained; there is no question-quality comparison.
eurlex,http://data.europa.eu/eli/dir/2010/42/art_2/oj,lookup,original,0,,,False,False,0,Abstention; no candidate to rate.,All groups abstained; there is no question-quality comparison.
eurlex,http://data.europa.eu/eli/reg/2013/1381/art_5/oj,fact_pattern,original,3,3.6666666666666665,5,True,False,0,One well-scoped question and two that omit the governing programme.,C supplies the programme context consistently and has two strong questions; A and B each contain more material context or circularity weaknesses.
eurlex,http://data.europa.eu/eli/reg/2013/1381/art_5/oj,fact_pattern,revised,3,3.6666666666666665,5,True,False,0,"One strong question, one missing programme context and one circular classification attempt.",C supplies the programme context consistently and has two strong questions; A and B each contain more material context or circularity weaknesses.
eurlex,http://data.europa.eu/eli/reg/2013/1381/art_5/oj,fact_pattern,simple,3,4.333333333333333,5,True,True,1.0,Two strong programme-specific questions and one circular support question.,C supplies the programme context consistently and has two strong questions; A and B each contain more material context or circularity weaknesses.
eurlex,http://data.europa.eu/eli/reg/2013/1381/art_5/oj,lookup,revised,3,5,5,True,True,0.3333333333333333,All three questions identify the programme and substantive information need.,All lookup sets are consistently strong; broader list questions and narrower classification questions are both legitimate.
eurlex,http://data.europa.eu/eli/reg/2013/1381/art_5/oj,lookup,simple,3,5,5,True,True,0.3333333333333333,"Three strong questions covering activities, obligations and funding form.",All lookup sets are consistently strong; broader list questions and narrower classification questions are both legitimate.
eurlex,http://data.europa.eu/eli/reg/2013/1381/art_5/oj,lookup,original,3,5,5,True,True,0.3333333333333333,"Three clear substantive requests, including legitimate classification.",All lookup sets are consistently strong; broader list questions and narrower classification questions are both legitimate.
eurlex,http://data.europa.eu/eli/reg/2005/1572/art_4/oj,fact_pattern,revised,3,4.666666666666667,5,True,True,1.0,Two precise deadline questions and a slightly less sharply scoped regular-week question.,A avoids the serious first-bid/first-invitation confusion and maintains better sale identification across its set.
eurlex,http://data.europa.eu/eli/reg/2005/1572/art_4/oj,fact_pattern,original,3,4.333333333333333,5,True,False,0,Two strong deadline questions and an underidentified lodging query.,A avoids the serious first-bid/first-invitation confusion and maintains better sale identification across its set.
eurlex,http://data.europa.eu/eli/reg/2005/1572/art_4/oj,fact_pattern,simple,3,4,5,True,False,0,"Two strong questions, but the first confuses a trader’s first bid with the first auction round.",A avoids the serious first-bid/first-invitation confusion and maintains better sale identification across its set.
eurlex,http://data.europa.eu/eli/reg/2005/1572/art_4/oj,lookup,original,3,5,5,True,True,0.3333333333333333,Three clear operational questions.,All three sets contain clear questions; two versus three candidates is not itself a question-quality difference.
eurlex,http://data.europa.eu/eli/reg/2005/1572/art_4/oj,lookup,revised,3,5,5,True,True,0.3333333333333333,"Three strong practical questions, including the complete schedule exceptions.",All three sets contain clear questions; two versus three candidates is not itself a question-quality difference.
eurlex,http://data.europa.eu/eli/reg/2005/1572/art_4/oj,lookup,simple,2,5,5,True,True,0.3333333333333333,Both questions are well scoped and useful.,All three sets contain clear questions; two versus three candidates is not itself a question-quality difference.
eurlex,http://data.europa.eu/eli/dir/2011/81/art_2/oj,fact_pattern,original,0,,,False,False,0,Abstention; no candidate to rate.,All groups abstained; there is no question-quality comparison.
eurlex,http://data.europa.eu/eli/dir/2011/81/art_2/oj,fact_pattern,simple,0,,,False,False,0,Abstention; no candidate to rate.,All groups abstained; there is no question-quality comparison.
eurlex,http://data.europa.eu/eli/dir/2011/81/art_2/oj,fact_pattern,revised,0,,,False,False,0,Abstention; no candidate to rate.,All groups abstained; there is no question-quality comparison.
eurlex,http://data.europa.eu/eli/dir/2011/81/art_2/oj,lookup,revised,0,,,False,False,0,Abstention; no candidate to rate.,B alone supplies a usable substantive question; abstentions receive no numeric score.
eurlex,http://data.europa.eu/eli/dir/2011/81/art_2/oj,lookup,simple,1,4,4,False,True,1.0,One useful administrative question with slightly incomplete regime context.,B alone supplies a usable substantive question; abstentions receive no numeric score.
eurlex,http://data.europa.eu/eli/dir/2011/81/art_2/oj,lookup,original,0,,,False,False,0,Abstention; no candidate to rate.,B alone supplies a usable substantive question; abstentions receive no numeric score.
eurlex,http://data.europa.eu/eli/reg/2014/788/art_20/oj,fact_pattern,simple,3,4.666666666666667,5,True,True,1.0,Direct rule questions are well identified; no scenario requirement is applied to their ratings.,A consistently identifies the maritime organisation; B and C leave that material retrieval context unstated.
eurlex,http://data.europa.eu/eli/reg/2014/788/art_20/oj,fact_pattern,original,2,3,3,True,False,0,Both questions need the maritime regime stated to become reliable standalone queries.,A consistently identifies the maritime organisation; B and C leave that material retrieval context unstated.
eurlex,http://data.europa.eu/eli/reg/2014/788/art_20/oj,fact_pattern,revised,3,3,3,True,False,0,Useful intentions but a repeated missing sector qualifier.,A consistently identifies the maritime organisation; B and C leave that material retrieval context unstated.
eurlex,http://data.europa.eu/eli/reg/2014/788/art_20/oj,lookup,original,3,4,5,True,True,0.5,Two strong requests and one circular remedy-information question.,A and B each mix useful questions with a weak remedy-information formulation; neither clearly dominates the whole set. C has wider context omissions.
eurlex,http://data.europa.eu/eli/reg/2014/788/art_20/oj,lookup,revised,3,4,5,True,True,0.5,"Useful publication and recipient questions, with a thin remedy-information ask.",A and B each mix useful questions with a weak remedy-information formulation; neither clearly dominates the whole set. C has wider context omissions.
eurlex,http://data.europa.eu/eli/reg/2014/788/art_20/oj,lookup,simple,3,2.6666666666666665,3,True,False,0,Repeated missing regime context and one question the source cannot substantively resolve.,A and B each mix useful questions with a weak remedy-information formulation; neither clearly dominates the whole set. C has wider context omissions.
eurlex,http://data.europa.eu/eli/reg/2006/1906/art_50/oj,fact_pattern,revised,3,5,5,True,True,0.5,Three strong questions; the first answer omits a material deadline qualification.,"A and B consistently ask clear substantive questions; their answer completeness differs, but that is scored separately. C has a minor question-context weakness."
eurlex,http://data.europa.eu/eli/reg/2006/1906/art_50/oj,fact_pattern,simple,3,5,5,True,True,0.5,Three clearly scoped direct questions; absence of invented scenario detail is not a quality defect.,"A and B consistently ask clear substantive questions; their answer completeness differs, but that is scored separately. C has a minor question-context weakness."
eurlex,http://data.europa.eu/eli/reg/2006/1906/art_50/oj,fact_pattern,original,3,4.666666666666667,5,True,False,0,Two strong questions and a somewhat awkward affiliate-rights formulation.,"A and B consistently ask clear substantive questions; their answer completeness differs, but that is scored separately. C has a minor question-context weakness."
eurlex,http://data.europa.eu/eli/reg/2006/1906/art_50/oj,lookup,simple,3,5,5,True,True,0.5,All three questions are useful and well scoped.,A and B express the timing and access issues concretely throughout; C’s deadline question is less explicit.
eurlex,http://data.europa.eu/eli/reg/2006/1906/art_50/oj,lookup,revised,3,5,5,True,True,0.5,Three strong questions about actual conditions and timing.,A and B express the timing and access issues concretely throughout; C’s deadline question is less explicit.
eurlex,http://data.europa.eu/eli/reg/2006/1906/art_50/oj,lookup,original,3,4.666666666666667,5,True,False,0,"Mostly strong, with one generic temporal placeholder.",A and B express the timing and access issues concretely throughout; C’s deadline question is less explicit.
eurlex,http://data.europa.eu/eli/reg/2012/966/art_56/oj,fact_pattern,revised,0,,,False,False,0,Abstention; no candidate to rate.,"C supplies clear substantive questions while the other groups abstain. This is coverage plus question usability, not proof of stronger hypothetical scenarios."
eurlex,http://data.europa.eu/eli/reg/2012/966/art_56/oj,fact_pattern,original,0,,,False,False,0,Abstention; no candidate to rate.,"C supplies clear substantive questions while the other groups abstain. This is coverage plus question usability, not proof of stronger hypothetical scenarios."
eurlex,http://data.europa.eu/eli/reg/2012/966/art_56/oj,fact_pattern,simple,3,5,5,False,True,1.0,Three strong direct institutional questions; they are not hypothetical client cases.,"C supplies clear substantive questions while the other groups abstain. This is coverage plus question usability, not proof of stronger hypothetical scenarios."
eurlex,http://data.europa.eu/eli/reg/2012/966/art_56/oj,lookup,original,3,4.666666666666667,5,True,False,0,Two strong questions and a slightly broad general-delegation question.,"B consistently uses natural, precise questions. A has a scope omission and C repeatedly embeds a document heading."
eurlex,http://data.europa.eu/eli/reg/2012/966/art_56/oj,lookup,revised,3,5,5,True,True,1.0,Three natural and useful questions.,"B consistently uses natural, precise questions. A has a scope omission and C repeatedly embeds a document heading."
eurlex,http://data.europa.eu/eli/reg/2012/966/art_56/oj,lookup,simple,3,4,4,True,False,0,"All useful, with repeated artificial heading scaffolding.","B consistently uses natural, precise questions. A has a scope omission and C repeatedly embeds a document heading."
eurlex,http://data.europa.eu/eli/reg/2009/436/art_36/oj,fact_pattern,revised,3,5,5,True,True,0.5,Three strong operational questions; the bottling answer is incomplete.,A and C consistently identify the wine regime. B has one materially unanchored question; A’s incomplete answer is assessed separately.
eurlex,http://data.europa.eu/eli/reg/2009/436/art_36/oj,fact_pattern,simple,3,4.333333333333333,5,True,False,0,Two strong questions and one missing the regulated product.,A and C consistently identify the wine regime. B has one materially unanchored question; A’s incomplete answer is assessed separately.
eurlex,http://data.europa.eu/eli/reg/2009/436/art_36/oj,fact_pattern,original,3,5,5,True,True,0.5,All three questions are self-contained and substantive.,A and C consistently identify the wine regime. B has one materially unanchored question; A’s incomplete answer is assessed separately.
eurlex,http://data.europa.eu/eli/reg/2009/436/art_36/oj,lookup,simple,3,4.666666666666667,5,True,False,0,Two strong questions and one small purpose ambiguity.,B and C avoid A’s small ambiguity about the purpose of registers while maintaining comparable substantive usefulness.
eurlex,http://data.europa.eu/eli/reg/2009/436/art_36/oj,lookup,revised,3,5,5,True,True,0.5,Three strong scope and documentation questions.,B and C avoid A’s small ambiguity about the purpose of registers while maintaining comparable substantive usefulness.
eurlex,http://data.europa.eu/eli/reg/2009/436/art_36/oj,lookup,original,3,5,5,True,True,0.5,Three well-scoped substantive requests.,B and C avoid A’s small ambiguity about the purpose of registers while maintaining comparable substantive usefulness.
eurlex,http://data.europa.eu/eli/dir/2006/112/art_111/oj,fact_pattern,original,1,5,5,True,True,0.5,One strong category-application question; no extra entitlement facts are required for this ask.,A and B consistently pose clear category applications. C remains good but its conditions question uses a document-dependent reference; direct versus scenario form is not scored.
eurlex,http://data.europa.eu/eli/dir/2006/112/art_111/oj,fact_pattern,revised,2,5,5,True,True,0.5,Both scenarios ask sound category questions; one answer carries unnecessary neighbouring text.,A and B consistently pose clear category applications. C remains good but its conditions question uses a document-dependent reference; direct versus scenario form is not scored.
eurlex,http://data.europa.eu/eli/dir/2006/112/art_111/oj,fact_pattern,simple,3,4.666666666666667,5,True,False,0,Two strong direct list questions and one slightly less standalone conditions question.,A and B consistently pose clear category applications. C remains good but its conditions question uses a document-dependent reference; direct versus scenario form is not scored.
eurlex,http://data.europa.eu/eli/dir/2006/112/art_111/oj,lookup,simple,3,4.333333333333333,5,True,False,0,Two strong list questions and an overbroad conditions question.,B maintains strong standalone scope throughout; A and C each include a materially weaker conditions question.
eurlex,http://data.europa.eu/eli/dir/2006/112/art_111/oj,lookup,original,2,5,5,True,True,1.0,Both questions are precise category-list requests.,B maintains strong standalone scope throughout; A and C each include a materially weaker conditions question.
eurlex,http://data.europa.eu/eli/dir/2006/112/art_111/oj,lookup,revised,3,4.333333333333333,5,True,False,0,Two strong questions and one context-dependent conditions formulation.,B maintains strong standalone scope throughout; A and C each include a materially weaker conditions question.
eurlex,http://data.europa.eu/eli/reg_impl/2014/181/art_5/oj,fact_pattern,revised,3,4,5,True,True,0.5,"One strong capacity question, a slightly repetitive information question and an unanchored export-registration question.",A and B have comparably mixed sets but fewer substantial standalone-context failures than C; neither has a clear overall advantage over the other.
eurlex,http://data.europa.eu/eli/reg_impl/2014/181/art_5/oj,fact_pattern,original,3,4,5,True,True,0.5,"One well-scoped declaration question, with context and thinness problems elsewhere.",A and B have comparably mixed sets but fewer substantial standalone-context failures than C; neither has a clear overall advantage over the other.
eurlex,http://data.europa.eu/eli/reg_impl/2014/181/art_5/oj,fact_pattern,simple,3,3.6666666666666665,5,True,False,0,One strong registration question and two materially underidentified supply-arrangement questions.,A and B have comparably mixed sets but fewer substantial standalone-context failures than C; neither has a clear overall advantage over the other.
eurlex,http://data.europa.eu/eli/reg_impl/2014/181/art_5/oj,lookup,simple,3,5,5,True,True,0.5,Three well-identified substantive questions; necessary detailed scope is not a length defect.,A and C consistently ask unresolved substantive points. B’s benefit-passing question largely repeats the desired outcome rather than asking an answerable method.
eurlex,http://data.europa.eu/eli/reg_impl/2014/181/art_5/oj,lookup,revised,3,4.333333333333333,5,True,False,0,Two strong requests and one largely circular benefit-passing question.,A and C consistently ask unresolved substantive points. B’s benefit-passing question largely repeats the desired outcome rather than asking an answerable method.
eurlex,http://data.europa.eu/eli/reg_impl/2014/181/art_5/oj,lookup,original,3,5,5,True,True,0.5,Three clear and useful operational questions.,A and C consistently ask unresolved substantive points. B’s benefit-passing question largely repeats the desired outcome rather than asking an answerable method.
eurlex,http://data.europa.eu/eli/dir/2014/26/art_2/oj,fact_pattern,revised,3,5,5,True,True,0.5,Three strong scope questions with minor citation-only answer limitations.,"A and B consistently identify the regulated activities and scope distinctions. C’s weakness is missing framework context, not its direct-question form."
eurlex,http://data.europa.eu/eli/dir/2014/26/art_2/oj,fact_pattern,original,3,5,5,True,True,0.5,Three clear questions distinguishing legal categories and scope.,"A and B consistently identify the regulated activities and scope distinctions. C’s weakness is missing framework context, not its direct-question form."
eurlex,http://data.europa.eu/eli/dir/2014/26/art_2/oj,fact_pattern,simple,3,3.3333333333333335,4,True,False,0,The direct questions repeatedly omit context needed to identify their legal framework.,"A and B consistently identify the regulated activities and scope distinctions. C’s weakness is missing framework context, not its direct-question form."
eurlex,http://data.europa.eu/eli/dir/2014/26/art_2/oj,lookup,simple,3,4,5,True,False,0,Two strong scope questions and one substantively circular organisation question.,B and C sustain substantive questions throughout. A includes a question that gives its full category answer away.
eurlex,http://data.europa.eu/eli/dir/2014/26/art_2/oj,lookup,original,3,5,5,True,True,0.5,Three useful scope questions with enough regulated-activity context.,B and C sustain substantive questions throughout. A includes a question that gives its full category answer away.
eurlex,http://data.europa.eu/eli/dir/2014/26/art_2/oj,lookup,revised,3,5,5,True,True,0.5,Three clear scope questions; minor answer citation context is separate.,B and C sustain substantive questions throughout. A includes a question that gives its full category answer away.
un,2004/s/2004/505#15,lookup,revised,3,4.333333333333333,5,True,True,0.3333333333333333,Useful breadth with one shared resolution-identification weakness.,Comparable usable source-based sets; all retain an implicit resolution in some questions.
un,2004/s/2004/505#15,lookup,original,3,4.333333333333333,5,True,True,0.3333333333333333,"Concise factual needs, including a legitimate yes/no question.",Comparable usable source-based sets; all retain an implicit resolution in some questions.
un,2004/s/2004/505#15,lookup,simple,3,4.333333333333333,5,True,True,0.3333333333333333,Similar coverage and quality to A; reporting formulation could be clearer.,Comparable usable source-based sets; all retain an implicit resolution in some questions.
un,2004/s/2004/505#15,practitioner,original,2,4.5,5,True,False,0,Two usable bounded facts; shorter coverage is not itself a defect.,B consistently identifies the episode and substantive need across its set.
un,2004/s/2004/505#15,practitioner,simple,3,4.666666666666667,5,True,True,1.0,Most consistently self-contained set.,B consistently identifies the episode and substantive need across its set.
un,2004/s/2004/505#15,practitioner,revised,3,4.333333333333333,5,True,False,0,"Two strong instrument questions, but its meeting question drops important event context.",B consistently identifies the episode and substantive need across its set.
un,2004/s/2004/505#15,semantic,revised,3,3.6666666666666665,5,True,False,0,"One strong event question, two underspecified resolution questions.","C supplies consistently identifiable, target-answerable questions; B includes a target mismatch."
un,2004/s/2004/505#15,semantic,simple,3,2.6666666666666665,3,True,False,0,Substantive business question exceeds the assigned block; other questions retain unresolved instrument references.,"C supplies consistently identifiable, target-answerable questions; B includes a target mismatch."
un,2004/s/2004/505#15,semantic,original,2,5,5,True,True,1.0,Both questions usable; no penalty for asking extractive facts under a semantic label.,"C supplies consistently identifiable, target-answerable questions; B includes a target mismatch."
un,1999/cedaw/c/sr_434#16,lookup,simple,3,4,5,True,False,0,Two strong requests and one question that mistakes an unanswered question for an answer.,C most consistently frames answerable information requests; A contains a circular how-question.
un,1999/cedaw/c/sr_434#16,lookup,original,3,3.6666666666666665,4,True,False,0,Generally useful but some scope and specificity weaknesses.,C most consistently frames answerable information requests; A contains a circular how-question.
un,1999/cedaw/c/sr_434#16,lookup,revised,3,4.333333333333333,5,True,True,1.0,Most consistently substantive and supported set.,C most consistently frames answerable information requests; A contains a circular how-question.
un,1999/cedaw/c/sr_434#16,practitioner,revised,3,4,5,True,True,1.0,Mixed but strongest average usability.,A offers the strongest overall set through two identifiable practical information needs; C has one excellent remedy question but two underspecified questions.
un,1999/cedaw/c/sr_434#16,practitioner,original,2,3,3,True,False,0,Remedy scope and legal-condition wording need meaningful clarification.,A offers the strongest overall set through two identifiable practical information needs; C has one excellent remedy question but two underspecified questions.
un,1999/cedaw/c/sr_434#16,practitioner,simple,3,3.6666666666666665,5,True,False,0,Excellent first item; remaining items omit the episode’s identity.,A offers the strongest overall set through two identifiable practical information needs; C has one excellent remedy question but two underspecified questions.
un,1999/cedaw/c/sr_434#16,semantic,revised,3,4.666666666666667,5,True,False,0,Strong set with only a modest temporal qualification needed for its first question.,"C is consistently clear, historically situated and answerable; A is close."
un,1999/cedaw/c/sr_434#16,semantic,original,1,4,4,True,False,0,One useful question; slight legal-terminology looseness.,"C is consistently clear, historically situated and answerable; A is close."
un,1999/cedaw/c/sr_434#16,semantic,simple,3,5,5,True,True,1.0,All three questions are strong as written.,"C is consistently clear, historically situated and answerable; A is close."
un,2001/cd/pv_880#1,lookup,simple,3,4.333333333333333,5,True,True,1.0,Strong specific meeting identification in two of three questions.,A has two particularly well-specified substantive questions; its first requires the institution name.
un,2001/cd/pv_880#1,lookup,original,2,3.5,4,True,False,0,One legitimate yes/no question and one comparatively thin intensity question.,A has two particularly well-specified substantive questions; its first requires the institution name.
un,2001/cd/pv_880#1,lookup,revised,3,4,4,True,False,0,"Consistently good, though less precisely located than A’s strongest items.",A has two particularly well-specified substantive questions; its first requires the institution name.
un,2001/cd/pv_880#1,practitioner,original,0,,,False,False,0,Abstention; no question-quality rating.,C includes one fully usable question and adds useful temporal context elsewhere; B’s whole set needs identification edits.
un,2001/cd/pv_880#1,practitioner,revised,3,3,3,False,False,0,Supported content but all questions depend on missing institutional context.,C includes one fully usable question and adds useful temporal context elsewhere; B’s whole set needs identification edits.
un,2001/cd/pv_880#1,practitioner,simple,3,3.6666666666666665,5,False,True,1.0,"Best nonempty set, led by its clear institutional-role query.",C includes one fully usable question and adds useful temporal context elsewhere; B’s whole set needs identification edits.
un,2001/cd/pv_880#1,semantic,original,2,4,4,True,True,1.0,Two good questions with modest wording limitations.,A identifies the forum consistently and supports credible historical needs; competing sets omit key context.
un,2001/cd/pv_880#1,semantic,revised,3,3.6666666666666665,5,True,False,0,"One strong question, one time error and one missing institutional context.",A identifies the forum consistently and supports credible historical needs; competing sets omit key context.
un,2001/cd/pv_880#1,semantic,simple,3,3,3,True,False,0,All require the Conference’s identity to stand alone.,A identifies the forum consistently and supports credible historical needs; competing sets omit key context.
un,1998/gc_7/c_1/sr_5#16,lookup,simple,3,5,5,True,True,0.5,"Strong attributed questions on procedure, suspension and rationale.",Both sets consistently ask useful questions answerable from the target; B includes context-only substance.
un,1998/gc_7/c_1/sr_5#16,lookup,original,3,4,5,True,False,0,Two strong target questions but one outside the assigned block.,Both sets consistently ask useful questions answerable from the target; B includes context-only substance.
un,1998/gc_7/c_1/sr_5#16,lookup,revised,3,5,5,True,True,0.5,Consistently strong procedure and authority questions.,Both sets consistently ask useful questions answerable from the target; B includes context-only substance.
un,1998/gc_7/c_1/sr_5#16,practitioner,simple,3,4,5,True,False,0,One missing institutional identity and one broad overview weaken an otherwise supported set.,Both offer consistently useful and identified practical questions; the yes/no format in C is legitimate.
un,1998/gc_7/c_1/sr_5#16,practitioner,revised,3,5,5,True,True,0.5,Consistently strong practical procedure and authority needs.,Both offer consistently useful and identified practical questions; the yes/no format in C is legitimate.
un,1998/gc_7/c_1/sr_5#16,practitioner,original,3,5,5,True,True,0.5,"Consistently strong attributed questions, including a valid yes/no check.",Both offer consistently useful and identified practical questions; the yes/no format in C is legitimate.
un,1998/gc_7/c_1/sr_5#16,semantic,simple,3,3.6666666666666665,5,True,False,0,"Strong rationale question, but two others omit UNIDO’s identity.",B provides the most consistently self-contained and target-answerable set.
un,1998/gc_7/c_1/sr_5#16,semantic,original,2,5,5,True,True,1.0,Two strong substantive questions; exact historical dating remains source-limited.,B provides the most consistently self-contained and target-answerable set.
un,1998/gc_7/c_1/sr_5#16,semantic,revised,3,4,5,True,False,0,Two strong questions and one context-only explanation outside the assigned block.,B provides the most consistently self-contained and target-answerable set.
un,2006/a/c_5/60/sr_64#14,lookup,simple,3,4.666666666666667,5,True,False,0,"Strong set, with a slightly vague second ask in its UNAMA question.",B and C are consistently focused and clear; A is close but has a looser compound item.
un,2006/a/c_5/60/sr_64#14,lookup,original,3,5,5,True,True,0.5,"All three are clear and usable, including the yes/no query.",B and C are consistently focused and clear; A is close but has a looser compound item.
un,2006/a/c_5/60/sr_64#14,lookup,revised,3,5,5,True,True,0.5,"All three are focused, attributed and supported.",B and C are consistently focused and clear; A is close but has a looser compound item.
un,2006/a/c_5/60/sr_64#14,practitioner,original,3,4,5,True,False,0,"Two useful bounded facts but one overly narrow, temporally ambiguous achievements question.","B consistently identifies the historical statement and asks substantive, supported questions."
un,2006/a/c_5/60/sr_64#14,practitioner,simple,3,5,5,True,True,1.0,Most consistently usable and contextualized set.,"B consistently identifies the historical statement and asks substantive, supported questions."
un,2006/a/c_5/60/sr_64#14,practitioner,revised,3,4.333333333333333,5,True,False,0,Good set; two historical assessments need only modest temporal clarification.,"B consistently identifies the historical statement and asks substantive, supported questions."
un,2006/a/c_5/60/sr_64#14,semantic,revised,3,4.333333333333333,5,True,False,0,Two strong questions; its first over-asks for a specific strengthening plan.,Both are consistently good; A’s strengthening question demands detail absent from the assigned block.
un,2006/a/c_5/60/sr_64#14,semantic,simple,3,4.666666666666667,5,True,True,0.5,Strong set with one mild inference about the link between achievements and strengthening.,Both are consistently good; A’s strengthening question demands detail absent from the assigned block.
un,2006/a/c_5/60/sr_64#14,semantic,original,3,4.666666666666667,5,True,True,0.5,Strong concise set with a minor temporal-attachment ambiguity.,Both are consistently good; A’s strengthening question demands detail absent from the assigned block.
un,2005/a/res/60/47#0,lookup,simple,3,5,5,False,True,0.5,All three useful as written; preambular status does not make them invalid.,"Both nonempty sets are clear, supported and substantively equivalent in quality."
un,2005/a/res/60/47#0,lookup,revised,3,5,5,False,True,0.5,"All three useful as written, covering the same main substantive points.","Both nonempty sets are clear, supported and substantively equivalent in quality."
un,2005/a/res/60/47#0,lookup,original,0,,,False,False,0,Abstention; no question-quality rating.,"Both nonempty sets are clear, supported and substantively equivalent in quality."
un,2005/a/res/60/47#0,practitioner,original,0,,,False,False,0,Abstention; no question-quality rating.,"C identifies the issue consistently, whereas B’s report question omits Antarctica."
un,2005/a/res/60/47#0,practitioner,simple,3,4.333333333333333,5,False,False,0,Two strong questions and one report question needing its subject restored.,"C identifies the issue consistently, whereas B’s report question omits Antarctica."
un,2005/a/res/60/47#0,practitioner,revised,3,5,5,False,True,1.0,All three clearly identified and usable.,"C identifies the issue consistently, whereas B’s report question omits Antarctica."
un,2005/a/res/60/47#0,semantic,revised,3,5,5,False,True,0.5,"Three strong, target-answerable policy questions.",Both nonempty sets are consistently strong; an extra candidate or a semantic label does not itself establish superiority.
un,2005/a/res/60/47#0,semantic,original,0,,,False,False,0,Abstention; no question-quality rating.,Both nonempty sets are consistently strong; an extra candidate or a semantic label does not itself establish superiority.
un,2005/a/res/60/47#0,semantic,simple,2,5,5,False,True,0.5,Two strong substantive questions; no automatic penalty for broad policy content.,Both nonempty sets are consistently strong; an extra candidate or a semantic label does not itself establish superiority.
un,2013/a/res/68/143#7,lookup,original,1,5,5,True,True,0.3333333333333333,One strong conditional question.,All nonempty sets are strong; A’s single candidate limits coverage but not its question quality.
un,2013/a/res/68/143#7,lookup,simple,3,5,5,True,True,0.3333333333333333,"Three clear, well-located substantive questions.",All nonempty sets are strong; A’s single candidate limits coverage but not its question quality.
un,2013/a/res/68/143#7,lookup,revised,3,5,5,True,True,0.3333333333333333,Three clear and focused substantive questions.,All nonempty sets are strong; A’s single candidate limits coverage but not its question quality.
un,2013/a/res/68/143#7,practitioner,revised,3,4,5,True,False,0,"One strong duty-allocation question, one good conditional question, one unresolved resolution reference.",C’s sole question is fully usable; A is mixed and B requires more substantive clarification.
un,2013/a/res/68/143#7,practitioner,simple,3,3.3333333333333335,4,True,False,0,A vague framework reference and a thin restatement weaken the set.,C’s sole question is fully usable; A is mixed and B requires more substantive clarification.
un,2013/a/res/68/143#7,practitioner,original,1,5,5,True,True,1.0,One strong practical question; coverage should be reported separately.,C’s sole question is fully usable; A is mixed and B requires more substantive clarification.
un,2013/a/res/68/143#7,semantic,revised,2,4,4,True,False,0,Good policy questions with somewhat broad or incomplete episode framing.,"B provides the clearest overall substantive framing, with minor modality and specificity limitations."
un,2013/a/res/68/143#7,semantic,original,3,4.333333333333333,5,True,True,1.0,"Best overall clarity, especially its division-of-responsibility question.","B provides the clearest overall substantive framing, with minor modality and specificity limitations."
un,2013/a/res/68/143#7,semantic,simple,2,4,4,True,False,0,"Supported questions that would benefit from simpler, less repetitive wording.","B provides the clearest overall substantive framing, with minor modality and specificity limitations."
un,2007/a/res/62/137#12,lookup,original,1,5,5,True,True,0.5,One strong event-identification question.,A and B are strong as written at different scopes; a single precise question is not penalized for having fewer companions.
un,2007/a/res/62/137#12,lookup,simple,2,5,5,True,True,0.5,Both questions are substantive and well identified; one answer is unnecessarily broad.,A and B are strong as written at different scopes; a single precise question is not penalized for having fewer companions.
un,2007/a/res/62/137#12,lookup,revised,2,4,4,True,False,0,Both are usable but less natural or less precisely contextualized than the other groups.,A and B are strong as written at different scopes; a single precise question is not penalized for having fewer companions.
un,2007/a/res/62/137#12,practitioner,simple,2,4,4,True,True,0.5,Two useful questions with small context or wording weaknesses.,"A is more consistent, while C has the strongest individual question but a weakly identified companion; neither clearly dominates overall."
un,2007/a/res/62/137#12,practitioner,original,2,3,3,True,False,0,Both questions blur the distinction between a call for action and a requirement.,"A is more consistent, while C has the strongest individual question but a weakly identified companion; neither clearly dominates overall."
un,2007/a/res/62/137#12,practitioner,revised,2,4,5,True,True,0.5,"One strong, self-contained question and one underidentified follow-up reference.","A is more consistent, while C has the strongest individual question but a weakly identified companion; neither clearly dominates overall."
un,2007/a/res/62/137#12,semantic,original,1,3,3,True,False,0,A plausible policy topic phrased more explanatorily than the evidence supports.,"Both sets ask concrete, answerable questions about the call and its scope. A seeks a mechanism that the target does not explain."
un,2007/a/res/62/137#12,semantic,revised,2,4.5,5,True,True,0.5,Two useful questions that preserve the source's call-for-action status.,"Both sets ask concrete, answerable questions about the call and its scope. A seeks a mechanism that the target does not explain."
un,2007/a/res/62/137#12,semantic,simple,3,4.333333333333333,5,True,True,0.5,"The questions are sound, with modest contextual weaknesses and consistently overbroad answers.","Both sets ask concrete, answerable questions about the call and its scope. A seeks a mechanism that the target does not explain."
un,2013/a/res/68/18#1,lookup,simple,3,4,4,True,False,0,Useful questions with a recurring omission of what country graduation means here.,C has no material premise defect and clearly distinguishes additional from standard preparation. B's entity question asks for information absent from the target.
un,2013/a/res/68/18#1,lookup,original,3,4.333333333333333,5,True,False,0,Two strong timing questions and one question seeking unsupported organizational specificity.,C has no material premise defect and clearly distinguishes additional from standard preparation. B's entity question asks for information absent from the target.
un,2013/a/res/68/18#1,lookup,revised,3,4.666666666666667,5,True,True,1.0,Consistently useful questions with only a minor category-context omission in the strategy item.,C has no material premise defect and clearly distinguishes additional from standard preparation. B's entity question asks for information absent from the target.
un,2013/a/res/68/18#1,practitioner,revised,3,3.6666666666666665,5,True,False,0,"A strong principle question, but both country-specific questions need clearer graduation context.","C is the most consistently identifiable set. A contains the strongest individual principle question, but its two country questions need meaningful context edits."
un,2013/a/res/68/18#1,practitioner,simple,3,3.3333333333333335,4,True,False,0,The first two lack important regime context; the final timetable question is substantially clearer.,"C is the most consistently identifiable set. A contains the strongest individual principle question, but its two country questions need meaningful context edits."
un,2013/a/res/68/18#1,practitioner,original,2,4,4,True,True,1.0,"Both are concise and usable, with the same minor category-context omission.","C is the most consistently identifiable set. A contains the strongest individual principle question, but its two country questions need meaningful context edits."
un,2013/a/res/68/18#1,semantic,simple,3,3.3333333333333335,4,True,False,0,One useful continuity question and two questions with reference or status/actor weaknesses.,B provides the strongest overall questions without the unsupported timing and causal framing present in C or the procedural-role ambiguity in A.
un,2013/a/res/68/18#1,semantic,revised,3,4.666666666666667,5,True,True,1.0,"Consistently substantive, mostly self-contained questions that preserve the distinction between invitations and granted timing arrangements.",B provides the strongest overall questions without the unsupported timing and causal framing present in C or the procedural-role ambiguity in A.
un,2013/a/res/68/18#1,semantic,original,3,3.6666666666666665,5,True,False,0,"One strong policy-design question, but the others introduce avoidable timing or causal/status assumptions.",B provides the strongest overall questions without the unsupported timing and causal framing present in C or the procedural-role ambiguity in A.
un,2014/s/res/2140__2014_#13,lookup,original,3,4,4,True,False,0,All three are sound but burdened by repetitive source framing.,B is the most consistently substantive and natural set. C has two equally strong questions but a thin designation question; A is needlessly repetitive.
un,2014/s/res/2140__2014_#13,lookup,simple,3,4.666666666666667,5,True,True,1.0,"A consistently strong set, especially the full reporting schedule and violations-handling question.",B is the most consistently substantive and natural set. C has two equally strong questions but a thin designation question; A is needlessly repetitive.
un,2014/s/res/2140__2014_#13,lookup,revised,3,4.333333333333333,5,True,False,0,"Two strong questions, but the designation item is substantially answer-cued.",B is the most consistently substantive and natural set. C has two equally strong questions but a thin designation question; A is needlessly repetitive.
un,2014/s/res/2140__2014_#13,practitioner,simple,3,4.666666666666667,5,True,False,0,Two strong questions and one slightly thin function question.,B is consistently clear and useful across all three questions; A and C contain minor scope or information-value weaknesses.
un,2014/s/res/2140__2014_#13,practitioner,revised,3,5,5,True,True,1.0,"Three natural, substantive and directly answerable questions.",B is consistently clear and useful across all three questions; A and C contain minor scope or information-value weaknesses.
un,2014/s/res/2140__2014_#13,practitioner,original,3,4.333333333333333,5,True,False,0,"Mostly strong, with small ambiguities about initial reporting and designation discretion.",B is consistently clear and useful across all three questions; A and C contain minor scope or information-value weaknesses.
un,2014/s/res/2140__2014_#13,semantic,original,3,4.666666666666667,5,True,True,0.5,"Strong substantive questions, with a minor institutional-role imprecision in the first.",A and B are comparably strong: both ask meaningful mechanisms supported by the mandate. C has one material mandate-versus-implementation shift.
un,2014/s/res/2140__2014_#13,semantic,simple,3,4.666666666666667,5,True,True,0.5,"A strong overview of linked functions, with one vague description of the potentially involved actors.",A and B are comparably strong: both ask meaningful mechanisms supported by the mandate. C has one material mandate-versus-implementation shift.
un,2014/s/res/2140__2014_#13,semantic,revised,3,4.333333333333333,5,True,False,0,Two strong mandate questions and one question that converts assigned tasks into reported historical action.,A and B are comparably strong: both ask meaningful mechanisms supported by the mandate. C has one material mandate-versus-implementation shift.
un,2012/s/2012/718#7,lookup,simple,3,3.3333333333333335,4,True,False,0,"Two useful source-based questions, but one is substantially circular.",B is consistently substantive and does not give away the requested information; A contains a circular question and C offers only one narrower question.
un,2012/s/2012/718#7,lookup,revised,3,4.666666666666667,5,True,True,1.0,"Consistently useful questions covering conduct, tracing locations and follow-up.",B is consistently substantive and does not give away the requested information; A contains a circular question and C offers only one narrower question.
un,2012/s/2012/718#7,lookup,original,1,4,4,True,False,0,One good question with a small omission of subject context.,B is consistently substantive and does not give away the requested information; A contains a circular question and C offers only one narrower question.
un,2012/s/2012/718#7,practitioner,simple,3,3.3333333333333335,5,True,False,0,"One strong tracing question, one underidentified procedure question and one circular accountability question.","C has the strongest overall set of concrete questions; A has one excellent item but also a circular one, while B is consistently underidentified."
un,2012/s/2012/718#7,practitioner,revised,3,2.3333333333333335,3,True,False,0,The set repeatedly omits episode context or supplies its own answer.,"C has the strongest overall set of concrete questions; A has one excellent item but also a circular one, while B is consistently underidentified."
un,2012/s/2012/718#7,practitioner,original,3,4,5,True,True,1.0,"Generally focused, useful questions; one conflates the report month with the timing of the underlying activity.","C has the strongest overall set of concrete questions; A has one excellent item but also a circular one, while B is consistently underidentified."
un,2012/s/2012/718#7,semantic,original,3,3.6666666666666665,4,True,False,0,"Two useful questions, with a thin how-question that demands more explanation than the target supplies.","B offers the most consistently useful connected questions, although the preference over A is modest; C includes a clear answer-revealing item."
un,2012/s/2012/718#7,semantic,revised,3,4,5,True,True,1.0,"One strong follow-up question, one good linked progress question and one vague residual-needs question.","B offers the most consistently useful connected questions, although the preference over A is modest; C includes a clear answer-revealing item."
un,2012/s/2012/718#7,semantic,simple,3,3.3333333333333335,5,True,False,0,"One strong progress-and-concerns question, but a circular tracing question and an underidentified procedural question weaken the set.","B offers the most consistently useful connected questions, although the preference over A is modest; C includes a clear answer-revealing item."
un,2007/cedaw/c/sr_770_b_#18,lookup,original,3,4.666666666666667,5,True,False,0,"Mostly strong factual questions, with one thin objective question.","C has the strongest overall combination of natural wording, useful subject matter and source attribution; A is also mostly good."
un,2007/cedaw/c/sr_770_b_#18,lookup,revised,3,4,4,True,False,0,"All three are useful and sound, although uniformly repetitive in their source framing.","C has the strongest overall combination of natural wording, useful subject matter and source attribution; A is also mostly good."
un,2007/cedaw/c/sr_770_b_#18,lookup,simple,3,4.666666666666667,5,True,True,1.0,"The set combines substantive rationale, action and support questions while preserving reported attribution.","C has the strongest overall combination of natural wording, useful subject matter and source attribution; A is also mostly good."
un,2007/cedaw/c/sr_770_b_#18,practitioner,simple,3,4.333333333333333,5,True,True,0.5,"Two strong questions, but the third changes the timing/status of the requirement.",A offers the two strongest standalone questions but one material status error; B is more consistent. Neither clearly dominates overall.
un,2007/cedaw/c/sr_770_b_#18,practitioner,revised,3,4.333333333333333,5,True,True,0.5,"Consistently useful questions, with modest missing historical framing in the first two.",A offers the two strongest standalone questions but one material status error; B is more consistent. Neither clearly dominates overall.
un,2007/cedaw/c/sr_770_b_#18,practitioner,original,3,3.6666666666666665,4,True,False,0,Generally understandable but overprecise dating and a thin credit question reduce quality.,A offers the two strongest standalone questions but one material status error; B is more consistent. Neither clearly dominates overall.
un,2007/cedaw/c/sr_770_b_#18,semantic,original,3,4,5,True,False,0,Two useful policy questions but a status error in the salary-gap item.,C consistently asks meaningful connected policy questions without changing the prospective salary-gap obligation into an accomplished requirement.
un,2007/cedaw/c/sr_770_b_#18,semantic,revised,3,4,4,True,False,0,"All three are substantive, with a recurring mild reporting-time ambiguity.",C consistently asks meaningful connected policy questions without changing the prospective salary-gap obligation into an accomplished requirement.
un,2007/cedaw/c/sr_770_b_#18,semantic,simple,2,5,5,True,True,1.0,"Both questions express coherent substantive needs, with sound premises and useful scope.",C consistently asks meaningful connected policy questions without changing the prospective salary-gap obligation into an accomplished requirement.
un,2006/cedaw/c/sr_724#18,lookup,revised,3,4.333333333333333,5,True,True,1.0,"Two strong factual/document-analysis questions, with one thin restatement question.",A combines a strong attributed statistic with a useful land-reporting question; B contains a wrong-speaker premise.
un,2006/cedaw/c/sr_724#18,lookup,simple,3,3,4,True,False,0,One substantial attribution error and one thin question weaken an otherwise valid statistics question.,A combines a strong attributed statistic with a useful land-reporting question; B contains a wrong-speaker premise.
un,2006/cedaw/c/sr_724#18,lookup,original,1,4,4,True,False,0,A sound single fact question with a small wording weakness.,A combines a strong attributed statistic with a useful land-reporting question; B contains a wrong-speaker premise.
un,2006/cedaw/c/sr_724#18,practitioner,revised,3,3.3333333333333335,4,True,False,0,"Useful subject matter, but two items are underidentified or largely restate the request.","Both B and C are strong as written; B covers several substantive requests, while C provides one equally sound cited-statistic question."
un,2006/cedaw/c/sr_724#18,practitioner,simple,3,5,5,True,True,0.5,"Three clear substantive requests, preserving the distinction between questions raised and established facts.","Both B and C are strong as written; B covers several substantive requests, while C provides one equally sound cited-statistic question."
un,2006/cedaw/c/sr_724#18,practitioner,original,1,5,5,True,True,0.5,One strong attributed-statistic question.,"Both B and C are strong as written; B covers several substantive requests, while C provides one equally sound cited-statistic question."
un,2006/cedaw/c/sr_724#18,semantic,simple,3,4.333333333333333,5,False,True,1.0,"Two strong connected requests, with one land-rights question missing country context.",A has two well-contextualized and directly answerable questions. B has only one comparably strong item; C abstains.
un,2006/cedaw/c/sr_724#18,semantic,revised,3,3.6666666666666665,5,False,False,0,"One strong question, one underidentified question and one thin or ambiguously answerable measures question.",A has two well-contextualized and directly answerable questions. B has only one comparably strong item; C abstains.
un,2006/cedaw/c/sr_724#18,semantic,original,0,,,False,False,0,Abstention: no candidates; not rated as zero.,A has two well-contextualized and directly answerable questions. B has only one comparably strong item; C abstains.
un,2010/ccpr/c/sr_2695#25,lookup,simple,2,5,5,True,True,0.5,Both questions are useful and accurately framed as reported drafting positions.,A and B are consistently strong source-based drafting questions. B's answer-splicing defect does not make its question worse.
un,2010/ccpr/c/sr_2695#25,lookup,revised,3,5,5,True,True,0.5,"Three strong, specific questions; one answer needs grammatical repair, without reducing question quality.",A and B are consistently strong source-based drafting questions. B's answer-splicing defect does not make its question worse.
un,2010/ccpr/c/sr_2695#25,lookup,original,2,4,4,True,False,0,Both are usable confirmation questions with avoidable wording imprecision.,A and B are consistently strong source-based drafting questions. B's answer-splicing defect does not make its question worse.
un,2010/ccpr/c/sr_2695#25,practitioner,simple,2,5,5,True,True,1.0,Both preserve the proposal/status distinction and identify the relevant episode.,A expresses the most self-contained substantive questions; B is narrower and C leaves the forum implicit.
un,2010/ccpr/c/sr_2695#25,practitioner,original,2,4,4,True,False,0,Sound but narrow document-navigation questions with some missing subject context.,A expresses the most self-contained substantive questions; B is narrower and C leaves the forum implicit.
un,2010/ccpr/c/sr_2695#25,practitioner,revised,2,4,4,True,False,0,"Useful proposals, with less self-contained episode identification than A.",A expresses the most self-contained substantive questions; B is narrower and C leaves the forum implicit.
un,2010/ccpr/c/sr_2695#25,semantic,revised,3,3.6666666666666665,4,True,False,0,Useful drafting questions mixed with one underidentified question and an unresolved-reference answer.,"C is the most natural and consistently self-contained set, while A and especially B include underidentified questions. The preference is modest over A's strongest questions."
un,2010/ccpr/c/sr_2695#25,semantic,simple,3,3,4,True,False,0,Only the final question is readily usable; the others lack context or seek a rationale not fully supplied.,"C is the most natural and consistently self-contained set, while A and especially B include underidentified questions. The preference is modest over A's strongest questions."
un,2010/ccpr/c/sr_2695#25,semantic,original,1,4,4,True,True,1.0,"One concise and mostly sound question, with a mild proposal-to-outcome shift.","C is the most natural and consistently self-contained set, while A and especially B include underidentified questions. The preference is modest over A's strongest questions."
un,2000/cd/pv_841#11,lookup,simple,3,4.666666666666667,5,True,False,0,Two strong questions and one broader option question; the first has a serious answer-span defect only.,B provides consistently clear and substantive questions. Its incomplete assurance answer is recorded separately and does not reduce question-set preference.
un,2000/cd/pv_841#11,lookup,revised,3,5,5,True,True,1.0,"All three questions are substantive and well identified. The third answer is incomplete, not a weak question.",B provides consistently clear and substantive questions. Its incomplete assurance answer is recorded separately and does not reduce question-set preference.
un,2000/cd/pv_841#11,lookup,original,2,4,4,True,False,0,Both are sound but narrower and somewhat less natural than B.,B provides consistently clear and substantive questions. Its incomplete assurance answer is recorded separately and does not reduce question-set preference.
un,2000/cd/pv_841#11,practitioner,original,2,4,5,True,False,0,One excellent assurance question and one underdefined confirmation question.,B is the strongest overall set; A and C each have a strong item but also meaningful context or premise weaknesses.
un,2000/cd/pv_841#11,practitioner,simple,2,4.5,5,True,True,1.0,"Two useful questions, especially the directly attributed policy rationale.",B is the strongest overall set; A and C each have a strong item but also meaningful context or premise weaknesses.
un,2000/cd/pv_841#11,practitioner,revised,3,3.6666666666666665,5,True,False,0,"One strong procedural question, but the other two lose temporal or attribution context.",B is the strongest overall set; A and C each have a strong item but also meaningful context or premise weaknesses.
un,2000/cd/pv_841#11,semantic,original,2,4.5,5,True,True,1.0,"Both questions are useful, especially the attributed rationale; answer completeness needs improvement separately.",A has the strongest overall questions despite incomplete supplied answers. This preference deliberately distinguishes good questions from poor evidence-span selection.
un,2000/cd/pv_841#11,semantic,simple,2,4,5,True,False,0,One strong policy question and one question missing the consultation episode.,A has the strongest overall questions despite incomplete supplied answers. This preference deliberately distinguishes good questions from poor evidence-span selection.
un,2000/cd/pv_841#11,semantic,revised,3,3.3333333333333335,4,True,False,0,"The rationale question is useful, but both consultation/history questions leave important references implicit.",A has the strongest overall questions despite incomplete supplied answers. This preference deliberately distinguishes good questions from poor evidence-span selection.
un,2005/a/res/60/226#3,lookup,original,3,5,5,True,True,0.3333333333333333,"Three strong, precise factual questions.","No meaningful question-quality winner: all three groups are clear, supported and useful at different levels of detail."
un,2005/a/res/60/226#3,lookup,simple,2,5,5,True,True,0.3333333333333333,Both questions are substantive and faithfully framed.,"No meaningful question-quality winner: all three groups are clear, supported and useful at different levels of detail."
un,2005/a/res/60/226#3,lookup,revised,3,5,5,True,True,0.3333333333333333,All three are usable and substantively useful as written.,"No meaningful question-quality winner: all three groups are clear, supported and useful at different levels of detail."
un,2005/a/res/60/226#3,practitioner,simple,2,3,3,True,False,0,Both omit the Register/armaments subject needed to identify the review.,"B is the most consistently identifiable overall, although its first item needs a responsibility correction. C has an excellent item but also a substantially circular one."
un,2005/a/res/60/226#3,practitioner,original,3,4,5,True,True,1.0,One strong question and two usable ideas needing role or temporal wording repair.,"B is the most consistently identifiable overall, although its first item needs a responsibility correction. C has an excellent item but also a substantially circular one."
un,2005/a/res/60/226#3,practitioner,revised,3,3.3333333333333335,5,True,False,0,"One strong report question, but an underidentified group question and a circular input question.","B is the most consistently identifiable overall, although its first item needs a responsibility correction. C has an excellent item but also a substantially circular one."
un,2005/a/res/60/226#3,semantic,original,2,4,5,True,True,1.0,One strong process question and one question that overstates a prospective process as completed.,A has the clearest substantive process question and a useful second idea requiring tense repair; the preference over B is modest rather than decisive.
un,2005/a/res/60/226#3,semantic,revised,2,3.5,4,True,False,0,A good process question paired with a thin input question.,A has the clearest substantive process question and a useful second idea requiring tense repair; the preference over B is modest rather than decisive.
un,2005/a/res/60/226#3,semantic,simple,2,3.5,4,True,False,0,One usable scope question and one with an assignment-date and subject-context problem.,A has the clearest substantive process question and a useful second idea requiring tense repair; the preference over B is modest rather than decisive.
un,2003/a/res/58/298#4,lookup,simple,3,3.3333333333333335,4,True,False,0,"One good budget question, one thin report-identification question and one question broader than the available financing evidence.","B has the most useful overall factual set, particularly its well-bounded balance amount question. All groups have at least one context or scope weakness."
un,2003/a/res/58/298#4,lookup,revised,3,4,5,True,True,1.0,"A strong amount question and a good budget question, with one report question missing substantive context.","B has the most useful overall factual set, particularly its well-bounded balance amount question. All groups have at least one context or scope weakness."
un,2003/a/res/58/298#4,lookup,original,3,3.6666666666666665,4,True,False,0,"Clear factual forms, but source descriptions are often too broad to identify the specific financial episode.","B has the most useful overall factual set, particularly its well-bounded balance amount question. All groups have at least one context or scope weakness."
un,2003/a/res/58/298#4,practitioner,simple,3,3.6666666666666665,5,True,False,0,"One strong substantive budgeting question, with two thin or underidentified questions.",C is strongest overall for self-contained and consistently useful questions. B also has two excellent items but a weakly identified report question.
un,2003/a/res/58/298#4,practitioner,revised,3,4.333333333333333,5,True,False,0,"Two strong budget questions, with one underidentified recurring-report question.",C is strongest overall for self-contained and consistently useful questions. B also has two excellent items but a weakly identified report question.
un,2003/a/res/58/298#4,practitioner,original,3,4.666666666666667,5,True,True,1.0,"Consistently clear, concrete questions with only a mild one-source-versus-complete-financing ambiguity.",C is strongest overall for self-contained and consistently useful questions. B also has two excellent items but a weakly identified report question.
un,2003/a/res/58/298#4,semantic,original,2,4.5,5,True,False,0,Both are useful; the capacity wording is slightly broader and more definite than the approval evidence.,"B and C are comparably strong overall; both ask genuine questions about approval, report treatment and financing. A is also good but slightly less precise about approved capacity."
un,2003/a/res/58/298#4,semantic,revised,3,4.666666666666667,5,True,True,0.5,"Three substantive questions distinguishing funding, report treatment and requirements approval.","B and C are comparably strong overall; both ask genuine questions about approval, report treatment and financing. A is also good but slightly less precise about approved capacity."
un,2003/a/res/58/298#4,semantic,simple,3,4.666666666666667,5,True,True,0.5,A strong set of finance and procedural questions with only a mild partly pre-specified application question.,"B and C are comparably strong overall; both ask genuine questions about approval, report treatment and financing. A is also good but slightly less precise about approved capacity."
un,2013/a/res/67/145#7,lookup,simple,3,4.333333333333333,5,False,True,1.0,All questions are source-specific; the barriers/cooperation questions add more information than the theme question.,A has the more consistently answerable set; C contains a measures question whose requested detail is absent.
un,2013/a/res/67/145#7,lookup,original,0,,,False,False,0,No questions generated; no numerical quality penalty.,A has the more consistently answerable set; C contains a measures question whose requested detail is absent.
un,2013/a/res/67/145#7,lookup,revised,3,4,5,False,False,0,Cooperation is strong; the special-measures question implies more substantive detail than the passage provides.,A has the more consistently answerable set; C contains a measures question whose requested detail is absent.
un,2013/a/res/67/145#7,practitioner,revised,3,4.666666666666667,5,False,True,1.0,"Useful topic and episode anchors, with more substantive needs in A2/A3.",A keeps source-supported information needs and identifying context more consistently.
un,2013/a/res/67/145#7,practitioner,original,0,,,False,False,0,No questions generated; no numerical quality penalty.,A keeps source-supported information needs and identifying context more consistently.
un,2013/a/res/67/145#7,practitioner,simple,3,3,4,False,False,0,C1 has useful substance; C2 asks for unavailable geography and C3 needs a topic.,A keeps source-supported information needs and identifying context more consistently.
un,2013/a/res/67/145#7,semantic,original,2,4,4,True,False,0,Two useful barriers/relationship questions; institutional attribution and the precision of the relation could be clearer.,"B consistently states supported relationships with explicit source context; A is also usable but less clearly attributed, and C has two less self-contained questions."
un,2013/a/res/67/145#7,semantic,revised,3,5,5,True,True,1.0,All three questions identify a useful relation actually expressed in the target.,"B consistently states supported relationships with explicit source context; A is also usable but less clearly attributed, and C has two less self-contained questions."
un,2013/a/res/67/145#7,semantic,simple,3,3.6666666666666665,5,True,False,0,"A strong protection-rationale question is surrounded by less self-contained, less economical questions.","B consistently states supported relationships with explicit source context; A is also usable but less clearly attributed, and C has two less self-contained questions."
un,2013/a/res/67/199#12,lookup,revised,3,5,5,False,True,1.0,"All three asks target information actually supplied and identify the issuing body, date and topic.",A narrows to actual objectives and stated recommendations; B includes an unanswerable request for particular efforts.
un,2013/a/res/67/199#12,lookup,simple,3,3.3333333333333335,4,False,False,0,Two answerable broad summaries and one under-specified request for unnamed initiatives.,A narrows to actual objectives and stated recommendations; B includes an unanswerable request for particular efforts.
un,2013/a/res/67/199#12,lookup,original,0,,,False,False,0,No questions generated; no numerical quality penalty.,A narrows to actual objectives and stated recommendations; B includes an unanswerable request for particular efforts.
un,2013/a/res/67/199#12,practitioner,revised,3,5,5,False,True,1.0,"Three focused, supported asks; the questions preserve the difference between stated goals and actual actions.",A identifies the issue and asks what the target supplies; C is more generic and sometimes requests unavailable initiative details.
un,2013/a/res/67/199#12,practitioner,original,0,,,False,False,0,No questions generated; no numerical quality penalty.,A identifies the issue and asks what the target supplies; C is more generic and sometimes requests unavailable initiative details.
un,2013/a/res/67/199#12,practitioner,simple,3,3,4,False,False,0,"C2 is substantively answerable, but the set repeatedly relies on source context that the questions do not state.",A identifies the issue and asks what the target supplies; C is more generic and sometimes requests unavailable initiative details.
un,2013/a/res/67/199#12,semantic,revised,3,4.666666666666667,5,True,True,1.0,Strong institutional attribution and useful bounded concepts in A2/A3.,A most consistently identifies the General Assembly assessment and focuses the asks. B is also usable but less clearly attributed; C contains a context-poor request for unnamed initiatives.
un,2013/a/res/67/199#12,semantic,original,2,4,4,True,False,0,Readable conceptual questions with minor limitations in identifying the institutional assessment and distinguishing general tendencies from dated observations.,A most consistently identifies the General Assembly assessment and focuses the asks. B is also usable but less clearly attributed; C contains a context-poor request for unnamed initiatives.
un,2013/a/res/67/199#12,semantic,simple,3,3.3333333333333335,4,True,False,0,"C2/C3 are usable, but C1 is both context-poor and asks for unspecified initiatives.",A most consistently identifies the General Assembly assessment and focuses the asks. B is also usable but less clearly attributed; C contains a context-poor request for unnamed initiatives.
un,2004/s/res/1565_2004_#11,lookup,revised,3,4.333333333333333,5,True,False,0,Two strong MONUC questions; A1 needs a country or episode anchor.,C targets discrete useful information without losing mission/episode context; A has one under-anchored question and B is unnecessarily cumbersome.
un,2004/s/res/1565_2004_#11,lookup,simple,2,3.5,4,True,False,0,Sound source facts but less natural and focused wording.,C targets discrete useful information without losing mission/episode context; A has one under-anchored question and B is unnecessarily cumbersome.
un,2004/s/res/1565_2004_#11,lookup,original,3,4.666666666666667,5,True,True,1.0,"The most consistently focused, answerable and identifiable questions.",C targets discrete useful information without losing mission/episode context; A has one under-anchored question and B is unnecessarily cumbersome.
un,2004/s/res/1565_2004_#11,practitioner,revised,2,4,5,True,False,0,A2 is strong; A1 has a consequential preposition/meaning ambiguity.,"B consistently preserves the actors, episode, direction of access and linked duties."
un,2004/s/res/1565_2004_#11,practitioner,simple,2,5,5,True,True,1.0,Both questions are supported and independently interpretable; identifiers do not detract from a useful researcher question.,"B consistently preserves the actors, episode, direction of access and linked duties."
un,2004/s/res/1565_2004_#11,practitioner,original,3,4.333333333333333,5,True,False,0,Focused practical asks with minor wording/modality limitations; C2 has a narrower supplied answer than the wider duties.,"B consistently preserves the actors, episode, direction of access and linked duties."
un,2004/s/res/1565_2004_#11,semantic,revised,2,5,5,True,True,0.5,Both questions reformulate the operational/policy purpose without losing source meaning.,"A and C both have two strong, clear questions; the differences are wording and breadth rather than a decisive quality advantage."
un,2004/s/res/1565_2004_#11,semantic,simple,2,4,5,True,False,0,"A strong mandate question and a vaguer, partly circular accountability question.","A and C both have two strong, clear questions; the differences are wording and breadth rather than a decisive quality advantage."
un,2004/s/res/1565_2004_#11,semantic,original,2,5,5,True,True,0.5,Both are natural conceptual reformulations with useful answers.,"A and C both have two strong, clear questions; the differences are wording and breadth rather than a decisive quality advantage."
