version,mode,aggregation,check,status,count,denominator,percent,affected_documents
Revised,practitioner,all_candidates,mode,pass,60,126,47.61904761904761,30
Revised,practitioner,all_candidates,mode,fail,48,126,38.095238095238095,26
Revised,practitioner,all_candidates,mode,uncertain,18,126,14.285714285714285,12
Revised,practitioner,all_candidates,support,pass,120,126,95.23809523809523,44
Revised,practitioner,all_candidates,support,fail,4,126,3.1746031746031744,3
Revised,practitioner,all_candidates,support,uncertain,2,126,1.5873015873015872,2
Revised,practitioner,all_candidates,metadata,pass,96,126,76.19047619047619,40
Revised,practitioner,all_candidates,metadata,fail,30,126,23.809523809523807,17
Revised,practitioner,all_candidates,metadata,uncertain,0,126,0.0,0
Revised,practitioner,best_per_document,mode,pass,29,44,65.9090909090909,29
Revised,practitioner,best_per_document,mode,fail,9,44,20.454545454545457,9
Revised,practitioner,best_per_document,mode,uncertain,6,44,13.636363636363635,6
Revised,practitioner,best_per_document,support,pass,44,44,100.0,44
Revised,practitioner,best_per_document,support,fail,0,44,0.0,0
Revised,practitioner,best_per_document,support,uncertain,0,44,0.0,0
Revised,practitioner,best_per_document,metadata,pass,36,44,81.81818181818183,36
Revised,practitioner,best_per_document,metadata,fail,8,44,18.181818181818183,8
Revised,practitioner,best_per_document,metadata,uncertain,0,44,0.0,0
Revised,semantic,all_candidates,mode,pass,15,17,88.23529411764706,5
Revised,semantic,all_candidates,mode,fail,2,17,11.76470588235294,1
Revised,semantic,all_candidates,mode,uncertain,0,17,0.0,0
Revised,semantic,all_candidates,support,pass,17,17,100.0,6
Revised,semantic,all_candidates,support,fail,0,17,0.0,0
Revised,semantic,all_candidates,support,uncertain,0,17,0.0,0
Revised,semantic,all_candidates,metadata,pass,14,17,82.35294117647058,5
Revised,semantic,all_candidates,metadata,fail,2,17,11.76470588235294,1
Revised,semantic,all_candidates,metadata,uncertain,1,17,5.88235294117647,1
Revised,semantic,best_per_document,mode,pass,5,6,83.33333333333334,5
Revised,semantic,best_per_document,mode,fail,1,6,16.666666666666664,1
Revised,semantic,best_per_document,mode,uncertain,0,6,0.0,0
Revised,semantic,best_per_document,support,pass,6,6,100.0,6
Revised,semantic,best_per_document,support,fail,0,6,0.0,0
Revised,semantic,best_per_document,support,uncertain,0,6,0.0,0
Revised,semantic,best_per_document,metadata,pass,5,6,83.33333333333334,5
Revised,semantic,best_per_document,metadata,fail,0,6,0.0,0
Revised,semantic,best_per_document,metadata,uncertain,1,6,16.666666666666664,1
v4,practitioner,all_candidates,mode,pass,65,86,75.5813953488372,37
v4,practitioner,all_candidates,mode,fail,20,86,23.25581395348837,15
v4,practitioner,all_candidates,mode,uncertain,1,86,1.1627906976744187,1
v4,practitioner,all_candidates,support,pass,81,86,94.18604651162791,44
v4,practitioner,all_candidates,support,fail,3,86,3.488372093023256,3
v4,practitioner,all_candidates,support,uncertain,2,86,2.3255813953488373,2
v4,practitioner,all_candidates,metadata,pass,84,86,97.67441860465115,44
v4,practitioner,all_candidates,metadata,fail,2,86,2.3255813953488373,2
v4,practitioner,all_candidates,metadata,uncertain,0,86,0.0,0
v4,practitioner,best_per_document,mode,pass,36,44,81.81818181818183,36
v4,practitioner,best_per_document,mode,fail,8,44,18.181818181818183,8
v4,practitioner,best_per_document,mode,uncertain,0,44,0.0,0
v4,practitioner,best_per_document,support,pass,44,44,100.0,44
v4,practitioner,best_per_document,support,fail,0,44,0.0,0
v4,practitioner,best_per_document,support,uncertain,0,44,0.0,0
v4,practitioner,best_per_document,metadata,pass,43,44,97.72727272727273,43
v4,practitioner,best_per_document,metadata,fail,1,44,2.272727272727273,1
v4,practitioner,best_per_document,metadata,uncertain,0,44,0.0,0
v4,semantic,all_candidates,mode,pass,16,18,88.88888888888889,6
v4,semantic,all_candidates,mode,fail,2,18,11.11111111111111,2
v4,semantic,all_candidates,mode,uncertain,0,18,0.0,0
v4,semantic,all_candidates,support,pass,17,18,94.44444444444444,6
v4,semantic,all_candidates,support,fail,0,18,0.0,0
v4,semantic,all_candidates,support,uncertain,1,18,5.555555555555555,1
v4,semantic,all_candidates,metadata,pass,17,18,94.44444444444444,6
v4,semantic,all_candidates,metadata,fail,1,18,5.555555555555555,1
v4,semantic,all_candidates,metadata,uncertain,0,18,0.0,0
v4,semantic,best_per_document,mode,pass,6,6,100.0,6
v4,semantic,best_per_document,mode,fail,0,6,0.0,0
v4,semantic,best_per_document,mode,uncertain,0,6,0.0,0
v4,semantic,best_per_document,support,pass,6,6,100.0,6
v4,semantic,best_per_document,support,fail,0,6,0.0,0
v4,semantic,best_per_document,support,uncertain,0,6,0.0,0
v4,semantic,best_per_document,metadata,pass,6,6,100.0,6
v4,semantic,best_per_document,metadata,fail,0,6,0.0,0
v4,semantic,best_per_document,metadata,uncertain,0,6,0.0,0
