version,corpus,left_mode,right_mode,score,paired_targets,left_mean,right_mean,mean_left_minus_right,left_wins,ties,right_wins,bootstrap95_low,bootstrap95_high
baseline,eurlex,lookup,fact_pattern,legacy_best,37,35.37837837837838,32.945945945945944,2.4324324324324325,31,4,2,1.7297297297297298,3.108108108108108
baseline,eurlex,lookup,fact_pattern,legacy_best_accepted,33,35.484848484848484,32.78787878787879,2.696969696969697,29,3,1,1.9090909090909092,3.515151515151515
baseline,eurlex,lookup,fact_pattern,common_best_any,24,23.583333333333332,22.75,0.8333333333333334,15,6,3,0.2916666666666667,1.3333333333333333
baseline,eurlex,lookup,fact_pattern,common_best_usable,24,23.583333333333332,22.75,0.8333333333333334,15,6,3,0.2916666666666667,1.3333333333333333
baseline,eurlex,lookup,fact_pattern,common_native_rank1,21,23.19047619047619,22.523809523809526,0.6666666666666666,11,6,4,0.0,1.3333333333333333
baseline,eurlex,lookup,fact_pattern,common_native_rank1_usable,21,23.19047619047619,22.523809523809526,0.6666666666666666,11,6,4,0.0,1.3333333333333333
baseline,un,lookup,practitioner,legacy_best,33,29.87878787878788,29.181818181818183,0.696969696969697,16,8,9,-0.18181818181818182,1.5454545454545454
baseline,un,lookup,practitioner,legacy_best_accepted,9,31.555555555555557,31.333333333333332,0.2222222222222222,4,3,2,-0.6666666666666666,1.1111111111111112
baseline,un,lookup,practitioner,common_best_any,0,,,,0,0,0,,
baseline,un,lookup,practitioner,common_best_usable,0,,,,0,0,0,,
baseline,un,lookup,practitioner,common_native_rank1,0,,,,0,0,0,,
baseline,un,lookup,practitioner,common_native_rank1_usable,0,,,,0,0,0,,
baseline,un,semantic,practitioner,legacy_best,33,31.181818181818183,29.181818181818183,2.0,24,3,6,0.7272727272727273,3.212121212121212
baseline,un,semantic,practitioner,legacy_best_accepted,7,31.857142857142858,30.571428571428573,1.2857142857142858,5,1,1,-0.42857142857142855,3.0
baseline,un,semantic,practitioner,common_best_any,0,,,,0,0,0,,
baseline,un,semantic,practitioner,common_best_usable,0,,,,0,0,0,,
baseline,un,semantic,practitioner,common_native_rank1,0,,,,0,0,0,,
baseline,un,semantic,practitioner,common_native_rank1_usable,0,,,,0,0,0,,
baseline,un,semantic,lookup,legacy_best,36,30.916666666666668,29.52777777777778,1.3888888888888888,24,4,8,0.4166666666666667,2.361111111111111
baseline,un,semantic,lookup,legacy_best_accepted,17,31.823529411764707,30.0,1.8235294117647058,12,2,3,0.47058823529411764,3.1176470588235294
baseline,un,semantic,lookup,common_best_any,1,22.0,24.0,-2.0,0,0,1,-2.0,-2.0
baseline,un,semantic,lookup,common_best_usable,1,22.0,24.0,-2.0,0,0,1,-2.0,-2.0
baseline,un,semantic,lookup,common_native_rank1,1,22.0,24.0,-2.0,0,0,1,-2.0,-2.0
baseline,un,semantic,lookup,common_native_rank1_usable,1,22.0,24.0,-2.0,0,0,1,-2.0,-2.0
debiased,eurlex,lookup,fact_pattern,legacy_best,38,36.8421052631579,35.026315789473685,1.8157894736842106,27,4,7,1.0,2.6052631578947367
debiased,eurlex,lookup,fact_pattern,legacy_best_accepted,33,36.90909090909091,35.45454545454545,1.4545454545454546,22,5,6,0.7272727272727273,2.272727272727273
debiased,eurlex,lookup,fact_pattern,common_best_any,27,23.88888888888889,22.77777777777778,1.1111111111111112,20,3,4,0.5925925925925926,1.7037037037037037
debiased,eurlex,lookup,fact_pattern,common_best_usable,26,23.923076923076923,22.884615384615383,1.0384615384615385,19,3,4,0.5,1.6153846153846154
debiased,eurlex,lookup,fact_pattern,common_native_rank1,25,23.32,22.36,0.96,15,3,7,0.24,1.64
debiased,eurlex,lookup,fact_pattern,common_native_rank1_usable,25,23.32,22.36,0.96,15,3,7,0.24,1.64
debiased,un,lookup,practitioner,legacy_best,50,34.66,32.98,1.68,33,8,9,1.0,2.38
debiased,un,lookup,practitioner,legacy_best_accepted,29,35.03448275862069,33.758620689655174,1.2758620689655173,17,5,7,0.4482758620689655,2.103448275862069
debiased,un,lookup,practitioner,common_best_any,2,23.0,19.5,3.5,1,1,0,0.0,7.0
debiased,un,lookup,practitioner,common_best_usable,2,23.0,19.5,3.5,1,1,0,0.0,7.0
debiased,un,lookup,practitioner,common_native_rank1,0,,,,0,0,0,,
debiased,un,lookup,practitioner,common_native_rank1_usable,0,,,,0,0,0,,
debiased,un,semantic,practitioner,legacy_best,50,34.12,32.98,1.14,29,5,16,0.28,2.02
debiased,un,semantic,practitioner,legacy_best_accepted,26,34.53846153846154,33.57692307692308,0.9615384615384616,13,4,9,0.038461538461538464,1.9615384615384615
debiased,un,semantic,practitioner,common_best_any,2,22.0,19.5,2.5,1,0,1,-1.0,6.0
debiased,un,semantic,practitioner,common_best_usable,2,22.0,19.5,2.5,1,0,1,-1.0,6.0
debiased,un,semantic,practitioner,common_native_rank1,0,,,,0,0,0,,
debiased,un,semantic,practitioner,common_native_rank1_usable,0,,,,0,0,0,,
debiased,un,semantic,lookup,legacy_best,50,34.12,34.66,-0.54,15,9,26,-1.2,0.08
debiased,un,semantic,lookup,legacy_best_accepted,43,34.325581395348834,34.651162790697676,-0.32558139534883723,14,9,20,-1.0232558139534884,0.3488372093023256
debiased,un,semantic,lookup,common_best_any,2,22.0,23.0,-1.0,0,0,2,-1.0,-1.0
debiased,un,semantic,lookup,common_best_usable,2,22.0,23.0,-1.0,0,0,2,-1.0,-1.0
debiased,un,semantic,lookup,common_native_rank1,1,23.0,24.0,-1.0,0,0,1,-1.0,-1.0
debiased,un,semantic,lookup,common_native_rank1_usable,1,23.0,24.0,-1.0,0,0,1,-1.0,-1.0
simple,eurlex,lookup,fact_pattern,legacy_best,39,36.56410256410256,33.94871794871795,2.6153846153846154,31,3,5,1.8205128205128205,3.4358974358974357
simple,eurlex,lookup,fact_pattern,legacy_best_accepted,25,36.68,33.24,3.44,21,2,2,2.28,4.72
simple,eurlex,lookup,fact_pattern,common_best_any,25,23.28,22.84,0.44,14,4,7,-0.28,1.12
simple,eurlex,lookup,fact_pattern,common_best_usable,24,23.25,23.0,0.25,13,4,7,-0.4166666666666667,0.875
simple,eurlex,lookup,fact_pattern,common_native_rank1,23,22.608695652173914,21.782608695652176,0.8260869565217391,11,7,5,0.043478260869565216,1.7391304347826086
simple,eurlex,lookup,fact_pattern,common_native_rank1_usable,19,22.68421052631579,22.57894736842105,0.10526315789473684,7,7,5,-0.47368421052631576,0.631578947368421
simple,un,lookup,practitioner,legacy_best,48,34.541666666666664,34.0,0.5416666666666666,25,11,12,-0.125,1.2291666666666667
simple,un,lookup,practitioner,legacy_best_accepted,25,35.2,33.64,1.56,12,8,5,0.48,2.68
simple,un,lookup,practitioner,common_best_any,0,,,,0,0,0,,
simple,un,lookup,practitioner,common_best_usable,0,,,,0,0,0,,
simple,un,lookup,practitioner,common_native_rank1,0,,,,0,0,0,,
simple,un,lookup,practitioner,common_native_rank1_usable,0,,,,0,0,0,,
simple,un,semantic,practitioner,legacy_best,48,34.166666666666664,34.0,0.16666666666666666,20,9,19,-0.4375,0.75
simple,un,semantic,practitioner,legacy_best_accepted,26,33.73076923076923,33.61538461538461,0.11538461538461539,11,4,11,-1.1153846153846154,1.1923076923076923
simple,un,semantic,practitioner,common_best_any,0,,,,0,0,0,,
simple,un,semantic,practitioner,common_best_usable,0,,,,0,0,0,,
simple,un,semantic,practitioner,common_native_rank1,0,,,,0,0,0,,
simple,un,semantic,practitioner,common_native_rank1_usable,0,,,,0,0,0,,
simple,un,semantic,lookup,legacy_best,49,34.16326530612245,34.55102040816327,-0.3877551020408163,12,14,23,-1.0204081632653061,0.22448979591836735
simple,un,semantic,lookup,legacy_best_accepted,26,33.96153846153846,35.03846153846154,-1.0769230769230769,6,4,16,-2.230769230769231,0.038461538461538464
simple,un,semantic,lookup,common_best_any,0,,,,0,0,0,,
simple,un,semantic,lookup,common_best_usable,0,,,,0,0,0,,
simple,un,semantic,lookup,common_native_rank1,0,,,,0,0,0,,
simple,un,semantic,lookup,common_native_rank1_usable,0,,,,0,0,0,,
