left_version,right_version,corpus,mode,score,paired_targets,left_mean,right_mean,mean_left_minus_right,left_wins,ties,right_wins,bootstrap95_low,bootstrap95_high
debiased,baseline,eurlex,fact_pattern,legacy_best,37,35.13513513513514,32.945945945945944,2.189189189189189,29,3,5,1.4594594594594594,2.891891891891892
debiased,baseline,eurlex,fact_pattern,legacy_best_accepted,31,35.516129032258064,32.67741935483871,2.838709677419355,26,3,2,2.064516129032258,3.5806451612903225
debiased,baseline,eurlex,fact_pattern,common_best_any,25,22.92,22.68,0.24,8,12,5,-0.2,0.68
debiased,baseline,eurlex,fact_pattern,common_best_usable,25,22.92,22.68,0.24,8,12,5,-0.2,0.68
debiased,baseline,eurlex,fact_pattern,common_native_rank1,23,22.304347826086957,22.47826086956522,-0.17391304347826086,6,11,6,-0.8260869565217391,0.43478260869565216
debiased,baseline,eurlex,fact_pattern,common_native_rank1_usable,23,22.304347826086957,22.47826086956522,-0.17391304347826086,6,11,6,-0.8260869565217391,0.43478260869565216
debiased,baseline,eurlex,lookup,legacy_best,39,36.84615384615385,35.43589743589744,1.4102564102564104,27,7,5,0.7692307692307693,2.076923076923077
debiased,baseline,eurlex,lookup,legacy_best_accepted,36,36.94444444444444,35.69444444444444,1.25,24,7,5,0.6388888888888888,1.8888888888888888
debiased,baseline,eurlex,lookup,common_best_any,27,23.814814814814813,23.22222222222222,0.5925925925925926,9,16,2,0.1111111111111111,1.1851851851851851
debiased,baseline,eurlex,lookup,common_best_usable,27,23.814814814814813,23.22222222222222,0.5925925925925926,9,16,2,0.1111111111111111,1.1851851851851851
debiased,baseline,eurlex,lookup,common_native_rank1,20,23.35,23.15,0.2,9,4,7,-0.55,1.0
debiased,baseline,eurlex,lookup,common_native_rank1_usable,20,23.35,23.15,0.2,9,4,7,-0.55,1.0
debiased,baseline,un,lookup,legacy_best,39,34.64102564102564,29.358974358974358,5.282051282051282,39,0,0,4.615384615384615,5.948717948717949
debiased,baseline,un,lookup,legacy_best_accepted,21,35.04761904761905,30.19047619047619,4.857142857142857,21,0,0,3.9047619047619047,5.857142857142857
debiased,baseline,un,lookup,common_best_any,1,22.0,24.0,-2.0,0,0,1,-2.0,-2.0
debiased,baseline,un,lookup,common_best_usable,1,22.0,24.0,-2.0,0,0,1,-2.0,-2.0
debiased,baseline,un,lookup,common_native_rank1,0,,,,0,0,0,,
debiased,baseline,un,lookup,common_native_rank1_usable,0,,,,0,0,0,,
debiased,baseline,un,practitioner,legacy_best,35,33.82857142857143,29.085714285714285,4.742857142857143,31,2,2,3.7142857142857144,5.742857142857143
debiased,baseline,un,practitioner,legacy_best_accepted,11,34.72727272727273,31.545454545454547,3.1818181818181817,8,2,1,1.4545454545454546,4.909090909090909
debiased,baseline,un,practitioner,common_best_any,0,,,,0,0,0,,
debiased,baseline,un,practitioner,common_best_usable,0,,,,0,0,0,,
debiased,baseline,un,practitioner,common_native_rank1,0,,,,0,0,0,,
debiased,baseline,un,practitioner,common_native_rank1_usable,0,,,,0,0,0,,
debiased,baseline,un,semantic,legacy_best,44,34.13636363636363,30.772727272727273,3.3636363636363638,43,0,1,2.772727272727273,4.0
debiased,baseline,un,semantic,legacy_best_accepted,23,34.65217391304348,31.434782608695652,3.217391304347826,23,0,0,2.608695652173913,3.869565217391304
debiased,baseline,un,semantic,common_best_any,2,22.0,21.0,1.0,1,0,1,-1.0,3.0
debiased,baseline,un,semantic,common_best_usable,1,21.0,22.0,-1.0,0,0,1,-1.0,-1.0
debiased,baseline,un,semantic,common_native_rank1,2,22.0,21.0,1.0,1,0,1,-1.0,3.0
debiased,baseline,un,semantic,common_native_rank1_usable,1,21.0,22.0,-1.0,0,0,1,-1.0,-1.0
simple,baseline,eurlex,fact_pattern,legacy_best,37,34.027027027027025,32.945945945945944,1.0810810810810811,22,7,8,0.32432432432432434,1.864864864864865
simple,baseline,eurlex,fact_pattern,legacy_best_accepted,28,33.607142857142854,32.535714285714285,1.0714285714285714,16,7,5,0.03571428571428571,2.0357142857142856
simple,baseline,eurlex,fact_pattern,common_best_any,26,22.76923076923077,22.73076923076923,0.038461538461538464,9,9,8,-0.6153846153846154,0.7307692307692307
simple,baseline,eurlex,fact_pattern,common_best_usable,25,22.92,22.72,0.2,9,9,7,-0.4,0.84
simple,baseline,eurlex,fact_pattern,common_native_rank1,21,21.523809523809526,22.476190476190474,-0.9523809523809523,4,8,9,-1.8095238095238095,-0.09523809523809523
simple,baseline,eurlex,fact_pattern,common_native_rank1_usable,17,22.352941176470587,22.58823529411765,-0.23529411764705882,4,8,5,-0.9411764705882353,0.4117647058823529
simple,baseline,eurlex,lookup,legacy_best,39,36.56410256410256,35.43589743589744,1.1282051282051282,23,7,9,0.38461538461538464,1.8974358974358974
simple,baseline,eurlex,lookup,legacy_best_accepted,29,36.58620689655172,35.48275862068966,1.103448275862069,18,4,7,0.20689655172413793,2.0689655172413794
simple,baseline,eurlex,lookup,common_best_any,25,23.28,23.44,-0.16,5,11,9,-0.68,0.4
simple,baseline,eurlex,lookup,common_best_usable,25,23.28,23.44,-0.16,5,11,9,-0.68,0.4
simple,baseline,eurlex,lookup,common_native_rank1,23,22.565217391304348,23.08695652173913,-0.5217391304347826,5,7,11,-1.1304347826086956,0.043478260869565216
simple,baseline,eurlex,lookup,common_native_rank1_usable,22,22.727272727272727,23.045454545454547,-0.3181818181818182,5,7,10,-0.7727272727272727,0.13636363636363635
simple,baseline,un,lookup,legacy_best,38,34.68421052631579,29.473684210526315,5.2105263157894735,36,1,1,4.2894736842105265,6.105263157894737
simple,baseline,un,lookup,legacy_best_accepted,14,35.214285714285715,30.285714285714285,4.928571428571429,13,0,1,3.2142857142857144,6.428571428571429
simple,baseline,un,lookup,common_best_any,0,,,,0,0,0,,
simple,baseline,un,lookup,common_best_usable,0,,,,0,0,0,,
simple,baseline,un,lookup,common_native_rank1,0,,,,0,0,0,,
simple,baseline,un,lookup,common_native_rank1_usable,0,,,,0,0,0,,
simple,baseline,un,practitioner,legacy_best,34,34.26470588235294,29.11764705882353,5.147058823529412,33,0,1,4.176470588235294,6.0588235294117645
simple,baseline,un,practitioner,legacy_best_accepted,8,34.75,32.0,2.75,8,0,0,1.75,3.875
simple,baseline,un,practitioner,common_best_any,0,,,,0,0,0,,
simple,baseline,un,practitioner,common_best_usable,0,,,,0,0,0,,
simple,baseline,un,practitioner,common_native_rank1,0,,,,0,0,0,,
simple,baseline,un,practitioner,common_native_rank1_usable,0,,,,0,0,0,,
simple,baseline,un,semantic,legacy_best,44,34.22727272727273,30.772727272727273,3.4545454545454546,38,2,4,2.727272727272727,4.25
simple,baseline,un,semantic,legacy_best_accepted,20,33.55,31.35,2.2,12,3,5,0.9,3.5
simple,baseline,un,semantic,common_best_any,0,,,,0,0,0,,
simple,baseline,un,semantic,common_best_usable,0,,,,0,0,0,,
simple,baseline,un,semantic,common_native_rank1,0,,,,0,0,0,,
simple,baseline,un,semantic,common_native_rank1_usable,0,,,,0,0,0,,
simple,debiased,eurlex,fact_pattern,legacy_best,38,33.94736842105263,35.026315789473685,-1.0789473684210527,9,8,21,-1.9210526315789473,-0.21052631578947367
simple,debiased,eurlex,fact_pattern,legacy_best_accepted,29,33.55172413793103,35.275862068965516,-1.7241379310344827,6,7,16,-2.9310344827586206,-0.6551724137931034
simple,debiased,eurlex,fact_pattern,common_best_any,26,22.76923076923077,22.807692307692307,-0.038461538461538464,9,8,9,-0.6538461538461539,0.5769230769230769
simple,debiased,eurlex,fact_pattern,common_best_usable,25,22.92,22.8,0.12,9,8,8,-0.44,0.68
simple,debiased,eurlex,fact_pattern,common_native_rank1,23,21.695652173913043,22.434782608695652,-0.7391304347826086,6,4,13,-1.6956521739130435,0.17391304347826086
simple,debiased,eurlex,fact_pattern,common_native_rank1_usable,19,22.473684210526315,22.526315789473685,-0.05263157894736842,6,4,9,-0.8421052631578947,0.7368421052631579
simple,debiased,eurlex,lookup,legacy_best,39,36.56410256410256,36.84615384615385,-0.28205128205128205,13,7,19,-0.9743589743589743,0.41025641025641024
simple,debiased,eurlex,lookup,legacy_best_accepted,29,36.689655172413794,36.93103448275862,-0.2413793103448276,10,5,14,-1.0689655172413792,0.6206896551724138
simple,debiased,eurlex,lookup,common_best_any,26,23.346153846153847,24.03846153846154,-0.6923076923076923,2,11,13,-1.1923076923076923,-0.19230769230769232
simple,debiased,eurlex,lookup,common_best_usable,26,23.346153846153847,24.03846153846154,-0.6923076923076923,2,11,13,-1.1923076923076923,-0.19230769230769232
simple,debiased,eurlex,lookup,common_native_rank1,23,22.695652173913043,23.434782608695652,-0.7391304347826086,6,4,13,-1.6956521739130435,0.17391304347826086
simple,debiased,eurlex,lookup,common_native_rank1_usable,22,22.863636363636363,23.454545454545453,-0.5909090909090909,6,4,12,-1.5909090909090908,0.3181818181818182
simple,debiased,un,lookup,legacy_best,49,34.55102040816327,34.714285714285715,-0.16326530612244897,23,5,21,-0.8979591836734694,0.5714285714285714
simple,debiased,un,lookup,legacy_best_accepted,34,34.88235294117647,34.44117647058823,0.4411764705882353,18,5,11,-0.47058823529411764,1.2941176470588236
simple,debiased,un,lookup,common_best_any,1,23.0,23.0,0.0,0,1,0,0.0,0.0
simple,debiased,un,lookup,common_best_usable,1,23.0,23.0,0.0,0,1,0,0.0,0.0
simple,debiased,un,lookup,common_native_rank1,1,23.0,23.0,0.0,0,1,0,0.0,0.0
simple,debiased,un,lookup,common_native_rank1_usable,1,23.0,23.0,0.0,0,1,0,0.0,0.0
simple,debiased,un,practitioner,legacy_best,48,34.0,33.083333333333336,0.9166666666666666,26,6,16,0.22916666666666666,1.6041666666666667
simple,debiased,un,practitioner,legacy_best_accepted,23,34.08695652173913,33.78260869565217,0.30434782608695654,11,5,7,-0.5652173913043478,1.173913043478261
simple,debiased,un,practitioner,common_best_any,0,,,,0,0,0,,
simple,debiased,un,practitioner,common_best_usable,0,,,,0,0,0,,
simple,debiased,un,practitioner,common_native_rank1,0,,,,0,0,0,,
simple,debiased,un,practitioner,common_native_rank1_usable,0,,,,0,0,0,,
simple,debiased,un,semantic,legacy_best,50,34.16,34.12,0.04,22,8,20,-0.54,0.6
simple,debiased,un,semantic,legacy_best_accepted,35,33.65714285714286,34.51428571428571,-0.8571428571428571,12,5,18,-1.6571428571428573,-0.08571428571428572
simple,debiased,un,semantic,common_best_any,0,,,,0,0,0,,
simple,debiased,un,semantic,common_best_usable,0,,,,0,0,0,,
simple,debiased,un,semantic,common_native_rank1,0,,,,0,0,0,,
simple,debiased,un,semantic,common_native_rank1_usable,0,,,,0,0,0,,
