version,corpus,backend,mode,count,targets,percent
baseline,eurlex,generator,fact_pattern,37,50,74.0
baseline,eurlex,generator,lookup,2,50,4.0
baseline,eurlex,generator,skip,11,50,22.0
baseline,eurlex,generator,error,0,50,0.0
baseline,eurlex,jev,fact_pattern,0,50,0.0
baseline,eurlex,jev,lookup,40,50,80.0
baseline,eurlex,jev,skip,10,50,20.0
baseline,eurlex,jev,error,0,50,0.0
baseline,un,generator,lookup,21,50,42.0
baseline,un,generator,practitioner,5,50,10.0
baseline,un,generator,semantic,24,50,48.0
baseline,un,generator,skip,0,50,0.0
baseline,un,generator,error,0,50,0.0
baseline,un,jev,lookup,18,50,36.0
baseline,un,jev,practitioner,6,50,12.0
baseline,un,jev,semantic,17,50,34.0
baseline,un,jev,skip,9,50,18.0
baseline,un,jev,error,0,50,0.0
debiased,eurlex,generator,fact_pattern,38,50,76.0
debiased,eurlex,generator,lookup,1,50,2.0
debiased,eurlex,generator,skip,11,50,22.0
debiased,eurlex,generator,error,0,50,0.0
debiased,eurlex,jev,fact_pattern,18,50,36.0
debiased,eurlex,jev,lookup,22,50,44.0
debiased,eurlex,jev,skip,10,50,20.0
debiased,eurlex,jev,error,0,50,0.0
debiased,un,generator,lookup,22,50,44.0
debiased,un,generator,practitioner,25,50,50.0
debiased,un,generator,semantic,3,50,6.0
debiased,un,generator,skip,0,50,0.0
debiased,un,generator,error,0,50,0.0
debiased,un,jev,lookup,0,50,0.0
debiased,un,jev,practitioner,44,50,88.0
debiased,un,jev,semantic,6,50,12.0
debiased,un,jev,skip,0,50,0.0
debiased,un,jev,error,0,50,0.0
simple,eurlex,generator,fact_pattern,34,50,68.0
simple,eurlex,generator,lookup,4,50,8.0
simple,eurlex,generator,skip,12,50,24.0
simple,eurlex,generator,error,0,50,0.0
simple,eurlex,jev,fact_pattern,25,50,50.0
simple,eurlex,jev,lookup,20,50,40.0
simple,eurlex,jev,skip,5,50,10.0
simple,eurlex,jev,error,0,50,0.0
simple,un,generator,lookup,19,50,38.0
simple,un,generator,practitioner,27,50,54.0
simple,un,generator,semantic,4,50,8.0
simple,un,generator,skip,0,50,0.0
simple,un,generator,error,0,50,0.0
simple,un,jev,lookup,15,50,30.0
simple,un,jev,practitioner,0,50,0.0
simple,un,jev,semantic,35,50,70.0
simple,un,jev,skip,0,50,0.0
simple,un,jev,error,0,50,0.0
