version,corpus,target_id,backend,selected_mode,native_rank1_status,common_native_rank1_regret,common_native_rank1_missed_usable,legacy_best,legacy_best_accepted,common_best_any,common_best_usable,common_native_rank1,common_native_rank1_usable
baseline,eurlex,http://data.europa.eu/eli/dir/2010/42/art_2/oj,generator,skip,skip,,,,,,,,
baseline,eurlex,http://data.europa.eu/eli/reg/2014/910/art_41/oj,generator,fact_pattern,rank1,0.0,False,34.0,34.0,24.0,24.0,24.0,24.0
baseline,eurlex,http://data.europa.eu/eli/reg/2011/1043/art_1/oj,generator,fact_pattern,rank1,0.0,False,36.0,36.0,22.0,22.0,22.0,22.0
baseline,eurlex,http://data.europa.eu/eli/dir/2011/81/art_2/oj,generator,skip,skip,,,,,,,,
baseline,eurlex,http://data.europa.eu/eli/dir/2006/28/art_3/oj,generator,skip,skip,,,,,,,,
baseline,eurlex,http://data.europa.eu/eli/reg/2011/1077/art_14/oj,generator,fact_pattern,rank1,0.0,False,32.0,32.0,21.0,21.0,21.0,21.0
baseline,eurlex,http://data.europa.eu/eli/reg/2011/1173/art_13/oj,generator,skip,skip,,,,,,,,
baseline,eurlex,http://data.europa.eu/eli/reg/2005/1651/art_4/oj,generator,fact_pattern,rank1,0.0,False,33.0,33.0,23.0,23.0,23.0,23.0
baseline,eurlex,http://data.europa.eu/eli/reg/2010/1031/art_48/oj,generator,fact_pattern,rank1,,,31.0,31.0,,,,
baseline,eurlex,http://data.europa.eu/eli/dir/2006/60/art_2/oj,generator,skip,skip,,,,,,,,
baseline,eurlex,http://data.europa.eu/eli/reg/2014/312/art_16/oj,generator,fact_pattern,rank1,,,35.0,,,,,
baseline,eurlex,http://data.europa.eu/eli/reg/2014/165/art_23/oj,generator,fact_pattern,rank1,0.0,False,36.0,36.0,23.0,23.0,23.0,23.0
baseline,eurlex,http://data.europa.eu/eli/reg/2011/492/art_17/oj,generator,lookup,rank1,,,36.0,36.0,18.0,18.0,,
baseline,eurlex,http://data.europa.eu/eli/dir/2005/86/art_2/oj,generator,skip,skip,,,,,,,,
baseline,eurlex,http://data.europa.eu/eli/reg/2012/966/art_56/oj,generator,fact_pattern,no_candidates,,,,,,,,
baseline,eurlex,http://data.europa.eu/eli/dir/2007/68/art_2/oj,generator,skip,skip,,,,,,,,
baseline,eurlex,http://data.europa.eu/eli/dir_impl/2011/54/art_3/oj,generator,skip,skip,,,,,,,,
baseline,eurlex,http://data.europa.eu/eli/dir/2004/66/art_2/oj,generator,skip,skip,,,,,,,,
baseline,eurlex,http://data.europa.eu/eli/reg/2008/1165/art_16/oj,generator,fact_pattern,rank1,1.0,False,32.0,32.0,24.0,24.0,23.0,23.0
baseline,eurlex,http://data.europa.eu/eli/reg_impl/2011/1008/art_1/oj,generator,fact_pattern,rank1,,,32.0,32.0,,,,
baseline,eurlex,http://data.europa.eu/eli/dir/2015/566/art_9/oj,generator,skip,skip,,,,,,,,
baseline,eurlex,http://data.europa.eu/eli/reg/2009/193/art_1/oj,generator,fact_pattern,rank1,0.0,False,33.0,33.0,24.0,24.0,24.0,24.0
baseline,eurlex,http://data.europa.eu/eli/reg_impl/2011/452/art_1/oj,generator,fact_pattern,rank1,,,33.0,33.0,,,,
baseline,eurlex,http://data.europa.eu/eli/reg/2014/912/art_8/oj,generator,fact_pattern,rank1,0.0,False,36.0,36.0,23.0,23.0,23.0,23.0
baseline,eurlex,http://data.europa.eu/eli/dir/2014/50/art_5/oj,generator,fact_pattern,rank1,0.0,False,33.0,33.0,24.0,24.0,24.0,24.0
baseline,eurlex,http://data.europa.eu/eli/dir/2014/59/art_77/oj,generator,fact_pattern,rank1,0.0,False,32.0,32.0,21.0,21.0,21.0,21.0
baseline,eurlex,http://data.europa.eu/eli/reg_impl/2011/1333/art_11/oj,generator,fact_pattern,rank1,,,29.0,29.0,,,,
baseline,eurlex,http://data.europa.eu/eli/reg_impl/2012/282/art_1/oj,generator,fact_pattern,rank1,,,32.0,,,,,
baseline,eurlex,http://data.europa.eu/eli/reg_impl/2012/1081/art_10/oj,generator,fact_pattern,rank1,,,35.0,35.0,,,,
baseline,eurlex,http://data.europa.eu/eli/reg/2006/1906/art_50/oj,generator,fact_pattern,rank1,1.0,False,34.0,34.0,23.0,23.0,22.0,22.0
baseline,eurlex,http://data.europa.eu/eli/reg/2007/520/art_24/oj,generator,fact_pattern,rank1,0.0,False,32.0,29.0,21.0,21.0,21.0,21.0
baseline,eurlex,http://data.europa.eu/eli/dir/2005/9/art_2/oj,generator,skip,skip,,,,,,,,
baseline,eurlex,http://data.europa.eu/eli/reg/2014/788/art_20/oj,generator,lookup,rank1,,,35.0,35.0,,,,
baseline,eurlex,http://data.europa.eu/eli/reg/2011/333/art_2/oj,generator,fact_pattern,rank1,0.0,False,31.0,31.0,22.0,22.0,22.0,22.0
baseline,eurlex,http://data.europa.eu/eli/dir/2014/65/art_36/oj,generator,fact_pattern,rank1,0.0,False,34.0,34.0,24.0,24.0,24.0,24.0
baseline,eurlex,http://data.europa.eu/eli/reg_del/2013/811/art_1/oj,generator,fact_pattern,rank1,,,32.0,32.0,,,,
baseline,eurlex,http://data.europa.eu/eli/reg/2009/1072/art_1/oj,generator,fact_pattern,rank1,0.0,False,32.0,32.0,24.0,24.0,24.0,24.0
baseline,eurlex,http://data.europa.eu/eli/reg/2005/1572/art_4/oj,generator,fact_pattern,rank1,0.0,False,36.0,36.0,24.0,24.0,24.0,24.0
baseline,eurlex,http://data.europa.eu/eli/reg/2013/1290/art_57/oj,generator,fact_pattern,rank1,,,35.0,35.0,,,,
baseline,eurlex,http://data.europa.eu/eli/reg/2013/1381/art_5/oj,generator,fact_pattern,rank1,0.0,False,31.0,31.0,23.0,23.0,23.0,23.0
baseline,eurlex,http://data.europa.eu/eli/reg/2007/1386/art_55/oj,generator,fact_pattern,rank1,0.0,False,30.0,30.0,23.0,23.0,23.0,23.0
baseline,eurlex,http://data.europa.eu/eli/reg/2009/436/art_36/oj,generator,fact_pattern,rank1,0.0,False,34.0,34.0,24.0,24.0,24.0,24.0
baseline,eurlex,http://data.europa.eu/eli/dir/2006/112/art_111/oj,generator,fact_pattern,rank1,0.0,False,29.0,29.0,20.0,20.0,20.0,20.0
baseline,eurlex,http://data.europa.eu/eli/reg_del/2013/231/art_43/oj,generator,fact_pattern,rank1,,,33.0,33.0,22.0,22.0,,
baseline,eurlex,http://data.europa.eu/eli/reg/2006/1083/art_47/oj,generator,fact_pattern,rank1,0.0,False,35.0,35.0,23.0,23.0,23.0,23.0
baseline,eurlex,http://data.europa.eu/eli/reg_impl/2014/181/art_5/oj,generator,fact_pattern,rank1,,,32.0,,22.0,22.0,,
baseline,eurlex,http://data.europa.eu/eli/reg/2009/1130/art_22/oj,generator,fact_pattern,rank1,0.0,False,34.0,32.0,22.0,22.0,22.0,22.0
baseline,eurlex,http://data.europa.eu/eli/dir/2014/26/art_2/oj,generator,fact_pattern,rank1,3.0,False,31.0,28.0,23.0,23.0,20.0,20.0
baseline,eurlex,http://data.europa.eu/eli/reg/2012/493/art_3/oj,generator,fact_pattern,rank1,,,33.0,33.0,,,,
baseline,eurlex,http://data.europa.eu/eli/reg/2014/1141/art_16/oj,generator,fact_pattern,rank1,1.0,False,33.0,33.0,22.0,22.0,21.0,21.0
baseline,eurlex,http://data.europa.eu/eli/dir/2010/42/art_2/oj,jev,skip,skip,,,,,,,,
baseline,eurlex,http://data.europa.eu/eli/reg/2014/910/art_41/oj,jev,lookup,rank1,,,36.0,36.0,23.0,23.0,,
baseline,eurlex,http://data.europa.eu/eli/reg/2011/1043/art_1/oj,jev,lookup,rank1,2.0,False,37.0,37.0,24.0,24.0,22.0,22.0
baseline,eurlex,http://data.europa.eu/eli/dir/2011/81/art_2/oj,jev,skip,skip,,,,,,,,
baseline,eurlex,http://data.europa.eu/eli/dir/2006/28/art_3/oj,jev,skip,skip,,,,,,,,
baseline,eurlex,http://data.europa.eu/eli/reg/2011/1077/art_14/oj,jev,lookup,rank1,,,38.0,38.0,23.0,23.0,,
baseline,eurlex,http://data.europa.eu/eli/reg/2011/1173/art_13/oj,jev,lookup,no_candidates,,,,,,,,
baseline,eurlex,http://data.europa.eu/eli/reg/2005/1651/art_4/oj,jev,lookup,rank1,0.0,False,36.0,36.0,25.0,25.0,25.0,25.0
baseline,eurlex,http://data.europa.eu/eli/reg/2010/1031/art_48/oj,jev,lookup,rank1,,,35.0,35.0,21.0,21.0,,
baseline,eurlex,http://data.europa.eu/eli/dir/2006/60/art_2/oj,jev,skip,skip,,,,,,,,
baseline,eurlex,http://data.europa.eu/eli/reg/2014/312/art_16/oj,jev,lookup,rank1,,,34.0,,,,,
baseline,eurlex,http://data.europa.eu/eli/reg/2014/165/art_23/oj,jev,lookup,rank1,0.0,False,37.0,37.0,23.0,23.0,23.0,23.0
baseline,eurlex,http://data.europa.eu/eli/reg/2011/492/art_17/oj,jev,lookup,rank1,,,36.0,36.0,18.0,18.0,,
baseline,eurlex,http://data.europa.eu/eli/dir/2005/86/art_2/oj,jev,skip,skip,,,,,,,,
baseline,eurlex,http://data.europa.eu/eli/reg/2012/966/art_56/oj,jev,lookup,rank1,0.0,False,37.0,37.0,23.0,23.0,23.0,23.0
baseline,eurlex,http://data.europa.eu/eli/dir/2007/68/art_2/oj,jev,skip,skip,,,,,,,,
baseline,eurlex,http://data.europa.eu/eli/dir_impl/2011/54/art_3/oj,jev,skip,skip,,,,,,,,
baseline,eurlex,http://data.europa.eu/eli/dir/2004/66/art_2/oj,jev,skip,skip,,,,,,,,
baseline,eurlex,http://data.europa.eu/eli/reg/2008/1165/art_16/oj,jev,lookup,rank1,0.0,False,36.0,36.0,24.0,24.0,24.0,24.0
baseline,eurlex,http://data.europa.eu/eli/reg_impl/2011/1008/art_1/oj,jev,lookup,rank1,,,33.0,33.0,,,,
baseline,eurlex,http://data.europa.eu/eli/dir/2015/566/art_9/oj,jev,skip,skip,,,,,,,,
baseline,eurlex,http://data.europa.eu/eli/reg/2009/193/art_1/oj,jev,lookup,rank1,0.0,False,36.0,36.0,25.0,25.0,25.0,25.0
baseline,eurlex,http://data.europa.eu/eli/reg_impl/2011/452/art_1/oj,jev,lookup,rank1,,,39.0,39.0,,,,
baseline,eurlex,http://data.europa.eu/eli/reg/2014/912/art_8/oj,jev,lookup,rank1,,,37.0,37.0,,,,
baseline,eurlex,http://data.europa.eu/eli/dir/2014/50/art_5/oj,jev,lookup,rank1,0.0,False,35.0,35.0,24.0,24.0,24.0,24.0
baseline,eurlex,http://data.europa.eu/eli/dir/2014/59/art_77/oj,jev,lookup,rank1,0.0,False,34.0,34.0,24.0,24.0,24.0,24.0
baseline,eurlex,http://data.europa.eu/eli/reg_impl/2011/1333/art_11/oj,jev,lookup,rank1,,,37.0,37.0,20.0,20.0,,
baseline,eurlex,http://data.europa.eu/eli/reg_impl/2012/282/art_1/oj,jev,lookup,rank1,,,34.0,34.0,,,,
baseline,eurlex,http://data.europa.eu/eli/reg_impl/2012/1081/art_10/oj,jev,lookup,rank1,,,36.0,36.0,,,,
baseline,eurlex,http://data.europa.eu/eli/reg/2006/1906/art_50/oj,jev,lookup,rank1,1.0,False,35.0,35.0,24.0,24.0,23.0,23.0
baseline,eurlex,http://data.europa.eu/eli/reg/2007/520/art_24/oj,jev,lookup,rank1,0.0,False,32.0,30.0,23.0,23.0,23.0,23.0
baseline,eurlex,http://data.europa.eu/eli/dir/2005/9/art_2/oj,jev,skip,skip,,,,,,,,
baseline,eurlex,http://data.europa.eu/eli/reg/2014/788/art_20/oj,jev,lookup,rank1,,,35.0,35.0,,,,
baseline,eurlex,http://data.europa.eu/eli/reg/2011/333/art_2/oj,jev,lookup,rank1,0.0,False,34.0,34.0,23.0,23.0,23.0,23.0
baseline,eurlex,http://data.europa.eu/eli/dir/2014/65/art_36/oj,jev,lookup,rank1,0.0,False,38.0,38.0,24.0,24.0,24.0,24.0
baseline,eurlex,http://data.europa.eu/eli/reg_del/2013/811/art_1/oj,jev,lookup,rank1,0.0,False,35.0,35.0,22.0,22.0,22.0,22.0
baseline,eurlex,http://data.europa.eu/eli/reg/2009/1072/art_1/oj,jev,lookup,rank1,0.0,False,32.0,32.0,21.0,21.0,21.0,21.0
baseline,eurlex,http://data.europa.eu/eli/reg/2005/1572/art_4/oj,jev,lookup,rank1,0.0,False,37.0,37.0,23.0,23.0,23.0,23.0
baseline,eurlex,http://data.europa.eu/eli/reg/2013/1290/art_57/oj,jev,lookup,rank1,,,35.0,35.0,,,,
baseline,eurlex,http://data.europa.eu/eli/reg/2013/1381/art_5/oj,jev,lookup,rank1,0.0,False,34.0,34.0,24.0,24.0,24.0,24.0
baseline,eurlex,http://data.europa.eu/eli/reg/2007/1386/art_55/oj,jev,lookup,rank1,0.0,False,31.0,,23.0,23.0,23.0,23.0
baseline,eurlex,http://data.europa.eu/eli/reg/2009/436/art_36/oj,jev,lookup,rank1,1.0,False,33.0,33.0,24.0,24.0,23.0,23.0
baseline,eurlex,http://data.europa.eu/eli/dir/2006/112/art_111/oj,jev,lookup,rank1,1.0,False,36.0,36.0,23.0,23.0,22.0,22.0
baseline,eurlex,http://data.europa.eu/eli/reg_del/2013/231/art_43/oj,jev,lookup,rank1,1.0,False,34.0,34.0,24.0,24.0,23.0,23.0
baseline,eurlex,http://data.europa.eu/eli/reg/2006/1083/art_47/oj,jev,lookup,rank1,2.0,False,35.0,35.0,25.0,25.0,23.0,23.0
baseline,eurlex,http://data.europa.eu/eli/reg_impl/2014/181/art_5/oj,jev,lookup,rank1,,,37.0,37.0,,,,
baseline,eurlex,http://data.europa.eu/eli/reg/2009/1130/art_22/oj,jev,lookup,rank1,2.0,False,36.0,36.0,23.0,23.0,21.0,21.0
baseline,eurlex,http://data.europa.eu/eli/dir/2014/26/art_2/oj,jev,lookup,rank1,0.0,False,36.0,36.0,24.0,24.0,24.0,24.0
baseline,eurlex,http://data.europa.eu/eli/reg/2012/493/art_3/oj,jev,lookup,rank1,,,37.0,37.0,,,,
baseline,eurlex,http://data.europa.eu/eli/reg/2014/1141/art_16/oj,jev,lookup,rank1,0.0,False,37.0,37.0,23.0,23.0,23.0,23.0
baseline,un,2011/a/res/65/212#13,generator,semantic,rank1,,,29.0,,,,,
baseline,un,2006/a/res/61/183#3,generator,semantic,no_candidates,,,,,,,,
baseline,un,2013/a/res/67/199#12,generator,semantic,rank1,,,27.0,,,,,
baseline,un,2011/a/res/65/263#2,generator,lookup,no_candidates,,,,,,,,
baseline,un,2013/a/res/68/143#7,generator,semantic,rank1,,,31.0,31.0,,,,
baseline,un,2014/a/res/68/254#2,generator,lookup,rank1,,,31.0,31.0,,,,
baseline,un,2001/a/res/55/114#5,generator,semantic,rank1,,,30.0,30.0,,,,
baseline,un,2007/a/res/62/137#12,generator,semantic,rank1,,,30.0,,,,,
baseline,un,2005/a/res/60/226#3,generator,lookup,rank1,,,31.0,31.0,,,,
baseline,un,2013/a/res/68/18#1,generator,lookup,rank1,,,32.0,32.0,,,,
baseline,un,2001/s/res/1376_2001_#2,generator,semantic,rank1,,,32.0,32.0,,,,
baseline,un,2008/s/res/1806_2008_#8,generator,practitioner,rank1,,,28.0,,,,,
baseline,un,2003/s/res/1466_2003_#3,generator,practitioner,rank1,,,30.0,30.0,,,,
baseline,un,2008/s/res/1845_2008_#3,generator,semantic,rank1,,,32.0,,,,,
baseline,un,2004/s/res/1565_2004_#11,generator,practitioner,rank1,,,29.0,29.0,,,,
baseline,un,2002/a/res/56/188#8,generator,semantic,rank1,,,29.0,,,,,
baseline,un,2005/a/res/60/47#0,generator,semantic,no_candidates,,,,,,,,
baseline,un,2011/s/res/1988_2011_#19,generator,lookup,rank1,,,32.0,29.0,,,,
baseline,un,2004/a/res/59/61#0,generator,semantic,no_candidates,,,,,,,,
baseline,un,2013/a/res/67/145#7,generator,semantic,rank1,,,30.0,,,,,
baseline,un,2003/a/res/58/298#4,generator,practitioner,rank1,,,32.0,32.0,,,,
baseline,un,2003/a/res/57/300#10,generator,lookup,rank1,0.0,False,33.0,,24.0,24.0,24.0,24.0
baseline,un,2013/a/res/67/222#6,generator,semantic,rank1,,,31.0,31.0,,,,
baseline,un,2003/a/res/57/137#1,generator,lookup,rank1,,,27.0,,,,,
baseline,un,2014/s/res/2140__2014_#13,generator,lookup,rank1,,,33.0,31.0,,,,
baseline,un,2004/a/c_2/58/sr_24#18,generator,semantic,rank1,,,32.0,32.0,,,,
baseline,un,2008/cd/pv_1097#14,generator,lookup,rank1,,,25.0,,,,,
baseline,un,2006/a/c_5/60/sr_64#14,generator,lookup,rank1,,,30.0,30.0,,,,
baseline,un,2001/cedaw/c/sr_451#4,generator,semantic,rank1,,,24.0,,,,,
baseline,un,2008/a/ac_109/2008/sr_2#1,generator,lookup,rank1,,,33.0,33.0,,,,
baseline,un,2010/ccpr/c/sr_2695#25,generator,lookup,rank1,,,24.0,,,,,
baseline,un,2007/gc_12/c_1/sr_1#10,generator,lookup,no_candidates,,,,,,,,
baseline,un,2006/cedaw/c/sr_724#18,generator,lookup,rank1,,,28.0,28.0,,,,
baseline,un,2005/cd/pv_983#13,generator,lookup,rank1,,,25.0,,,,,
baseline,un,1998/gc_7/c_1/sr_5#16,generator,lookup,rank1,,,29.0,,,,,
baseline,un,2006/ccw/conf_iii/sr_2#8,generator,lookup,rank1,,,26.0,,,,,
baseline,un,2001/cd/pv_880#1,generator,lookup,rank1,,,26.0,,,,,
baseline,un,2010/a/cn_9/sr_917#10,generator,lookup,rank1,,,29.0,,,,,
baseline,un,2003/a/58/pv_1#15,generator,semantic,rank1,,,28.0,,,,,
baseline,un,2007/cedaw/c/sr_770_b_#18,generator,semantic,rank1,,,33.0,33.0,,,,
baseline,un,2002/a/c_4/57/sr_18#15,generator,lookup,rank1,,,30.0,30.0,,,,
baseline,un,2007/cedaw/c/sr_778#5,generator,semantic,rank1,,,32.0,32.0,,,,
baseline,un,2000/cd/pv_841#11,generator,semantic,rank1,0.0,False,32.0,32.0,20.0,,20.0,
baseline,un,1999/cedaw/c/sr_434#16,generator,lookup,rank1,,,29.0,,,,,
baseline,un,2009/a/ac_109/2009/sr_7#4,generator,semantic,rank1,,,30.0,29.0,,,,
baseline,un,2008/s/2008/774#11,generator,semantic,rank1,,,33.0,33.0,,,,
baseline,un,2012/s/2012/718#7,generator,semantic,rank1,,,31.0,31.0,,,,
baseline,un,1998/s/1998/458#1,generator,semantic,rank1,,,33.0,33.0,,,,
baseline,un,2004/s/2004/505#15,generator,practitioner,rank1,,,31.0,31.0,,,,
baseline,un,2004/s/2004/674#6,generator,semantic,rank1,,,31.0,,,,,
baseline,un,2011/a/res/65/212#13,jev,semantic,rank1,,,29.0,,,,,
baseline,un,2006/a/res/61/183#3,jev,practitioner,no_candidates,,,,,,,,
baseline,un,2013/a/res/67/199#12,jev,semantic,rank1,,,27.0,,,,,
baseline,un,2011/a/res/65/263#2,jev,skip,skip,,,,,,,,
baseline,un,2013/a/res/68/143#7,jev,semantic,rank1,,,31.0,31.0,,,,
baseline,un,2014/a/res/68/254#2,jev,lookup,rank1,,,31.0,31.0,,,,
baseline,un,2001/a/res/55/114#5,jev,lookup,rank1,,,30.0,30.0,,,,
baseline,un,2007/a/res/62/137#12,jev,lookup,rank1,,,25.0,,,,,
baseline,un,2005/a/res/60/226#3,jev,lookup,rank1,,,31.0,31.0,,,,
baseline,un,2013/a/res/68/18#1,jev,lookup,rank1,,,32.0,32.0,,,,
baseline,un,2001/s/res/1376_2001_#2,jev,skip,skip,,,,,,,,
baseline,un,2008/s/res/1806_2008_#8,jev,lookup,rank1,,,32.0,32.0,,,,
baseline,un,2003/s/res/1466_2003_#3,jev,practitioner,rank1,,,30.0,30.0,,,,
baseline,un,2008/s/res/1845_2008_#3,jev,lookup,no_candidates,,,,,,,,
baseline,un,2004/s/res/1565_2004_#11,jev,practitioner,rank1,,,29.0,29.0,,,,
baseline,un,2002/a/res/56/188#8,jev,semantic,rank1,,,29.0,,,,,
baseline,un,2005/a/res/60/47#0,jev,skip,skip,,,,,,,,
baseline,un,2011/s/res/1988_2011_#19,jev,lookup,rank1,,,32.0,29.0,,,,
baseline,un,2004/a/res/59/61#0,jev,skip,skip,,,,,,,,
baseline,un,2013/a/res/67/145#7,jev,semantic,rank1,,,30.0,,,,,
baseline,un,2003/a/res/58/298#4,jev,practitioner,rank1,,,32.0,32.0,,,,
baseline,un,2003/a/res/57/300#10,jev,lookup,rank1,0.0,False,33.0,,24.0,24.0,24.0,24.0
baseline,un,2013/a/res/67/222#6,jev,semantic,rank1,,,31.0,31.0,,,,
baseline,un,2003/a/res/57/137#1,jev,lookup,rank1,,,27.0,,,,,
baseline,un,2014/s/res/2140__2014_#13,jev,lookup,rank1,,,33.0,31.0,,,,
baseline,un,2004/a/c_2/58/sr_24#18,jev,semantic,rank1,,,32.0,32.0,,,,
baseline,un,2008/cd/pv_1097#14,jev,skip,skip,,,,,,,,
baseline,un,2006/a/c_5/60/sr_64#14,jev,semantic,rank1,,,32.0,32.0,,,,
baseline,un,2001/cedaw/c/sr_451#4,jev,lookup,rank1,,,31.0,,,,,
baseline,un,2008/a/ac_109/2008/sr_2#1,jev,lookup,rank1,,,33.0,33.0,,,,
baseline,un,2010/ccpr/c/sr_2695#25,jev,lookup,rank1,,,24.0,,,,,
baseline,un,2007/gc_12/c_1/sr_1#10,jev,lookup,no_candidates,,,,,,,,
baseline,un,2006/cedaw/c/sr_724#18,jev,lookup,rank1,,,28.0,28.0,,,,
baseline,un,2005/cd/pv_983#13,jev,skip,skip,,,,,,,,
baseline,un,1998/gc_7/c_1/sr_5#16,jev,practitioner,rank1,,,32.0,32.0,,,,
baseline,un,2006/ccw/conf_iii/sr_2#8,jev,semantic,rank1,,,29.0,29.0,,,,
baseline,un,2001/cd/pv_880#1,jev,skip,skip,,,,,,,,
baseline,un,2010/a/cn_9/sr_917#10,jev,semantic,rank1,,,32.0,32.0,,,,
baseline,un,2003/a/58/pv_1#15,jev,skip,skip,,,,,,,,
baseline,un,2007/cedaw/c/sr_770_b_#18,jev,semantic,rank1,,,33.0,33.0,,,,
baseline,un,2002/a/c_4/57/sr_18#15,jev,semantic,rank1,,,33.0,33.0,,,,
baseline,un,2007/cedaw/c/sr_778#5,jev,semantic,rank1,,,32.0,32.0,,,,
baseline,un,2000/cd/pv_841#11,jev,semantic,rank1,0.0,False,32.0,32.0,20.0,,20.0,
baseline,un,1999/cedaw/c/sr_434#16,jev,semantic,rank1,,,30.0,,,,,
baseline,un,2009/a/ac_109/2009/sr_7#4,jev,semantic,rank1,,,30.0,29.0,,,,
baseline,un,2008/s/2008/774#11,jev,semantic,rank1,,,33.0,33.0,,,,
baseline,un,2012/s/2012/718#7,jev,lookup,rank1,,,30.0,30.0,,,,
baseline,un,1998/s/1998/458#1,jev,practitioner,rank1,,,26.0,,,,,
baseline,un,2004/s/2004/505#15,jev,lookup,rank1,,,31.0,31.0,,,,
baseline,un,2004/s/2004/674#6,jev,skip,skip,,,,,,,,
debiased,eurlex,http://data.europa.eu/eli/dir/2010/42/art_2/oj,generator,skip,skip,,,,,,,,
debiased,eurlex,http://data.europa.eu/eli/reg/2014/910/art_41/oj,generator,fact_pattern,rank1,,,37.0,36.0,,,,
debiased,eurlex,http://data.europa.eu/eli/reg/2011/1043/art_1/oj,generator,fact_pattern,rank1,0.0,False,33.0,33.0,25.0,25.0,25.0,25.0
debiased,eurlex,http://data.europa.eu/eli/dir/2011/81/art_2/oj,generator,skip,skip,,,,,,,,
debiased,eurlex,http://data.europa.eu/eli/dir/2006/28/art_3/oj,generator,skip,skip,,,,,,,,
debiased,eurlex,http://data.europa.eu/eli/reg/2011/1077/art_14/oj,generator,fact_pattern,rank1,0.0,False,34.0,,21.0,21.0,21.0,21.0
debiased,eurlex,http://data.europa.eu/eli/reg/2011/1173/art_13/oj,generator,skip,skip,,,,,,,,
debiased,eurlex,http://data.europa.eu/eli/reg/2005/1651/art_4/oj,generator,fact_pattern,rank1,0.0,False,37.0,37.0,24.0,24.0,24.0,24.0
debiased,eurlex,http://data.europa.eu/eli/reg/2010/1031/art_48/oj,generator,fact_pattern,rank1,0.0,False,36.0,36.0,24.0,24.0,24.0,24.0
debiased,eurlex,http://data.europa.eu/eli/dir/2006/60/art_2/oj,generator,skip,skip,,,,,,,,
debiased,eurlex,http://data.europa.eu/eli/reg/2014/312/art_16/oj,generator,fact_pattern,rank1,,,36.0,36.0,,,,
debiased,eurlex,http://data.europa.eu/eli/reg/2014/165/art_23/oj,generator,fact_pattern,rank1,1.0,False,36.0,36.0,22.0,22.0,21.0,21.0
debiased,eurlex,http://data.europa.eu/eli/reg/2011/492/art_17/oj,generator,lookup,rank1,0.0,False,35.0,35.0,23.0,23.0,23.0,23.0
debiased,eurlex,http://data.europa.eu/eli/dir/2005/86/art_2/oj,generator,skip,skip,,,,,,,,
debiased,eurlex,http://data.europa.eu/eli/reg/2012/966/art_56/oj,generator,fact_pattern,no_candidates,,,,,,,,
debiased,eurlex,http://data.europa.eu/eli/dir/2007/68/art_2/oj,generator,skip,skip,,,,,,,,
debiased,eurlex,http://data.europa.eu/eli/dir_impl/2011/54/art_3/oj,generator,skip,skip,,,,,,,,
debiased,eurlex,http://data.europa.eu/eli/dir/2004/66/art_2/oj,generator,skip,skip,,,,,,,,
debiased,eurlex,http://data.europa.eu/eli/reg/2008/1165/art_16/oj,generator,fact_pattern,rank1,0.0,False,35.0,35.0,23.0,23.0,23.0,23.0
debiased,eurlex,http://data.europa.eu/eli/reg_impl/2011/1008/art_1/oj,generator,fact_pattern,rank1,,,36.0,36.0,,,,
debiased,eurlex,http://data.europa.eu/eli/dir/2015/566/art_9/oj,generator,skip,skip,,,,,,,,
debiased,eurlex,http://data.europa.eu/eli/reg/2009/193/art_1/oj,generator,fact_pattern,rank1,0.0,False,39.0,39.0,24.0,24.0,24.0,24.0
debiased,eurlex,http://data.europa.eu/eli/reg_impl/2011/452/art_1/oj,generator,fact_pattern,rank1,,,37.0,37.0,,,,
debiased,eurlex,http://data.europa.eu/eli/reg/2014/912/art_8/oj,generator,fact_pattern,rank1,0.0,False,34.0,34.0,23.0,23.0,23.0,23.0
debiased,eurlex,http://data.europa.eu/eli/dir/2014/50/art_5/oj,generator,fact_pattern,rank1,0.0,False,30.0,,22.0,22.0,22.0,22.0
debiased,eurlex,http://data.europa.eu/eli/dir/2014/59/art_77/oj,generator,fact_pattern,rank1,0.0,False,37.0,37.0,23.0,23.0,23.0,23.0
debiased,eurlex,http://data.europa.eu/eli/reg_impl/2011/1333/art_11/oj,generator,fact_pattern,rank1,,,35.0,35.0,20.0,20.0,,
debiased,eurlex,http://data.europa.eu/eli/reg_impl/2012/282/art_1/oj,generator,fact_pattern,rank1,,,30.0,,,,,
debiased,eurlex,http://data.europa.eu/eli/reg_impl/2012/1081/art_10/oj,generator,fact_pattern,rank1,,,35.0,35.0,,,,
debiased,eurlex,http://data.europa.eu/eli/reg/2006/1906/art_50/oj,generator,fact_pattern,rank1,0.0,False,37.0,37.0,23.0,23.0,23.0,23.0
debiased,eurlex,http://data.europa.eu/eli/reg/2007/520/art_24/oj,generator,fact_pattern,rank1,0.0,False,33.0,33.0,22.0,22.0,22.0,22.0
debiased,eurlex,http://data.europa.eu/eli/dir/2005/9/art_2/oj,generator,skip,skip,,,,,,,,
debiased,eurlex,http://data.europa.eu/eli/reg/2014/788/art_20/oj,generator,fact_pattern,rank1,,,33.0,,,,,
debiased,eurlex,http://data.europa.eu/eli/reg/2011/333/art_2/oj,generator,fact_pattern,rank1,0.0,False,32.0,32.0,21.0,21.0,21.0,21.0
debiased,eurlex,http://data.europa.eu/eli/dir/2014/65/art_36/oj,generator,fact_pattern,rank1,1.0,False,35.0,35.0,22.0,22.0,21.0,21.0
debiased,eurlex,http://data.europa.eu/eli/reg_del/2013/811/art_1/oj,generator,fact_pattern,rank1,0.0,False,35.0,35.0,20.0,,20.0,
debiased,eurlex,http://data.europa.eu/eli/reg/2009/1072/art_1/oj,generator,fact_pattern,rank1,4.0,False,35.0,35.0,24.0,24.0,20.0,20.0
debiased,eurlex,http://data.europa.eu/eli/reg/2005/1572/art_4/oj,generator,fact_pattern,rank1,0.0,False,39.0,39.0,24.0,24.0,24.0,24.0
debiased,eurlex,http://data.europa.eu/eli/reg/2013/1290/art_57/oj,generator,fact_pattern,rank1,,,36.0,36.0,,,,
debiased,eurlex,http://data.europa.eu/eli/reg/2013/1381/art_5/oj,generator,fact_pattern,rank1,0.0,False,35.0,35.0,23.0,23.0,23.0,23.0
debiased,eurlex,http://data.europa.eu/eli/reg/2007/1386/art_55/oj,generator,fact_pattern,rank1,0.0,False,33.0,33.0,23.0,23.0,23.0,23.0
debiased,eurlex,http://data.europa.eu/eli/reg/2009/436/art_36/oj,generator,fact_pattern,rank1,0.0,False,37.0,37.0,24.0,24.0,24.0,24.0
debiased,eurlex,http://data.europa.eu/eli/dir/2006/112/art_111/oj,generator,fact_pattern,rank1,0.0,False,29.0,29.0,20.0,20.0,20.0,20.0
debiased,eurlex,http://data.europa.eu/eli/reg_del/2013/231/art_43/oj,generator,fact_pattern,rank1,0.0,False,36.0,36.0,23.0,23.0,23.0,23.0
debiased,eurlex,http://data.europa.eu/eli/reg/2006/1083/art_47/oj,generator,fact_pattern,rank1,0.0,False,38.0,38.0,24.0,24.0,24.0,24.0
debiased,eurlex,http://data.europa.eu/eli/reg_impl/2014/181/art_5/oj,generator,fact_pattern,rank1,0.0,False,35.0,35.0,24.0,24.0,24.0,24.0
debiased,eurlex,http://data.europa.eu/eli/reg/2009/1130/art_22/oj,generator,fact_pattern,rank1,0.0,False,36.0,36.0,22.0,22.0,22.0,22.0
debiased,eurlex,http://data.europa.eu/eli/dir/2014/26/art_2/oj,generator,fact_pattern,rank1,3.0,False,35.0,35.0,23.0,23.0,20.0,20.0
debiased,eurlex,http://data.europa.eu/eli/reg/2012/493/art_3/oj,generator,fact_pattern,rank1,,,37.0,37.0,,,,
debiased,eurlex,http://data.europa.eu/eli/reg/2014/1141/art_16/oj,generator,fact_pattern,rank1,4.0,False,37.0,37.0,24.0,24.0,20.0,20.0
debiased,eurlex,http://data.europa.eu/eli/dir/2010/42/art_2/oj,jev,skip,skip,,,,,,,,
debiased,eurlex,http://data.europa.eu/eli/reg/2014/910/art_41/oj,jev,lookup,rank1,0.0,False,36.0,36.0,23.0,23.0,23.0,23.0
debiased,eurlex,http://data.europa.eu/eli/reg/2011/1043/art_1/oj,jev,fact_pattern,rank1,0.0,False,33.0,33.0,25.0,25.0,25.0,25.0
debiased,eurlex,http://data.europa.eu/eli/dir/2011/81/art_2/oj,jev,skip,skip,,,,,,,,
debiased,eurlex,http://data.europa.eu/eli/dir/2006/28/art_3/oj,jev,skip,skip,,,,,,,,
debiased,eurlex,http://data.europa.eu/eli/reg/2011/1077/art_14/oj,jev,lookup,rank1,0.0,False,38.0,38.0,21.0,21.0,21.0,21.0
debiased,eurlex,http://data.europa.eu/eli/reg/2011/1173/art_13/oj,jev,lookup,no_candidates,,,,,,,,
debiased,eurlex,http://data.europa.eu/eli/reg/2005/1651/art_4/oj,jev,lookup,rank1,4.0,False,36.0,36.0,25.0,25.0,21.0,21.0
debiased,eurlex,http://data.europa.eu/eli/reg/2010/1031/art_48/oj,jev,fact_pattern,rank1,0.0,False,36.0,36.0,24.0,24.0,24.0,24.0
debiased,eurlex,http://data.europa.eu/eli/dir/2006/60/art_2/oj,jev,skip,skip,,,,,,,,
debiased,eurlex,http://data.europa.eu/eli/reg/2014/312/art_16/oj,jev,lookup,rank1,,,35.0,35.0,,,,
debiased,eurlex,http://data.europa.eu/eli/reg/2014/165/art_23/oj,jev,lookup,rank1,0.0,False,38.0,38.0,23.0,23.0,23.0,23.0
debiased,eurlex,http://data.europa.eu/eli/reg/2011/492/art_17/oj,jev,lookup,rank1,0.0,False,35.0,35.0,23.0,23.0,23.0,23.0
debiased,eurlex,http://data.europa.eu/eli/dir/2005/86/art_2/oj,jev,skip,skip,,,,,,,,
debiased,eurlex,http://data.europa.eu/eli/reg/2012/966/art_56/oj,jev,lookup,rank1,,,37.0,37.0,24.0,24.0,,
debiased,eurlex,http://data.europa.eu/eli/dir/2007/68/art_2/oj,jev,skip,skip,,,,,,,,
debiased,eurlex,http://data.europa.eu/eli/dir_impl/2011/54/art_3/oj,jev,skip,skip,,,,,,,,
debiased,eurlex,http://data.europa.eu/eli/dir/2004/66/art_2/oj,jev,skip,skip,,,,,,,,
debiased,eurlex,http://data.europa.eu/eli/reg/2008/1165/art_16/oj,jev,lookup,rank1,2.0,False,37.0,37.0,24.0,24.0,22.0,22.0
debiased,eurlex,http://data.europa.eu/eli/reg_impl/2011/1008/art_1/oj,jev,fact_pattern,rank1,,,36.0,36.0,,,,
debiased,eurlex,http://data.europa.eu/eli/dir/2015/566/art_9/oj,jev,skip,skip,,,,,,,,
debiased,eurlex,http://data.europa.eu/eli/reg/2009/193/art_1/oj,jev,fact_pattern,rank1,0.0,False,39.0,39.0,24.0,24.0,24.0,24.0
debiased,eurlex,http://data.europa.eu/eli/reg_impl/2011/452/art_1/oj,jev,fact_pattern,rank1,,,37.0,37.0,,,,
debiased,eurlex,http://data.europa.eu/eli/reg/2014/912/art_8/oj,jev,lookup,rank1,0.0,False,34.0,34.0,24.0,24.0,24.0,24.0
debiased,eurlex,http://data.europa.eu/eli/dir/2014/50/art_5/oj,jev,fact_pattern,rank1,0.0,False,30.0,,22.0,22.0,22.0,22.0
debiased,eurlex,http://data.europa.eu/eli/dir/2014/59/art_77/oj,jev,fact_pattern,rank1,0.0,False,37.0,37.0,23.0,23.0,23.0,23.0
debiased,eurlex,http://data.europa.eu/eli/reg_impl/2011/1333/art_11/oj,jev,lookup,rank1,,,38.0,38.0,,,,
debiased,eurlex,http://data.europa.eu/eli/reg_impl/2012/282/art_1/oj,jev,lookup,rank1,,,36.0,36.0,,,,
debiased,eurlex,http://data.europa.eu/eli/reg_impl/2012/1081/art_10/oj,jev,fact_pattern,rank1,,,35.0,35.0,,,,
debiased,eurlex,http://data.europa.eu/eli/reg/2006/1906/art_50/oj,jev,fact_pattern,rank1,0.0,False,37.0,37.0,23.0,23.0,23.0,23.0
debiased,eurlex,http://data.europa.eu/eli/reg/2007/520/art_24/oj,jev,fact_pattern,rank1,0.0,False,33.0,33.0,22.0,22.0,22.0,22.0
debiased,eurlex,http://data.europa.eu/eli/dir/2005/9/art_2/oj,jev,skip,skip,,,,,,,,
debiased,eurlex,http://data.europa.eu/eli/reg/2014/788/art_20/oj,jev,lookup,rank1,,,37.0,37.0,,,,
debiased,eurlex,http://data.europa.eu/eli/reg/2011/333/art_2/oj,jev,lookup,rank1,,,36.0,36.0,,,,
debiased,eurlex,http://data.europa.eu/eli/dir/2014/65/art_36/oj,jev,fact_pattern,rank1,1.0,False,35.0,35.0,22.0,22.0,21.0,21.0
debiased,eurlex,http://data.europa.eu/eli/reg_del/2013/811/art_1/oj,jev,lookup,rank1,,,38.0,38.0,23.0,23.0,,
debiased,eurlex,http://data.europa.eu/eli/reg/2009/1072/art_1/oj,jev,fact_pattern,rank1,4.0,False,35.0,35.0,24.0,24.0,20.0,20.0
debiased,eurlex,http://data.europa.eu/eli/reg/2005/1572/art_4/oj,jev,lookup,rank1,0.0,False,37.0,37.0,23.0,23.0,23.0,23.0
debiased,eurlex,http://data.europa.eu/eli/reg/2013/1290/art_57/oj,jev,lookup,rank1,,,35.0,35.0,,,,
debiased,eurlex,http://data.europa.eu/eli/reg/2013/1381/art_5/oj,jev,lookup,rank1,,,39.0,39.0,24.0,24.0,,
debiased,eurlex,http://data.europa.eu/eli/reg/2007/1386/art_55/oj,jev,fact_pattern,rank1,0.0,False,33.0,33.0,23.0,23.0,23.0,23.0
debiased,eurlex,http://data.europa.eu/eli/reg/2009/436/art_36/oj,jev,lookup,rank1,0.0,False,38.0,38.0,24.0,24.0,24.0,24.0
debiased,eurlex,http://data.europa.eu/eli/dir/2006/112/art_111/oj,jev,fact_pattern,rank1,0.0,False,29.0,29.0,20.0,20.0,20.0,20.0
debiased,eurlex,http://data.europa.eu/eli/reg_del/2013/231/art_43/oj,jev,lookup,rank1,2.0,False,33.0,33.0,24.0,24.0,22.0,22.0
debiased,eurlex,http://data.europa.eu/eli/reg/2006/1083/art_47/oj,jev,lookup,rank1,0.0,False,35.0,35.0,24.0,24.0,24.0,24.0
debiased,eurlex,http://data.europa.eu/eli/reg_impl/2014/181/art_5/oj,jev,fact_pattern,rank1,0.0,False,35.0,35.0,24.0,24.0,24.0,24.0
debiased,eurlex,http://data.europa.eu/eli/reg/2009/1130/art_22/oj,jev,fact_pattern,rank1,0.0,False,36.0,36.0,22.0,22.0,22.0,22.0
debiased,eurlex,http://data.europa.eu/eli/dir/2014/26/art_2/oj,jev,fact_pattern,rank1,3.0,False,35.0,35.0,23.0,23.0,20.0,20.0
debiased,eurlex,http://data.europa.eu/eli/reg/2012/493/art_3/oj,jev,lookup,rank1,,,38.0,38.0,,,,
debiased,eurlex,http://data.europa.eu/eli/reg/2014/1141/art_16/oj,jev,fact_pattern,rank1,4.0,False,37.0,37.0,24.0,24.0,20.0,20.0
debiased,un,2011/a/res/65/212#13,generator,lookup,rank1,,,36.0,36.0,,,,
debiased,un,2006/a/res/61/183#3,generator,practitioner,rank1,,,35.0,35.0,,,,
debiased,un,2013/a/res/67/199#12,generator,lookup,rank1,,,35.0,35.0,,,,
debiased,un,2011/a/res/65/263#2,generator,lookup,rank1,,,32.0,32.0,,,,
debiased,un,2013/a/res/68/143#7,generator,lookup,rank1,,,35.0,35.0,,,,
debiased,un,2014/a/res/68/254#2,generator,practitioner,rank1,,,34.0,34.0,,,,
debiased,un,2001/a/res/55/114#5,generator,practitioner,rank1,,,35.0,35.0,,,,
debiased,un,2007/a/res/62/137#12,generator,practitioner,rank1,,,32.0,,,,,
debiased,un,2005/a/res/60/226#3,generator,lookup,rank1,,,33.0,33.0,,,,
debiased,un,2013/a/res/68/18#1,generator,practitioner,rank1,,,34.0,34.0,,,,
debiased,un,2001/s/res/1376_2001_#2,generator,lookup,rank1,,,35.0,35.0,,,,
debiased,un,2008/s/res/1806_2008_#8,generator,lookup,rank1,,,34.0,34.0,,,,
debiased,un,2003/s/res/1466_2003_#3,generator,practitioner,rank1,,,36.0,,,,,
debiased,un,2008/s/res/1845_2008_#3,generator,lookup,rank1,,,36.0,36.0,,,,
debiased,un,2004/s/res/1565_2004_#11,generator,practitioner,rank1,,,36.0,36.0,,,,
debiased,un,2002/a/res/56/188#8,generator,practitioner,rank1,,,29.0,,,,,
debiased,un,2005/a/res/60/47#0,generator,practitioner,rank1,,,33.0,33.0,,,,
debiased,un,2011/s/res/1988_2011_#19,generator,practitioner,rank1,,,36.0,36.0,,,,
debiased,un,2004/a/res/59/61#0,generator,lookup,rank1,,,30.0,30.0,,,,
debiased,un,2013/a/res/67/145#7,generator,lookup,rank1,,,38.0,38.0,,,,
debiased,un,2003/a/res/58/298#4,generator,lookup,rank1,,,38.0,38.0,,,,
debiased,un,2003/a/res/57/300#10,generator,lookup,rank1,,,36.0,36.0,22.0,22.0,,
debiased,un,2013/a/res/67/222#6,generator,practitioner,rank1,,,34.0,34.0,,,,
debiased,un,2003/a/res/57/137#1,generator,lookup,rank1,,,36.0,36.0,,,,
debiased,un,2014/s/res/2140__2014_#13,generator,lookup,rank1,,,34.0,34.0,,,,
debiased,un,2004/a/c_2/58/sr_24#18,generator,practitioner,rank1,,,34.0,,,,,
debiased,un,2008/cd/pv_1097#14,generator,semantic,rank1,,,35.0,35.0,,,,
debiased,un,2006/a/c_5/60/sr_64#14,generator,semantic,rank1,,,34.0,34.0,,,,
debiased,un,2001/cedaw/c/sr_451#4,generator,lookup,rank1,,,38.0,38.0,,,,
debiased,un,2008/a/ac_109/2008/sr_2#1,generator,lookup,rank1,,,36.0,36.0,,,,
debiased,un,2010/ccpr/c/sr_2695#25,generator,practitioner,rank1,,,33.0,33.0,,,,
debiased,un,2007/gc_12/c_1/sr_1#10,generator,practitioner,rank1,,,38.0,38.0,,,,
debiased,un,2006/cedaw/c/sr_724#18,generator,lookup,rank1,,,36.0,36.0,,,,
debiased,un,2005/cd/pv_983#13,generator,lookup,rank1,,,31.0,31.0,,,,
debiased,un,1998/gc_7/c_1/sr_5#16,generator,practitioner,rank1,,,34.0,34.0,,,,
debiased,un,2006/ccw/conf_iii/sr_2#8,generator,practitioner,rank1,,,28.0,28.0,,,,
debiased,un,2001/cd/pv_880#1,generator,practitioner,rank1,,,31.0,,,,,
debiased,un,2010/a/cn_9/sr_917#10,generator,lookup,rank1,,,32.0,32.0,,,,
debiased,un,2003/a/58/pv_1#15,generator,lookup,rank1,,,32.0,32.0,,,,
debiased,un,2007/cedaw/c/sr_770_b_#18,generator,practitioner,rank1,,,34.0,,,,,
debiased,un,2002/a/c_4/57/sr_18#15,generator,practitioner,rank1,,,27.0,,,,,
debiased,un,2007/cedaw/c/sr_778#5,generator,practitioner,rank1,,,35.0,35.0,,,,
debiased,un,2000/cd/pv_841#11,generator,semantic,rank1,0.0,False,33.0,,23.0,23.0,23.0,23.0
debiased,un,1999/cedaw/c/sr_434#16,generator,practitioner,rank1,,,33.0,33.0,,,,
debiased,un,2009/a/ac_109/2009/sr_7#4,generator,lookup,rank1,,,36.0,36.0,,,,
debiased,un,2008/s/2008/774#11,generator,practitioner,rank1,,,33.0,,,,,
debiased,un,2012/s/2012/718#7,generator,practitioner,rank1,,,30.0,,,,,
debiased,un,1998/s/1998/458#1,generator,practitioner,rank1,,,32.0,,,,,
debiased,un,2004/s/2004/505#15,generator,practitioner,rank1,,,38.0,38.0,,,,
debiased,un,2004/s/2004/674#6,generator,lookup,rank1,,,36.0,36.0,,,,
debiased,un,2011/a/res/65/212#13,jev,practitioner,rank1,,,32.0,32.0,,,,
debiased,un,2006/a/res/61/183#3,jev,practitioner,rank1,,,35.0,35.0,,,,
debiased,un,2013/a/res/67/199#12,jev,semantic,rank1,,,34.0,34.0,,,,
debiased,un,2011/a/res/65/263#2,jev,practitioner,rank1,,,24.0,,,,,
debiased,un,2013/a/res/68/143#7,jev,practitioner,rank1,,,35.0,,,,,
debiased,un,2014/a/res/68/254#2,jev,practitioner,rank1,,,34.0,34.0,,,,
debiased,un,2001/a/res/55/114#5,jev,practitioner,rank1,,,35.0,35.0,,,,
debiased,un,2007/a/res/62/137#12,jev,practitioner,rank1,,,32.0,,,,,
debiased,un,2005/a/res/60/226#3,jev,practitioner,rank1,,,32.0,32.0,,,,
debiased,un,2013/a/res/68/18#1,jev,practitioner,rank1,,,34.0,34.0,,,,
debiased,un,2001/s/res/1376_2001_#2,jev,practitioner,rank1,,,32.0,,,,,
debiased,un,2008/s/res/1806_2008_#8,jev,practitioner,rank1,,,39.0,,,,,
debiased,un,2003/s/res/1466_2003_#3,jev,practitioner,rank1,,,36.0,,,,,
debiased,un,2008/s/res/1845_2008_#3,jev,practitioner,rank1,,,35.0,35.0,,,,
debiased,un,2004/s/res/1565_2004_#11,jev,practitioner,rank1,,,36.0,36.0,,,,
debiased,un,2002/a/res/56/188#8,jev,practitioner,rank1,,,29.0,,,,,
debiased,un,2005/a/res/60/47#0,jev,practitioner,rank1,,,33.0,33.0,,,,
debiased,un,2011/s/res/1988_2011_#19,jev,practitioner,rank1,,,36.0,36.0,,,,
debiased,un,2004/a/res/59/61#0,jev,practitioner,rank1,,,25.0,,,,,
debiased,un,2013/a/res/67/145#7,jev,semantic,rank1,,,35.0,35.0,,,,
debiased,un,2003/a/res/58/298#4,jev,practitioner,rank1,,,37.0,37.0,,,,
debiased,un,2003/a/res/57/300#10,jev,practitioner,rank1,,,33.0,,22.0,22.0,,
debiased,un,2013/a/res/67/222#6,jev,practitioner,rank1,,,34.0,34.0,,,,
debiased,un,2003/a/res/57/137#1,jev,practitioner,rank1,,,33.0,,,,,
debiased,un,2014/s/res/2140__2014_#13,jev,practitioner,rank1,,,34.0,34.0,,,,
debiased,un,2004/a/c_2/58/sr_24#18,jev,practitioner,rank1,,,34.0,,,,,
debiased,un,2008/cd/pv_1097#14,jev,practitioner,rank1,,,30.0,,,,,
debiased,un,2006/a/c_5/60/sr_64#14,jev,practitioner,rank1,,,32.0,29.0,,,,
debiased,un,2001/cedaw/c/sr_451#4,jev,practitioner,rank1,,,34.0,34.0,,,,
debiased,un,2008/a/ac_109/2008/sr_2#1,jev,practitioner,rank1,,,33.0,33.0,,,,
debiased,un,2010/ccpr/c/sr_2695#25,jev,practitioner,rank1,,,33.0,33.0,,,,
debiased,un,2007/gc_12/c_1/sr_1#10,jev,practitioner,rank1,,,38.0,38.0,,,,
debiased,un,2006/cedaw/c/sr_724#18,jev,practitioner,rank1,,,33.0,,,,,
debiased,un,2005/cd/pv_983#13,jev,practitioner,rank1,,,31.0,31.0,,,,
debiased,un,1998/gc_7/c_1/sr_5#16,jev,practitioner,rank1,,,34.0,34.0,,,,
debiased,un,2006/ccw/conf_iii/sr_2#8,jev,practitioner,rank1,,,28.0,28.0,,,,
debiased,un,2001/cd/pv_880#1,jev,practitioner,rank1,,,31.0,,,,,
debiased,un,2010/a/cn_9/sr_917#10,jev,semantic,rank1,,,31.0,,,,,
debiased,un,2003/a/58/pv_1#15,jev,semantic,rank1,,,35.0,35.0,,,,
debiased,un,2007/cedaw/c/sr_770_b_#18,jev,practitioner,rank1,,,34.0,,,,,
debiased,un,2002/a/c_4/57/sr_18#15,jev,semantic,rank1,,,34.0,,,,,
debiased,un,2007/cedaw/c/sr_778#5,jev,semantic,rank1,,,36.0,36.0,,,,
debiased,un,2000/cd/pv_841#11,jev,practitioner,rank1,,,33.0,,17.0,17.0,,
debiased,un,1999/cedaw/c/sr_434#16,jev,practitioner,rank1,,,33.0,33.0,,,,
debiased,un,2009/a/ac_109/2009/sr_7#4,jev,practitioner,rank1,,,35.0,35.0,,,,
debiased,un,2008/s/2008/774#11,jev,practitioner,rank1,,,33.0,,,,,
debiased,un,2012/s/2012/718#7,jev,practitioner,rank1,,,30.0,,,,,
debiased,un,1998/s/1998/458#1,jev,practitioner,rank1,,,32.0,,,,,
debiased,un,2004/s/2004/505#15,jev,practitioner,rank1,,,38.0,38.0,,,,
debiased,un,2004/s/2004/674#6,jev,practitioner,rank1,,,31.0,31.0,,,,
simple,eurlex,http://data.europa.eu/eli/dir/2010/42/art_2/oj,generator,skip,skip,,,,,,,,
simple,eurlex,http://data.europa.eu/eli/reg/2014/910/art_41/oj,generator,fact_pattern,rank1,,,33.0,,23.0,23.0,,
simple,eurlex,http://data.europa.eu/eli/reg/2011/1043/art_1/oj,generator,fact_pattern,rank1,2.0,False,34.0,34.0,25.0,25.0,23.0,23.0
simple,eurlex,http://data.europa.eu/eli/dir/2011/81/art_2/oj,generator,skip,skip,,,,,,,,
simple,eurlex,http://data.europa.eu/eli/dir/2006/28/art_3/oj,generator,skip,skip,,,,,,,,
simple,eurlex,http://data.europa.eu/eli/reg/2011/1077/art_14/oj,generator,fact_pattern,rank1,0.0,False,33.0,,23.0,23.0,23.0,23.0
simple,eurlex,http://data.europa.eu/eli/reg/2011/1173/art_13/oj,generator,skip,skip,,,,,,,,
simple,eurlex,http://data.europa.eu/eli/reg/2005/1651/art_4/oj,generator,fact_pattern,rank1,1.0,False,37.0,37.0,24.0,24.0,23.0,23.0
simple,eurlex,http://data.europa.eu/eli/reg/2010/1031/art_48/oj,generator,fact_pattern,rank1,,,33.0,33.0,,,,
simple,eurlex,http://data.europa.eu/eli/dir/2006/60/art_2/oj,generator,skip,skip,,,,,,,,
simple,eurlex,http://data.europa.eu/eli/reg/2014/312/art_16/oj,generator,fact_pattern,rank1,,,35.0,35.0,,,,
simple,eurlex,http://data.europa.eu/eli/reg/2014/165/art_23/oj,generator,fact_pattern,rank1,0.0,False,37.0,37.0,23.0,23.0,23.0,23.0
simple,eurlex,http://data.europa.eu/eli/reg/2011/492/art_17/oj,generator,skip,skip,,,,,,,,
simple,eurlex,http://data.europa.eu/eli/dir/2005/86/art_2/oj,generator,skip,skip,,,,,,,,
simple,eurlex,http://data.europa.eu/eli/reg/2012/966/art_56/oj,generator,lookup,rank1,0.0,False,33.0,33.0,23.0,23.0,23.0,23.0
simple,eurlex,http://data.europa.eu/eli/dir/2007/68/art_2/oj,generator,skip,skip,,,,,,,,
simple,eurlex,http://data.europa.eu/eli/dir_impl/2011/54/art_3/oj,generator,skip,skip,,,,,,,,
simple,eurlex,http://data.europa.eu/eli/dir/2004/66/art_2/oj,generator,skip,skip,,,,,,,,
simple,eurlex,http://data.europa.eu/eli/reg/2008/1165/art_16/oj,generator,lookup,rank1,0.0,False,36.0,,24.0,24.0,24.0,24.0
simple,eurlex,http://data.europa.eu/eli/reg_impl/2011/1008/art_1/oj,generator,fact_pattern,rank1,,,36.0,36.0,,,,
simple,eurlex,http://data.europa.eu/eli/dir/2015/566/art_9/oj,generator,skip,skip,,,,,,,,
simple,eurlex,http://data.europa.eu/eli/reg/2009/193/art_1/oj,generator,fact_pattern,rank1,2.0,True,33.0,27.0,21.0,21.0,19.0,
simple,eurlex,http://data.europa.eu/eli/reg_impl/2011/452/art_1/oj,generator,fact_pattern,rank1,,,32.0,32.0,,,,
simple,eurlex,http://data.europa.eu/eli/reg/2014/912/art_8/oj,generator,fact_pattern,rank1,0.0,False,35.0,35.0,23.0,23.0,23.0,23.0
simple,eurlex,http://data.europa.eu/eli/dir/2014/50/art_5/oj,generator,fact_pattern,rank1,0.0,False,34.0,33.0,24.0,24.0,24.0,24.0
simple,eurlex,http://data.europa.eu/eli/dir/2014/59/art_77/oj,generator,fact_pattern,rank1,0.0,False,35.0,35.0,23.0,23.0,23.0,23.0
simple,eurlex,http://data.europa.eu/eli/reg_impl/2011/1333/art_11/oj,generator,fact_pattern,rank1,0.0,False,34.0,30.0,23.0,23.0,23.0,23.0
simple,eurlex,http://data.europa.eu/eli/reg_impl/2012/282/art_1/oj,generator,fact_pattern,rank1,,,36.0,25.0,,,,
simple,eurlex,http://data.europa.eu/eli/reg_impl/2012/1081/art_10/oj,generator,fact_pattern,rank1,,,35.0,,,,,
simple,eurlex,http://data.europa.eu/eli/reg/2006/1906/art_50/oj,generator,fact_pattern,rank1,1.0,False,34.0,34.0,23.0,23.0,22.0,22.0
simple,eurlex,http://data.europa.eu/eli/reg/2007/520/art_24/oj,generator,lookup,rank1,1.0,False,32.0,32.0,21.0,21.0,20.0,20.0
simple,eurlex,http://data.europa.eu/eli/dir/2005/9/art_2/oj,generator,skip,skip,,,,,,,,
simple,eurlex,http://data.europa.eu/eli/reg/2014/788/art_20/oj,generator,fact_pattern,rank1,,,34.0,34.0,,,,
simple,eurlex,http://data.europa.eu/eli/reg/2011/333/art_2/oj,generator,lookup,rank1,0.0,False,39.0,39.0,23.0,23.0,23.0,23.0
simple,eurlex,http://data.europa.eu/eli/dir/2014/65/art_36/oj,generator,fact_pattern,rank1,0.0,False,34.0,34.0,21.0,21.0,21.0,21.0
simple,eurlex,http://data.europa.eu/eli/reg_del/2013/811/art_1/oj,generator,fact_pattern,rank1,,,35.0,35.0,,,,
simple,eurlex,http://data.europa.eu/eli/reg/2009/1072/art_1/oj,generator,fact_pattern,rank1,0.0,False,34.0,,24.0,24.0,24.0,24.0
simple,eurlex,http://data.europa.eu/eli/reg/2005/1572/art_4/oj,generator,fact_pattern,rank1,4.0,True,37.0,37.0,24.0,24.0,20.0,
simple,eurlex,http://data.europa.eu/eli/reg/2013/1290/art_57/oj,generator,fact_pattern,rank1,,,29.0,29.0,,,,
simple,eurlex,http://data.europa.eu/eli/reg/2013/1381/art_5/oj,generator,fact_pattern,rank1,,,36.0,36.0,19.0,,,
simple,eurlex,http://data.europa.eu/eli/reg/2007/1386/art_55/oj,generator,fact_pattern,rank1,0.0,False,31.0,31.0,22.0,22.0,22.0,22.0
simple,eurlex,http://data.europa.eu/eli/reg/2009/436/art_36/oj,generator,fact_pattern,rank1,1.0,False,37.0,37.0,23.0,23.0,22.0,22.0
simple,eurlex,http://data.europa.eu/eli/dir/2006/112/art_111/oj,generator,fact_pattern,rank1,8.0,True,29.0,29.0,23.0,23.0,15.0,
simple,eurlex,http://data.europa.eu/eli/reg_del/2013/231/art_43/oj,generator,fact_pattern,rank1,0.0,False,34.0,,24.0,24.0,24.0,24.0
simple,eurlex,http://data.europa.eu/eli/reg/2006/1083/art_47/oj,generator,fact_pattern,rank1,0.0,False,33.0,,22.0,22.0,22.0,22.0
simple,eurlex,http://data.europa.eu/eli/reg_impl/2014/181/art_5/oj,generator,fact_pattern,rank1,0.0,False,33.0,33.0,23.0,23.0,23.0,23.0
simple,eurlex,http://data.europa.eu/eli/reg/2009/1130/art_22/oj,generator,fact_pattern,rank1,4.0,False,32.0,32.0,23.0,23.0,19.0,19.0
simple,eurlex,http://data.europa.eu/eli/dir/2014/26/art_2/oj,generator,fact_pattern,rank1,5.0,True,30.0,30.0,23.0,23.0,18.0,
simple,eurlex,http://data.europa.eu/eli/reg/2012/493/art_3/oj,generator,fact_pattern,rank1,,,36.0,36.0,,,,
simple,eurlex,http://data.europa.eu/eli/reg/2014/1141/art_16/oj,generator,fact_pattern,rank1,0.0,False,34.0,33.0,22.0,22.0,22.0,22.0
simple,eurlex,http://data.europa.eu/eli/dir/2010/42/art_2/oj,jev,lookup,no_candidates,,,,,,,,
simple,eurlex,http://data.europa.eu/eli/reg/2014/910/art_41/oj,jev,fact_pattern,rank1,,,33.0,,23.0,23.0,,
simple,eurlex,http://data.europa.eu/eli/reg/2011/1043/art_1/oj,jev,fact_pattern,rank1,2.0,False,34.0,34.0,25.0,25.0,23.0,23.0
simple,eurlex,http://data.europa.eu/eli/dir/2011/81/art_2/oj,jev,lookup,rank1,0.0,False,33.0,33.0,22.0,22.0,22.0,22.0
simple,eurlex,http://data.europa.eu/eli/dir/2006/28/art_3/oj,jev,skip,skip,,,,,,,,
simple,eurlex,http://data.europa.eu/eli/reg/2011/1077/art_14/oj,jev,lookup,rank1,,,36.0,36.0,,,,
simple,eurlex,http://data.europa.eu/eli/reg/2011/1173/art_13/oj,jev,skip,skip,,,,,,,,
simple,eurlex,http://data.europa.eu/eli/reg/2005/1651/art_4/oj,jev,fact_pattern,rank1,1.0,False,37.0,37.0,24.0,24.0,23.0,23.0
simple,eurlex,http://data.europa.eu/eli/reg/2010/1031/art_48/oj,jev,fact_pattern,rank1,,,33.0,33.0,,,,
simple,eurlex,http://data.europa.eu/eli/dir/2006/60/art_2/oj,jev,lookup,no_candidates,,,,,,,,
simple,eurlex,http://data.europa.eu/eli/reg/2014/312/art_16/oj,jev,fact_pattern,rank1,,,35.0,35.0,,,,
simple,eurlex,http://data.europa.eu/eli/reg/2014/165/art_23/oj,jev,fact_pattern,rank1,0.0,False,37.0,37.0,23.0,23.0,23.0,23.0
simple,eurlex,http://data.europa.eu/eli/reg/2011/492/art_17/oj,jev,lookup,rank1,,,39.0,39.0,,,,
simple,eurlex,http://data.europa.eu/eli/dir/2005/86/art_2/oj,jev,lookup,no_candidates,,,,,,,,
simple,eurlex,http://data.europa.eu/eli/reg/2012/966/art_56/oj,jev,skip,skip,,,,,,,,
simple,eurlex,http://data.europa.eu/eli/dir/2007/68/art_2/oj,jev,lookup,no_candidates,,,,,,,,
simple,eurlex,http://data.europa.eu/eli/dir_impl/2011/54/art_3/oj,jev,skip,skip,,,,,,,,
simple,eurlex,http://data.europa.eu/eli/dir/2004/66/art_2/oj,jev,lookup,no_candidates,,,,,,,,
simple,eurlex,http://data.europa.eu/eli/reg/2008/1165/art_16/oj,jev,lookup,rank1,0.0,False,36.0,,24.0,24.0,24.0,24.0
simple,eurlex,http://data.europa.eu/eli/reg_impl/2011/1008/art_1/oj,jev,fact_pattern,rank1,,,36.0,36.0,,,,
simple,eurlex,http://data.europa.eu/eli/dir/2015/566/art_9/oj,jev,skip,skip,,,,,,,,
simple,eurlex,http://data.europa.eu/eli/reg/2009/193/art_1/oj,jev,fact_pattern,rank1,2.0,True,33.0,27.0,21.0,21.0,19.0,
simple,eurlex,http://data.europa.eu/eli/reg_impl/2011/452/art_1/oj,jev,fact_pattern,rank1,,,32.0,32.0,,,,
simple,eurlex,http://data.europa.eu/eli/reg/2014/912/art_8/oj,jev,fact_pattern,rank1,0.0,False,35.0,35.0,23.0,23.0,23.0,23.0
simple,eurlex,http://data.europa.eu/eli/dir/2014/50/art_5/oj,jev,fact_pattern,rank1,0.0,False,34.0,33.0,24.0,24.0,24.0,24.0
simple,eurlex,http://data.europa.eu/eli/dir/2014/59/art_77/oj,jev,fact_pattern,rank1,0.0,False,35.0,35.0,23.0,23.0,23.0,23.0
simple,eurlex,http://data.europa.eu/eli/reg_impl/2011/1333/art_11/oj,jev,lookup,rank1,,,37.0,37.0,,,,
simple,eurlex,http://data.europa.eu/eli/reg_impl/2012/282/art_1/oj,jev,lookup,rank1,,,36.0,36.0,,,,
simple,eurlex,http://data.europa.eu/eli/reg_impl/2012/1081/art_10/oj,jev,fact_pattern,rank1,,,35.0,,,,,
simple,eurlex,http://data.europa.eu/eli/reg/2006/1906/art_50/oj,jev,fact_pattern,rank1,1.0,False,34.0,34.0,23.0,23.0,22.0,22.0
simple,eurlex,http://data.europa.eu/eli/reg/2007/520/art_24/oj,jev,fact_pattern,rank1,2.0,False,33.0,33.0,23.0,23.0,21.0,21.0
simple,eurlex,http://data.europa.eu/eli/dir/2005/9/art_2/oj,jev,lookup,no_candidates,,,,,,,,
simple,eurlex,http://data.europa.eu/eli/reg/2014/788/art_20/oj,jev,lookup,rank1,,,33.0,,,,,
simple,eurlex,http://data.europa.eu/eli/reg/2011/333/art_2/oj,jev,lookup,rank1,0.0,False,39.0,39.0,23.0,23.0,23.0,23.0
simple,eurlex,http://data.europa.eu/eli/dir/2014/65/art_36/oj,jev,fact_pattern,rank1,0.0,False,34.0,34.0,21.0,21.0,21.0,21.0
simple,eurlex,http://data.europa.eu/eli/reg_del/2013/811/art_1/oj,jev,fact_pattern,rank1,,,35.0,35.0,,,,
simple,eurlex,http://data.europa.eu/eli/reg/2009/1072/art_1/oj,jev,fact_pattern,rank1,0.0,False,34.0,,24.0,24.0,24.0,24.0
simple,eurlex,http://data.europa.eu/eli/reg/2005/1572/art_4/oj,jev,fact_pattern,rank1,4.0,True,37.0,37.0,24.0,24.0,20.0,
simple,eurlex,http://data.europa.eu/eli/reg/2013/1290/art_57/oj,jev,fact_pattern,rank1,,,29.0,29.0,,,,
simple,eurlex,http://data.europa.eu/eli/reg/2013/1381/art_5/oj,jev,lookup,rank1,,,38.0,38.0,24.0,24.0,,
simple,eurlex,http://data.europa.eu/eli/reg/2007/1386/art_55/oj,jev,fact_pattern,rank1,0.0,False,31.0,31.0,22.0,22.0,22.0,22.0
simple,eurlex,http://data.europa.eu/eli/reg/2009/436/art_36/oj,jev,lookup,rank1,1.0,False,39.0,39.0,24.0,24.0,23.0,23.0
simple,eurlex,http://data.europa.eu/eli/dir/2006/112/art_111/oj,jev,fact_pattern,rank1,8.0,True,29.0,29.0,23.0,23.0,15.0,
simple,eurlex,http://data.europa.eu/eli/reg_del/2013/231/art_43/oj,jev,lookup,rank1,0.0,False,36.0,,24.0,24.0,24.0,24.0
simple,eurlex,http://data.europa.eu/eli/reg/2006/1083/art_47/oj,jev,lookup,rank1,2.0,False,34.0,33.0,24.0,24.0,22.0,22.0
simple,eurlex,http://data.europa.eu/eli/reg_impl/2014/181/art_5/oj,jev,fact_pattern,rank1,0.0,False,33.0,33.0,23.0,23.0,23.0,23.0
simple,eurlex,http://data.europa.eu/eli/reg/2009/1130/art_22/oj,jev,fact_pattern,rank1,4.0,False,32.0,32.0,23.0,23.0,19.0,19.0
simple,eurlex,http://data.europa.eu/eli/dir/2014/26/art_2/oj,jev,lookup,rank1,2.0,True,37.0,37.0,21.0,21.0,19.0,
simple,eurlex,http://data.europa.eu/eli/reg/2012/493/art_3/oj,jev,lookup,rank1,,,40.0,40.0,,,,
simple,eurlex,http://data.europa.eu/eli/reg/2014/1141/art_16/oj,jev,fact_pattern,rank1,0.0,False,34.0,33.0,22.0,22.0,22.0,22.0
simple,un,2011/a/res/65/212#13,generator,lookup,rank1,,,35.0,35.0,,,,
simple,un,2006/a/res/61/183#3,generator,practitioner,rank1,,,34.0,34.0,,,,
simple,un,2013/a/res/67/199#12,generator,semantic,rank1,,,34.0,34.0,,,,
simple,un,2011/a/res/65/263#2,generator,practitioner,rank1,,,30.0,,,,,
simple,un,2013/a/res/68/143#7,generator,practitioner,rank1,,,34.0,31.0,,,,
simple,un,2014/a/res/68/254#2,generator,lookup,rank1,,,36.0,33.0,,,,
simple,un,2001/a/res/55/114#5,generator,practitioner,rank1,,,33.0,,,,,
simple,un,2007/a/res/62/137#12,generator,practitioner,rank1,,,31.0,31.0,,,,
simple,un,2005/a/res/60/226#3,generator,lookup,rank1,,,33.0,,,,,
simple,un,2013/a/res/68/18#1,generator,lookup,rank1,,,37.0,37.0,,,,
simple,un,2001/s/res/1376_2001_#2,generator,lookup,rank1,,,36.0,36.0,,,,
simple,un,2008/s/res/1806_2008_#8,generator,lookup,rank1,,,38.0,38.0,,,,
simple,un,2003/s/res/1466_2003_#3,generator,practitioner,rank1,,,33.0,,,,,
simple,un,2008/s/res/1845_2008_#3,generator,lookup,rank1,,,35.0,35.0,,,,
simple,un,2004/s/res/1565_2004_#11,generator,lookup,rank1,,,29.0,,,,,
simple,un,2002/a/res/56/188#8,generator,practitioner,rank1,,,32.0,,,,,
simple,un,2005/a/res/60/47#0,generator,semantic,rank1,,,34.0,34.0,,,,
simple,un,2011/s/res/1988_2011_#19,generator,lookup,rank1,,,34.0,34.0,,,,
simple,un,2004/a/res/59/61#0,generator,semantic,rank1,,,31.0,31.0,,,,
simple,un,2013/a/res/67/145#7,generator,semantic,rank1,,,34.0,34.0,,,,
simple,un,2003/a/res/58/298#4,generator,lookup,rank1,,,39.0,39.0,,,,
simple,un,2003/a/res/57/300#10,generator,lookup,rank1,,,37.0,37.0,,,,
simple,un,2013/a/res/67/222#6,generator,practitioner,rank1,,,34.0,34.0,,,,
simple,un,2003/a/res/57/137#1,generator,lookup,rank1,,,33.0,,,,,
simple,un,2014/s/res/2140__2014_#13,generator,practitioner,rank1,,,35.0,35.0,,,,
simple,un,2004/a/c_2/58/sr_24#18,generator,practitioner,rank1,,,35.0,35.0,,,,
simple,un,2008/cd/pv_1097#14,generator,practitioner,rank1,,,,,,,,
simple,un,2006/a/c_5/60/sr_64#14,generator,practitioner,rank1,,,33.0,33.0,,,,
simple,un,2001/cedaw/c/sr_451#4,generator,practitioner,rank1,,,35.0,35.0,,,,
simple,un,2008/a/ac_109/2008/sr_2#1,generator,lookup,rank1,,,34.0,,,,,
simple,un,2010/ccpr/c/sr_2695#25,generator,practitioner,rank1,,,32.0,31.0,,,,
simple,un,2007/gc_12/c_1/sr_1#10,generator,practitioner,rank1,,,36.0,36.0,,,,
simple,un,2006/cedaw/c/sr_724#18,generator,lookup,rank1,,,35.0,35.0,,,,
simple,un,2005/cd/pv_983#13,generator,practitioner,rank1,,,33.0,33.0,,,,
simple,un,1998/gc_7/c_1/sr_5#16,generator,practitioner,rank1,,,35.0,35.0,,,,
simple,un,2006/ccw/conf_iii/sr_2#8,generator,lookup,rank1,,,33.0,33.0,,,,
simple,un,2001/cd/pv_880#1,generator,lookup,rank1,0.0,False,35.0,35.0,23.0,23.0,23.0,23.0
simple,un,2010/a/cn_9/sr_917#10,generator,practitioner,rank1,,,36.0,36.0,,,,
simple,un,2003/a/58/pv_1#15,generator,practitioner,rank1,,,31.0,,,,,
simple,un,2007/cedaw/c/sr_770_b_#18,generator,practitioner,rank1,,,33.0,33.0,,,,
simple,un,2002/a/c_4/57/sr_18#15,generator,lookup,rank1,,,35.0,,,,,
simple,un,2007/cedaw/c/sr_778#5,generator,practitioner,rank1,,,36.0,36.0,,,,
simple,un,2000/cd/pv_841#11,generator,practitioner,rank1,,,36.0,28.0,,,,
simple,un,1999/cedaw/c/sr_434#16,generator,practitioner,rank1,,,33.0,33.0,,,,
simple,un,2009/a/ac_109/2009/sr_7#4,generator,practitioner,rank1,,,36.0,36.0,,,,
simple,un,2008/s/2008/774#11,generator,practitioner,rank1,,,36.0,,,,,
simple,un,2012/s/2012/718#7,generator,practitioner,rank1,,,33.0,33.0,,,,
simple,un,1998/s/1998/458#1,generator,practitioner,rank1,,,36.0,,,,,
simple,un,2004/s/2004/505#15,generator,lookup,rank1,,,37.0,,,,,
simple,un,2004/s/2004/674#6,generator,lookup,rank1,,,35.0,,,,,
simple,un,2011/a/res/65/212#13,jev,semantic,rank1,,,34.0,34.0,,,,
simple,un,2006/a/res/61/183#3,jev,semantic,rank1,,,36.0,36.0,,,,
simple,un,2013/a/res/67/199#12,jev,semantic,rank1,,,34.0,34.0,,,,
simple,un,2011/a/res/65/263#2,jev,lookup,rank1,,,37.0,37.0,,,,
simple,un,2013/a/res/68/143#7,jev,semantic,rank1,,,31.0,31.0,,,,
simple,un,2014/a/res/68/254#2,jev,lookup,rank1,,,36.0,33.0,,,,
simple,un,2001/a/res/55/114#5,jev,semantic,rank1,,,33.0,33.0,,,,
simple,un,2007/a/res/62/137#12,jev,lookup,rank1,,,35.0,35.0,,,,
simple,un,2005/a/res/60/226#3,jev,lookup,rank1,,,33.0,,,,,
simple,un,2013/a/res/68/18#1,jev,lookup,rank1,,,37.0,37.0,,,,
simple,un,2001/s/res/1376_2001_#2,jev,semantic,rank1,,,36.0,35.0,,,,
simple,un,2008/s/res/1806_2008_#8,jev,semantic,rank1,,,37.0,37.0,,,,
simple,un,2003/s/res/1466_2003_#3,jev,semantic,rank1,,,36.0,36.0,,,,
simple,un,2008/s/res/1845_2008_#3,jev,lookup,rank1,,,35.0,35.0,,,,
simple,un,2004/s/res/1565_2004_#11,jev,lookup,rank1,,,29.0,,,,,
simple,un,2002/a/res/56/188#8,jev,semantic,rank1,,,33.0,,,,,
simple,un,2005/a/res/60/47#0,jev,lookup,rank1,,,33.0,,,,,
simple,un,2011/s/res/1988_2011_#19,jev,lookup,rank1,,,34.0,34.0,,,,
simple,un,2004/a/res/59/61#0,jev,lookup,rank1,,,33.0,33.0,,,,
simple,un,2013/a/res/67/145#7,jev,semantic,rank1,,,34.0,34.0,,,,
simple,un,2003/a/res/58/298#4,jev,lookup,rank1,,,39.0,39.0,,,,
simple,un,2003/a/res/57/300#10,jev,lookup,rank1,,,37.0,37.0,,,,
simple,un,2013/a/res/67/222#6,jev,semantic,rank1,,,36.0,,,,,
simple,un,2003/a/res/57/137#1,jev,semantic,rank1,,,33.0,33.0,,,,
simple,un,2014/s/res/2140__2014_#13,jev,lookup,rank1,,,36.0,36.0,,,,
simple,un,2004/a/c_2/58/sr_24#18,jev,semantic,rank1,,,31.0,31.0,,,,
simple,un,2008/cd/pv_1097#14,jev,semantic,rank1,,,34.0,33.0,,,,
simple,un,2006/a/c_5/60/sr_64#14,jev,semantic,rank1,,,37.0,,,,,
simple,un,2001/cedaw/c/sr_451#4,jev,semantic,rank1,,,35.0,,,,,
simple,un,2008/a/ac_109/2008/sr_2#1,jev,lookup,rank1,,,34.0,,,,,
simple,un,2010/ccpr/c/sr_2695#25,jev,semantic,rank1,,,33.0,33.0,,,,
simple,un,2007/gc_12/c_1/sr_1#10,jev,semantic,rank1,,,36.0,36.0,,,,
simple,un,2006/cedaw/c/sr_724#18,jev,semantic,rank1,,,33.0,32.0,,,,
simple,un,2005/cd/pv_983#13,jev,semantic,rank1,,,35.0,35.0,,,,
simple,un,1998/gc_7/c_1/sr_5#16,jev,semantic,rank1,,,34.0,32.0,,,,
simple,un,2006/ccw/conf_iii/sr_2#8,jev,semantic,rank1,,,35.0,35.0,,,,
simple,un,2001/cd/pv_880#1,jev,semantic,rank1,,,35.0,35.0,,,,
simple,un,2010/a/cn_9/sr_917#10,jev,semantic,rank1,,,35.0,,,,,
simple,un,2003/a/58/pv_1#15,jev,semantic,rank1,,,33.0,33.0,,,,
simple,un,2007/cedaw/c/sr_770_b_#18,jev,semantic,rank1,,,36.0,36.0,,,,
simple,un,2002/a/c_4/57/sr_18#15,jev,semantic,rank1,,,34.0,,,,,
simple,un,2007/cedaw/c/sr_778#5,jev,semantic,rank1,,,35.0,35.0,,,,
simple,un,2000/cd/pv_841#11,jev,semantic,rank1,,,35.0,,,,,
simple,un,1999/cedaw/c/sr_434#16,jev,semantic,rank1,,,35.0,,,,,
simple,un,2009/a/ac_109/2009/sr_7#4,jev,semantic,rank1,,,36.0,29.0,,,,
simple,un,2008/s/2008/774#11,jev,semantic,rank1,,,34.0,,,,,
simple,un,2012/s/2012/718#7,jev,semantic,rank1,,,31.0,,,,,
simple,un,1998/s/1998/458#1,jev,semantic,rank1,,,31.0,31.0,,,,
simple,un,2004/s/2004/505#15,jev,lookup,rank1,,,37.0,,,,,
simple,un,2004/s/2004/674#6,jev,semantic,rank1,,,34.0,34.0,,,,
