version,corpus,backend,targets,skips,errors,native_rank1_missing_routed_targets,common_native_rank1_regret_mean,common_native_rank1_missed_usable_targets,legacy_best_n,legacy_best_mean,legacy_best_accepted_n,legacy_best_accepted_mean,common_best_any_n,common_best_any_mean,common_best_usable_n,common_best_usable_mean,common_native_rank1_n,common_native_rank1_mean,common_native_rank1_usable_n,common_native_rank1_usable_mean
baseline,eurlex,generator,50,11,0,1,0.25,0,38,33.05263157894737,35,32.82857142857143,27,22.555555555555557,27,22.555555555555557,24,22.541666666666668,24,22.541666666666668
baseline,eurlex,jev,50,10,0,1,0.4166666666666667,0,39,35.43589743589744,37,35.54054054054054,29,23.103448275862068,29,23.103448275862068,24,23.125,24,23.125
baseline,un,generator,50,0,0,5,0.0,0,45,29.844444444444445,25,31.04,2,22.0,1,24.0,2,22.0,1,24.0
baseline,un,jev,50,9,0,3,0.0,0,38,30.44736842105263,27,31.11111111111111,2,22.0,1,24.0,2,22.0,1,24.0
debiased,eurlex,generator,50,11,0,1,0.4642857142857143,0,38,35.13157894736842,34,35.5,29,22.75862068965517,28,22.857142857142858,28,22.392857142857142,27,22.48148148148148
debiased,eurlex,jev,50,10,0,1,0.7692307692307693,0,39,35.743589743589745,38,35.89473684210526,29,23.24137931034483,29,23.24137931034483,26,22.423076923076923,26,22.423076923076923
debiased,un,generator,50,0,0,0,0.0,0,50,34.02,39,34.61538461538461,2,22.5,2,22.5,1,23.0,1,23.0
debiased,un,jev,50,0,0,0,,0,50,33.2,29,33.93103448275862,2,19.5,2,19.5,0,,0,
simple,eurlex,generator,50,12,0,0,1.1153846153846154,4,38,34.05263157894737,31,33.32258064516129,28,22.821428571428573,27,22.962962962962962,26,21.846153846153847,22,22.545454545454547
simple,eurlex,jev,50,5,0,6,1.2083333333333333,4,39,34.794871794871796,33,34.57575757575758,26,23.076923076923077,26,23.076923076923077,24,21.833333333333332,20,22.55
simple,un,generator,50,0,0,0,0.0,0,49,34.285714285714285,35,34.22857142857143,1,23.0,1,23.0,1,23.0,1,23.0
simple,un,jev,50,0,0,0,,0,50,34.5,35,34.25714285714286,0,,0,,0,,0,
