corpus,target_id,symbol,is_meeting,jev_previous_mode,jev_updated_mode,jev_choice_changed,jev_previous_confidence,jev_updated_confidence,jev_previous_selected_score,jev_updated_selected_score,jev_previous_choice_on_updated_scores_zero_if_unavailable,jev_updated_choice_gain_on_updated_scores,generator_previous_mode,generator_updated_mode,generator_choice_changed,generator_previous_confidence,generator_updated_confidence,generator_previous_selected_score,generator_updated_selected_score,generator_previous_choice_on_updated_scores_zero_if_unavailable,generator_updated_choice_gain_on_updated_scores
un,2012/e/res/2012/31#3,E/RES/2012/31,False,semantic,semantic,False,0.68,0.27,28,29,29.0,0.0,semantic,semantic,False,,,28,29,29.0,0.0
un,2005/a/res/60/163#4,A/RES/60/163,False,semantic,skip,True,0.4,0.56,31,,0.0,0.0,semantic,semantic,False,,,31,,0.0,0.0
un,2001/s/res/1353_2001_#8,S/RES/1353(2001),False,lookup,practitioner,True,0.31,0.37,32,31,32.0,-1.0,lookup,lookup,False,,,32,32,32.0,0.0
un,2002/a/res/56/160#6,A/RES/56/160,False,practitioner,practitioner,False,0.17,0.32,28,31,31.0,0.0,lookup,lookup,False,,,,34,34.0,0.0
un,1997/a/res/52/56#10,A/RES/52/56,False,lookup,lookup,False,0.51,0.49,32,27,27.0,0.0,lookup,practitioner,True,,,32,28,27.0,1.0
un,2001/a/res/55/201#6,A/RES/55/201,False,lookup,practitioner,True,0.39,0.33,,,0.0,0.0,lookup,semantic,True,,,,,0.0,0.0
un,2014/a/res/68/188#7,A/RES/68/188,False,semantic,skip,True,0.42,0.28,30,,30.0,-30.0,semantic,semantic,False,,,30,30,30.0,0.0
un,2013/a/hrc/dec/24/117#0,A/HRC/DEC/24/117,False,lookup,skip,True,0.3,0.33,,,27.0,-27.0,semantic,skip,True,,,,,0.0,0.0
un,2002/a/res/57/326#1,A/RES/57/326,False,lookup,practitioner,True,0.48,0.5,31,33,32.0,1.0,lookup,lookup,False,,,31,32,32.0,0.0
un,2003/a/res/57/97#3,A/RES/57/97,False,lookup,practitioner,True,0.39,0.41,32,29,33.0,-4.0,lookup,lookup,False,,,32,33,33.0,0.0
un,2010/a/res/64/251#1,A/RES/64/251,False,semantic,semantic,False,0.77,0.38,32,31,31.0,0.0,semantic,semantic,False,,,32,31,31.0,0.0
un,2005/a/res/60/140#5,A/RES/60/140,False,lookup,lookup,False,0.16,0.08,28,,0.0,0.0,semantic,semantic,False,,,,,0.0,0.0
un,2011/a/res/65/133#13,A/RES/65/133,False,semantic,practitioner,True,0.14,0.22,33,28,31.0,-3.0,practitioner,practitioner,False,,,28,28,28.0,0.0
un,2011/a/res/65/141#10,A/RES/65/141,False,lookup,practitioner,True,0.69,0.43,30,32,30.0,2.0,lookup,semantic,True,,,30,28,30.0,-2.0
un,2006/a/res/61/173#1,A/RES/61/173,False,semantic,skip,True,0.61,0.11,29,,29.0,-29.0,lookup,lookup,False,,,,25,25.0,0.0
un,2008/s/res/1814_2008_#13,S/RES/1814(2008),False,lookup,lookup,False,0.57,0.3,30,30,30.0,0.0,lookup,lookup,False,,,30,30,30.0,0.0
un,2014/e/res/2014/23#3,E/RES/2014/23,False,semantic,semantic,False,0.69,0.45,31,31,31.0,0.0,lookup,semantic,True,,,,31,0.0,31.0
un,2003/a/res/57/124#2,A/RES/57/124,False,lookup,practitioner,True,0.33,0.33,29,31,31.0,0.0,semantic,lookup,True,,,31,31,30.0,1.0
un,2011/a/res/65/178#8,A/RES/65/178,False,semantic,semantic,False,0.5,0.31,30,30,30.0,0.0,semantic,semantic,False,,,30,30,30.0,0.0
un,2003/a/res/57/183#9,A/RES/57/183,False,semantic,practitioner,True,0.51,0.25,32,31,31.0,0.0,lookup,lookup,False,,,31,31,31.0,0.0
un,2014/a/hrc/res/25/6#7,A/HRC/RES/25/6,False,practitioner,practitioner,False,0.17,0.17,28,28,28.0,0.0,lookup,lookup,False,,,25,27,27.0,0.0
un,2005/a/res/60/129#8,A/RES/60/129,False,practitioner,practitioner,False,0.34,0.43,,28,28.0,0.0,semantic,practitioner,True,,,30,28,29.0,-1.0
un,2013/a/res/67/276#2,A/RES/67/276,False,semantic,skip,True,0.28,0.14,30,,28.0,-28.0,practitioner,practitioner,False,,,,32,32.0,0.0
un,2006/s/res/1663_2006_#1,S/RES/1663(2006),False,semantic,semantic,False,0.6,0.23,32,31,31.0,0.0,semantic,semantic,False,,,32,31,31.0,0.0
un,2008/s/res/1826_2008_#5,S/RES/1826(2008),False,lookup,lookup,False,0.64,0.32,33,34,34.0,0.0,lookup,lookup,False,,,33,34,34.0,0.0
un,2007/cedaw/c/sr_806_a_#12,CEDAW/C/SR(806.A),True,semantic,practitioner,True,0.67,0.45,32,30,32.0,-2.0,semantic,practitioner,True,,,32,30,32.0,-2.0
un,2009/cd/pv_1154#3,CD/PV.1154,True,semantic,practitioner,True,0.56,0.73,33,29,35.0,-6.0,semantic,semantic,False,,,33,35,35.0,0.0
un,1999/cedaw/c/sr_438#8,CEDAW/C/SR.438,True,semantic,practitioner,True,0.58,0.3,34,31,35.0,-4.0,semantic,semantic,False,,,34,35,35.0,0.0
un,2008/cd/pv_1117#7,CD/PV.1117,True,skip,skip,False,0.87,0.47,,,0.0,0.0,skip,skip,False,,,,,0.0,0.0
un,2011/cd/pv_1222#13,CD/PV.1222,True,skip,skip,False,0.83,0.32,,,0.0,0.0,skip,skip,False,,,,,0.0,0.0
un,1999/a/c_3/54/sr_31#11,A/C.3/54/SR.31,True,semantic,semantic,False,0.79,0.69,34,32,32.0,0.0,semantic,semantic,False,,,34,32,32.0,0.0
un,2004/a/c_5/58/sr_45#2,A/C.5/58/SR.45,True,semantic,practitioner,True,0.47,0.35,33,32,34.0,-2.0,semantic,semantic,False,,,33,34,34.0,0.0
un,2009/a/ac_109/2009/sr_4#6,A/AC.109/2009/SR.4,True,semantic,semantic,False,0.87,0.46,31,28,28.0,0.0,semantic,semantic,False,,,31,28,28.0,0.0
un,2012/a/c_3/66/sr_22#7,A/C.3/66/SR.22,True,semantic,practitioner,True,0.7,0.31,34,32,30.0,2.0,semantic,semantic,False,,,34,30,30.0,0.0
un,2000/cd/pv_844#0,CD/PV.844,True,skip,skip,False,0.87,0.73,,,0.0,0.0,skip,skip,False,,,,,0.0,0.0
un,2005/a/59/pv_84#8,A/59/PV.84,True,semantic,semantic,False,0.78,0.84,27,32,32.0,0.0,semantic,semantic,False,,,27,32,32.0,0.0
un,2014/a/c_3/69/sr_43#7,A/C.3/69/SR.43,True,semantic,semantic,False,0.78,0.55,31,29,29.0,0.0,semantic,semantic,False,,,31,29,29.0,0.0
un,2007/a/cn_9/sr_845#7,A/CN.9/SR.845,True,semantic,practitioner,True,0.41,0.47,30,,30.0,-30.0,semantic,lookup,True,,,30,32,30.0,2.0
un,2006/a/c_4/61/sr_13#7,A/C.4/61/SR.13,True,semantic,semantic,False,0.66,0.55,29,33,33.0,0.0,semantic,semantic,False,,,29,33,33.0,0.0
un,2002/cedaw/c/sr_560#20,CEDAW/C/SR.560,True,semantic,practitioner,True,0.43,0.21,31,31,33.0,-2.0,semantic,semantic,False,,,31,33,33.0,0.0
un,2007/a/cn_9/sr_841#21,A/CN.9/SR.841,True,semantic,semantic,False,0.55,0.18,28,24,24.0,0.0,semantic,lookup,True,,,28,31,24.0,7.0
un,2007/cd/pv_1063#7,CD/PV.1063,True,skip,practitioner,True,0.7,0.15,,,0.0,0.0,semantic,semantic,False,,,28,26,26.0,0.0
un,2014/gc_15/sr_9#10,GC.15/SR.9,True,skip,skip,False,0.75,0.16,,,0.0,0.0,semantic,semantic,False,,,30,,0.0,0.0
un,2009/a/c_2/64/sr_16#3,A/C.2/64/SR.16,True,semantic,semantic,False,0.38,0.17,31,32,32.0,0.0,semantic,semantic,False,,,31,32,32.0,0.0
un,2010/a/cn_9/sr_902#16,A/CN.9/SR.902,True,semantic,practitioner,True,0.66,0.22,,,0.0,0.0,semantic,skip,True,,,,,0.0,0.0
un,2009/s/2009/658#0,S/2009/658,False,semantic,practitioner,True,0.61,0.22,31,27,32.0,-5.0,semantic,lookup,True,,,31,34,32.0,2.0
un,2002/a/c_5/56/46#12,A/C.5/56/46,False,lookup,practitioner,True,0.16,0.58,31,31,32.0,-1.0,lookup,lookup,False,,,31,32,32.0,0.0
un,2006/s/2006/724#6,S/2006/724,False,semantic,practitioner,True,0.24,0.28,27,27,28.0,-1.0,semantic,lookup,True,,,27,28,28.0,0.0
un,2004/s/2004/933#2,S/2004/933,False,semantic,semantic,False,0.77,0.3,31,32,32.0,0.0,semantic,semantic,False,,,31,32,32.0,0.0
un,2011/s/2011/16#3,S/2011/16,False,semantic,semantic,False,0.91,0.75,31,30,30.0,0.0,semantic,semantic,False,,,31,30,30.0,0.0
