subset,generator_mode,jev_mode,count
un_all,lookup,lookup,9
un_all,practitioner,lookup,34
un_all,conceptual,lookup,4
un_all,lookup,skip,1
un_all,practitioner,comparison,1
un_all,practitioner,conceptual,1
un_without_meetings,lookup,lookup,9
un_without_meetings,practitioner,lookup,19
un_without_meetings,conceptual,lookup,2
un_meetings_only,practitioner,lookup,15
un_meetings_only,conceptual,lookup,2
un_meetings_only,lookup,skip,1
un_meetings_only,practitioner,comparison,1
un_meetings_only,practitioner,conceptual,1
eurlex_all,skip,skip,11
eurlex_all,lookup,lookup,35
eurlex_all,lookup,conceptual,1
eurlex_all,conceptual,skip,1
eurlex_all,fact_pattern,lookup,1
eurlex_all,conceptual,lookup,1
