corpus,document,target_id,is_meeting,previous_choice,updated_choice,previous_choice_score_using_updated_grades,updated_choice_score_using_updated_grades,comparison_status,score_change,outcome,previous_confidence,updated_confidence
un,A/RES/60/163,2005/a/res/60/163#4,False,semantic,skip,,,abstention,,not_compared,0.4,0.56
un,S/RES/1353(2001),2001/s/res/1353_2001_#8,False,lookup,practitioner,32,31,paired_scores,-1.0,worse,0.31,0.37
un,A/RES/55/201,2001/a/res/55/201#6,False,lookup,practitioner,,,no_qualifying_candidate,,not_compared,0.39,0.33
un,A/RES/68/188,2014/a/res/68/188#7,False,semantic,skip,30,,abstention,,not_compared,0.42,0.28
un,A/HRC/DEC/24/117,2013/a/hrc/dec/24/117#0,False,lookup,skip,27,,abstention,,not_compared,0.3,0.33
un,A/RES/57/326,2002/a/res/57/326#1,False,lookup,practitioner,32,33,paired_scores,1.0,better,0.48,0.5
un,A/RES/57/97,2003/a/res/57/97#3,False,lookup,practitioner,33,29,paired_scores,-4.0,worse,0.39,0.41
un,A/RES/65/133,2011/a/res/65/133#13,False,semantic,practitioner,31,28,paired_scores,-3.0,worse,0.14,0.22
un,A/RES/65/141,2011/a/res/65/141#10,False,lookup,practitioner,30,32,paired_scores,2.0,better,0.69,0.43
un,A/RES/61/173,2006/a/res/61/173#1,False,semantic,skip,29,,abstention,,not_compared,0.61,0.11
un,A/RES/57/124,2003/a/res/57/124#2,False,lookup,practitioner,31,31,paired_scores,0.0,tied,0.33,0.33
un,A/RES/57/183,2003/a/res/57/183#9,False,semantic,practitioner,31,31,paired_scores,0.0,tied,0.51,0.25
un,A/RES/67/276,2013/a/res/67/276#2,False,semantic,skip,28,,abstention,,not_compared,0.28,0.14
un,CEDAW/C/SR(806.A),2007/cedaw/c/sr_806_a_#12,True,semantic,practitioner,32,30,paired_scores,-2.0,worse,0.67,0.45
un,CD/PV.1154,2009/cd/pv_1154#3,True,semantic,practitioner,35,29,paired_scores,-6.0,worse,0.56,0.73
un,CEDAW/C/SR.438,1999/cedaw/c/sr_438#8,True,semantic,practitioner,35,31,paired_scores,-4.0,worse,0.58,0.3
un,A/C.5/58/SR.45,2004/a/c_5/58/sr_45#2,True,semantic,practitioner,34,32,paired_scores,-2.0,worse,0.47,0.35
un,A/C.3/66/SR.22,2012/a/c_3/66/sr_22#7,True,semantic,practitioner,30,32,paired_scores,2.0,better,0.7,0.31
un,A/CN.9/SR.845,2007/a/cn_9/sr_845#7,True,semantic,practitioner,30,,no_qualifying_candidate,,not_compared,0.41,0.47
un,CEDAW/C/SR.560,2002/cedaw/c/sr_560#20,True,semantic,practitioner,33,31,paired_scores,-2.0,worse,0.43,0.21
un,CD/PV.1063,2007/cd/pv_1063#7,True,skip,practitioner,,,abstention,,not_compared,0.7,0.15
un,A/CN.9/SR.902,2010/a/cn_9/sr_902#16,True,semantic,practitioner,,,no_qualifying_candidate,,not_compared,0.66,0.22
un,S/2009/658,2009/s/2009/658#0,False,semantic,practitioner,32,27,paired_scores,-5.0,worse,0.61,0.22
un,A/C.5/56/46,2002/a/c_5/56/46#12,False,lookup,practitioner,32,31,paired_scores,-1.0,worse,0.16,0.58
un,S/2006/724,2006/s/2006/724#6,False,semantic,practitioner,28,27,paired_scores,-1.0,worse,0.24,0.28
eurlex,32010L0065,http://data.europa.eu/eli/dir/2010/65/art_4/oj,False,lookup,fact_pattern,35,34,paired_scores,-1.0,worse,0.67,0.41
eurlex,32014R0508,http://data.europa.eu/eli/reg/2014/508/art_42/oj,False,lookup,fact_pattern,35,36,paired_scores,1.0,better,0.58,0.27
eurlex,32011R0543,http://data.europa.eu/eli/reg_impl/2011/543/art_17/oj,False,lookup,fact_pattern,34,36,paired_scores,2.0,better,0.58,0.31
