version,subset,backend,n,complete_comparisons,routed,scored_selected,skipped,missed_score_opportunities,selected_mode_unproductive_despite_alternative,oracle_available,matches_oracle,mean_selected_score_when_available,mean_regret_when_scored,mean_utility_zero_for_skip_or_no_candidate,mean_audit_clear_utility,mean_oracle_utility
previous,eurlex_all,generator,50,50,45,43,5,1,1,45,17,33.46511627906977,1.8372093023255813,28.78,26.26,31.66
previous,eurlex_all,jev,50,50,45,43,5,1,1,45,39,35.04651162790697,0.2558139534883721,30.14,29.42,31.66
updated,eurlex_all,generator,50,50,46,45,4,0,0,45,22,33.666666666666664,1.5777777777777777,30.3,26.84,31.72
updated,eurlex_all,jev,50,50,45,44,5,1,0,45,32,34.68181818181818,0.5227272727272727,30.52,29.18,31.72
previous,un_all,generator,50,50,47,39,3,2,5,46,29,30.641025641025642,0.6410256410256411,23.9,15.22,28.42
previous,un_all,jev,50,50,45,41,5,4,1,46,31,30.73170731707317,0.5121951219512195,25.2,16.44,28.42
previous,un_without_meetings,generator,30,30,30,23,0,0,5,28,13,30.391304347826086,1.0869565217391304,23.3,13.6,29.1
previous,un_without_meetings,jev,30,30,30,27,0,0,1,28,17,30.444444444444443,0.7777777777777778,27.4,15.633333333333333,29.1
previous,un_meetings_only,generator,20,20,17,16,3,2,0,18,16,31,0,24.8,17.65,27.4
previous,un_meetings_only,jev,20,20,15,14,5,4,0,18,14,31.285714285714285,0,21.9,17.65,27.4
updated,un_all,generator,50,50,45,41,5,4,1,46,28,30.804878048780488,0.7073170731707317,25.26,17.1,28.64
updated,un_all,jev,50,50,41,36,9,7,3,46,15,30.194444444444443,1.5555555555555556,21.74,13.1,28.64
updated,un_without_meetings,generator,30,30,29,26,1,1,0,27,17,30.423076923076923,0.8461538461538461,26.366666666666667,16.6,28
updated,un_without_meetings,jev,30,30,25,23,5,4,0,27,10,30.08695652173913,1.3043478260869565,23.066666666666666,13.366666666666667,28
updated,un_meetings_only,generator,20,20,16,15,4,3,1,19,11,31.466666666666665,0.4666666666666667,23.6,17.85,29.6
updated,un_meetings_only,jev,20,20,16,13,4,3,3,19,5,30.384615384615383,2,19.75,12.7,29.6
