corpus,target_id,document_id,symbol,is_meeting,stratum,mode,eligible,status,error,candidate_count,graded_count,grounded_count,audit_clear_count,mean_candidate_score,best_score,best_faithfulness,best_quality,best_audit_status,best_question,best_answer,audit_clear_best_score,generation_skip_reason
eurlex,http://data.europa.eu/eli/reg/2009/663/art_11/oj,32009R0663,32009R0663,False,no_refs,fact_pattern,True,completed,,2,2,2,1,30.5,33,14,19,clear,"A national authority is administering Community financial assistance for a gas interconnector project, and expenditure has been incurred on the project and on a completed section of it. What financial and oversight tasks must the Member State carry out?",undertake the technical monitoring and financial control of projects in close cooperation with the Commission and shall certify the amount and the conformity with this Regulation of the expenditure incurred in respect of projects or parts of projects,33,
eurlex,http://data.europa.eu/eli/reg/2009/663/art_11/oj,32009R0663,32009R0663,False,no_refs,lookup,True,completed,,3,3,3,3,34.666666666666664,35,15,20,clear,"For gas and electricity infrastructure projects receiving Community financial assistance, what must Member States certify about project expenditure?",the amount and the conformity with this Regulation of the expenditure incurred in respect of projects or parts of projects,35,
eurlex,http://data.europa.eu/eli/reg/2012/1219/art_13/oj,32012R1219,32012R1219,False,no_refs,fact_pattern,True,completed,,3,3,3,3,31.666666666666668,33,14,19,minor_issues,A ministry handling a Member State’s bilateral investment agreement with a third country is preparing to activate a dispute-settlement mechanism against the third country. What must it obtain before doing so?,seek the agreement of the Commission before activating any relevant mechanisms for dispute settlement against a third country included in the bilateral investment agreement,33,
eurlex,http://data.europa.eu/eli/reg/2012/1219/art_13/oj,32012R1219,32012R1219,False,no_refs,lookup,True,completed,,3,3,3,3,34,35,15,20,clear,What meeting-related material must a Member State provide to the Commission for a bilateral investment agreement with a third country?,the agenda and all relevant information permitting an understanding of the topics to be discussed at those meetings,35,
eurlex,http://data.europa.eu/eli/reg/2013/1305/art_1/oj,32013R1305,32013R1305,False,no_refs,fact_pattern,True,completed,,1,1,1,0,29,29,13,16,review,"A farmers’ cooperative is preparing an application for Union support to diversify its rural business, and the proposed funding would come from the European Agricultural Fund for Rural Development. Does the EU rural-development framework cover this application?","general rules governing Union support for rural development, financed by the European Agricultural Fund for Rural Development (""the EAFRD"")",,
eurlex,http://data.europa.eu/eli/reg/2013/1305/art_1/oj,32013R1305,32013R1305,False,no_refs,lookup,True,no_candidates,,0,0,0,0,,,,,,,,,subject-matter clause only
eurlex,http://data.europa.eu/eli/reg/2009/470/art_5/oj,32009R0470,32009R0470,False,no_refs,fact_pattern,True,completed,,1,1,1,1,31,31,14,17,minor_issues,"A veterinary pharmaceutical company is seeking authorisation for a medicinal product to treat a condition affecting food-producing cattle. During the scientific risk assessment, an applicable maximum residue limit exists for the active substance in bovine muscle, while another exists for the same substance in a foodstuff from pigs. What use of those limits must be considered when assessing the product and drawing up risk-management recommendations?","consider using maximum residue limits established for a pharmacologically active substance in a particular foodstuff for another foodstuff derived from the same species, or maximum residue limits established for a pharmacologically active substance in one or more species for other species",31,
eurlex,http://data.europa.eu/eli/reg/2009/470/art_5/oj,32009R0470,32009R0470,False,no_refs,lookup,True,completed,,2,2,2,2,33.5,34,15,19,minor_issues,At what stages must the Agency consider extrapolating maximum residue limits in relation to authorised veterinary medicinal products for conditions affecting food-producing animals?,when carrying out scientific risk assessments and when drawing up risk management recommendations,34,
eurlex,http://data.europa.eu/eli/dir/2014/25/art_28/oj,32014L0025,32014L0025,False,no_refs,fact_pattern,True,completed,,3,3,3,3,31,33,12,21,clear,"A contracting authority operating a municipal water network plans to award a contract to a public-law company. It has decisive influence over the company's strategy and significant decisions, 85 % of the company's activities concern tasks entrusted by that authority, and the company has no direct private capital participation. Can the contract be awarded without applying the procurement rules?","A contract awarded by a contracting authority to a legal person governed by private or public law shall fall outside the scope of this Directive where all of the following conditions are fulfilled:

(a)
the contracting authority exercises over the legal person concerned a control which is similar to that which it exercises over its own departments;

(b)
more than 80 % of the activities of the controlled legal person are carried out in the performance of tasks entrusted to it by the controlling contracting authority or by other legal persons controlled by that contracting authority;

(c)
there is no direct private capital participation in the controlled legal person with the exception of non-controlling and non-blocking forms of private capital participation required by national legislative provisions, in conformity with the Treaties, which do not exert a decisive influence on the controlled legal person.",33,
eurlex,http://data.europa.eu/eli/dir/2014/25/art_28/oj,32014L0025,32014L0025,False,no_refs,lookup,True,completed,,3,3,3,3,31.333333333333332,32,14,18,clear,"What share of the activities covered by cooperation between contracting authorities operating in the water, energy, transport and postal services sectors may those authorities perform on the open market for the cooperation contract to fall outside the scope of the procurement rules?",less than 20 % of the activities concerned by the cooperation,32,
eurlex,http://data.europa.eu/eli/reg_del/2013/153/art_18/oj,32013R0153,32013R0153,False,no_refs,fact_pattern,True,completed,,3,3,3,2,31.666666666666668,34,13,21,clear,A CCP relies on an external electricity supplier and a telecommunications provider for its clearing operations. What must it do to manage those dependencies?,take action to manage such dependencies through appropriate contractual and organisational arrangements,34,
eurlex,http://data.europa.eu/eli/reg_del/2013/153/art_18/oj,32013R0153,32013R0153,False,no_refs,lookup,True,completed,,3,3,3,3,37,38,15,23,clear,How often must a central counterparty review its business impact analysis and scenario analysis?,at least on an annual basis and following an incident or significant organisational changes,38,
eurlex,http://data.europa.eu/eli/reg/2010/407/art_9/oj,32010R0407,32010R0407,False,no_refs,fact_pattern,True,no_candidates,,0,0,0,0,,,,,,,,,Institutional Commission reporting and review clause
eurlex,http://data.europa.eu/eli/reg/2010/407/art_9/oj,32010R0407,32010R0407,False,no_refs,lookup,True,no_candidates,,0,0,0,0,,,,,,,,,boilerplate clause only
eurlex,http://data.europa.eu/eli/reg/2013/1303/art_123/oj,32013R1303,32013R1303,False,no_refs,fact_pattern,True,completed,,3,3,3,2,30.333333333333332,32,13,19,minor_issues,"A regional public authority has already been designated as the managing authority for an operational programme, and the national administration is considering giving that same authority the certifying functions as well. Is that designation permitted?","The Member State may designate for an operational programme a managing authority, which is a public authority or body, to carry out, in addition, the functions of the certifying authority.",32,
eurlex,http://data.europa.eu/eli/reg/2013/1303/art_123/oj,32013R1303,32013R1303,False,no_refs,lookup,True,completed,,3,3,3,3,34.666666666666664,37,15,22,clear,From which authorities must the audit authority for an operational programme under the EU cohesion-policy Funds be functionally independent?,the managing authority and the certifying authority,37,
eurlex,http://data.europa.eu/eli/reg/2012/1151/art_9/oj,32012R1151,32012R1151,False,no_refs,fact_pattern,True,completed,,3,3,3,2,31.666666666666668,34,14,20,clear,A national authority has granted transitional national protection to the name of a regional cheese after an application for registration was lodged with the Commission on 1 June 2026. The application is still pending. What event ends that protection?,the date on which either a decision on registration under this Regulation is taken or the application is withdrawn,34,
eurlex,http://data.europa.eu/eli/reg/2012/1151/art_9/oj,32012R1151,32012R1151,False,no_refs,lookup,True,completed,,3,3,3,3,35,38,15,23,clear,When does transitional national protection for a name under EU quality schemes for agricultural products and foodstuffs cease?,Such national protection shall cease on the date on which either a decision on registration under this Regulation is taken or the application is withdrawn.,38,
eurlex,http://data.europa.eu/eli/reg/2009/1071/art_2/oj,32009R1071,32009R1071,False,no_refs,fact_pattern,True,completed,,3,3,3,2,29,29,13,16,minor_issues,A Polish undertaking transports goods for hire or reward using combinations of vehicles. Does this activity count as the occupation of road haulage operator?,the activity of any undertaking transporting goods for hire or reward by means either of motor vehicles or combinations of vehicles,29,
eurlex,http://data.europa.eu/eli/reg/2009/1071/art_2/oj,32009R1071,32009R1071,False,no_refs,lookup,True,completed,,3,3,3,3,33,34,14,20,clear,What activity falls within the occupation of road haulage operator?,the activity of any undertaking transporting goods for hire or reward by means either of motor vehicles or combinations of vehicles,34,
eurlex,http://data.europa.eu/eli/dir/2013/59/art_56/oj,32013L0059,32013L0059,False,no_refs,fact_pattern,True,completed,,3,3,3,3,31.666666666666668,34,13,21,clear,A patient is due to undergo therapeutic treatment with radionuclides at a clinic and will leave the clinic afterwards. By when must the clinic hand over the written radiation-safety instructions?,before leaving the hospital or clinic or a similar institution,34,
eurlex,http://data.europa.eu/eli/dir/2013/59/art_56/oj,32013L0059,32013L0059,False,no_refs,lookup,True,completed,,3,3,3,3,33.333333333333336,36,14,22,clear,By when must instructions for restricting radiation doses to persons in contact with a patient undergoing treatment or diagnosis with radionuclides be handed to the patient or their representative?,before leaving the hospital or clinic or a similar institution,36,
eurlex,http://data.europa.eu/eli/reg/2013/1315/art_46/oj,32013R1315,32013R1315,False,no_refs,fact_pattern,True,completed,,3,3,3,2,31.333333333333332,34,14,20,minor_issues,"A transport ministry in France is preparing governance arrangements for a core network corridor running through France and Belgium, but France and Belgium have not agreed on the proposed Corridor Forum. What condition applies to establishing and chairing it?","In agreement with the Member States concerned, the Corridor Forum shall be established and chaired by the European Coordinator.",34,
eurlex,http://data.europa.eu/eli/reg/2013/1315/art_46/oj,32013R1315,32013R1315,False,no_refs,lookup,True,completed,,3,3,3,2,32.666666666666664,34,14,20,clear,Which bodies assist the European Coordinator with the work plan and its implementation for each core network corridor?,a secretariat and by a consultative forum (the Corridor Forum),34,
eurlex,http://data.europa.eu/eli/dir/2007/5/art_2/oj,32007L0005,32007L0005,False,no_refs,fact_pattern,True,no_candidates,,0,0,0,0,,,,,,,,,boilerplate transposition and application provisions only
eurlex,http://data.europa.eu/eli/dir/2007/5/art_2/oj,32007L0005,32007L0005,False,no_refs,lookup,True,no_candidates,,0,0,0,0,,,,,,,,,boilerplate clause only
eurlex,http://data.europa.eu/eli/reg/2004/796/art_68/oj,32004R0796,32004R0796,False,no_refs,fact_pattern,True,completed,,2,2,2,0,29.5,32,14,18,repair,A farmer discovers that part of an aid application is incorrect and informs the competent authority in writing before being told that an on-the-spot check will take place; the authority has also not notified him of any irregularity. What effect does that information have on the application?,The information given by the farmer as referred to in the first subparagraph shall have the effect that the aid application is adjusted to the actual situation.,,
eurlex,http://data.europa.eu/eli/reg/2004/796/art_68/oj,32004R0796,32004R0796,False,no_refs,lookup,True,completed,,3,3,3,2,30.666666666666668,32,13,19,minor_issues,What is the effect of a farmer's written notice that an aid application under the integrated administration and control system for direct support schemes under the common agricultural policy is incorrect or has become incorrect?,The information given by the farmer as referred to in the first subparagraph shall have the effect that the aid application is adjusted to the actual situation.,32,
eurlex,http://data.europa.eu/eli/reg/2013/952/art_6/oj,32013R0952,32013R0952,False,no_refs,fact_pattern,True,completed,,3,3,3,2,30.333333333333332,33,13,20,clear,A customs authority and an economic operator are exchanging an import declaration and storing the related information as part of customs formalities. Which means must they use for the exchange and storage?,using electronic data-processing techniques,33,
eurlex,http://data.europa.eu/eli/reg/2013/952/art_6/oj,32013R0952,32013R0952,False,no_refs,lookup,True,completed,,3,3,3,3,33.666666666666664,35,15,20,clear,When may non-electronic means be used on a permanent basis for customs formalities?,where duly justified by the type of traffic or where the use of electronic data-processing techniques is not appropriate for the customs formalities concerned,35,
eurlex,http://data.europa.eu/eli/dir/2010/13/art_13/oj,32010L0013,32010L0013,False,no_refs,fact_pattern,True,completed,,1,1,1,1,33,33,14,19,clear,"A media service provider under Belgian jurisdiction runs an on-demand audiovisual media service offering films and series through a catalogue, but makes no financial contribution to European productions and gives no European works special prominence. What must the service do?","promote, where practicable and by appropriate means, the production of and access to European works",33,
eurlex,http://data.europa.eu/eli/dir/2010/13/art_13/oj,32010L0013,32010L0013,False,no_refs,lookup,True,completed,,3,3,3,2,32,35,14,21,clear,By when and at what interval must Member States report to the European Commission on how on-demand audiovisual media services promote European works?,no later than 19 December 2011 and every 4 years thereafter,35,
eurlex,http://data.europa.eu/eli/reg/2010/113/art_6/oj,32010R0113,32010R0113,False,no_refs,fact_pattern,True,completed,,3,3,3,1,29.666666666666668,30,13,17,repair,"A national statistical authority is compiling external-trade statistics for goods imported from a non-member country and goods exported to one, and it needs to record the importing and exporting Member States. How must those data be coded?",in accordance with the nomenclature of countries and territories for the external trade statistics of the European Union and statistics of trade between Member States as laid down by the Commission,30,
eurlex,http://data.europa.eu/eli/reg/2010/113/art_6/oj,32010R0113,32010R0113,False,no_refs,lookup,True,completed,,3,3,3,3,34.333333333333336,36,15,21,clear,"For imports recorded in the external trade statistics of the European Union, which Member State is the destination when goods are imported for processing under customs supervision?",the Member State where the first processing activity is carried out,36,
eurlex,http://data.europa.eu/eli/reg_del/2013/885/art_2/oj,32013R0885,32013R0885,False,no_refs,fact_pattern,True,completed,,3,3,3,2,34,35,13,22,minor_issues,A private company aggregates parking data from truck parking operators and makes the resulting service available through a mobile application to truck drivers and hauliers. Does the company qualify as a service provider?,any public or private body that provides the information service to users,35,
eurlex,http://data.europa.eu/eli/reg_del/2013/885/art_2/oj,32013R0885,32013R0885,False,no_refs,lookup,True,completed,,3,3,3,3,34.333333333333336,37,15,22,clear,What is a “priority zone” in the information regime for safe and secure parking places for trucks and commercial vehicles?,"a section, as defined by the national authorities, where there is a shortage of spaces at one or several safe and secure parking places, which can be alleviated by providing information on other unused parking capacities in the same zone",37,
eurlex,http://data.europa.eu/eli/reg_impl/2011/1034/art_8/oj,32011R1034,32011R1034,False,no_refs,fact_pattern,True,completed,,3,3,3,1,32.666666666666664,34,14,20,minor_issues,A competent authority has completed an audit of an air navigation service organisation and identified non-conformities in its findings. What must the authority do next?,communicate the audit findings to audited organisations and shall simultaneously request corrective actions to address the non-conformities identified,34,
eurlex,http://data.europa.eu/eli/reg_impl/2011/1034/art_8/oj,32011R1034,32011R1034,False,no_refs,lookup,True,completed,,3,3,3,3,33.666666666666664,35,15,20,clear,When may competent authorities accept corrective actions in air traffic management and air navigation services safety oversight?,if the assessment concludes that they are sufficient to address the non-conformities,35,
eurlex,http://data.europa.eu/eli/dir/2014/104/art_1/oj,32014L0104,32014L0104,False,no_refs,fact_pattern,True,completed,,1,1,1,0,28,28,13,15,repair,"A small retailer suffered financial loss after an association of undertakings infringed competition law, and it is preparing a damages action before a national court. Does the EU regime cover its claim?",anyone who has suffered harm caused by an infringement of competition law by an undertaking or by an association of undertakings can effectively exercise the right to claim full compensation for that harm from that undertaking or association,,
eurlex,http://data.europa.eu/eli/dir/2014/104/art_1/oj,32014L0104,32014L0104,False,no_refs,lookup,True,completed,,2,2,2,2,34,34,14,20,clear,Who may claim full compensation in actions for damages under national law for infringements of competition law?,anyone who has suffered harm caused by an infringement of competition law by an undertaking or by an association of undertakings,34,
eurlex,http://data.europa.eu/eli/reg/2007/1566/art_13/oj,32007R1566,32007R1566,False,no_refs,fact_pattern,True,completed,,3,3,3,2,30.666666666666668,32,15,17,minor_issues,"A national fisheries authority maintains the electronic reporting database for fishing vessels flying its flag, and several of those vessels have experienced technical failures in their electronic reporting systems. What vessel information must the database contain?",the list of fishing vessels flying their flag whose electronic reporting systems have experienced technical failure or have failed to function,32,
eurlex,http://data.europa.eu/eli/reg/2007/1566/art_13/oj,32007R1566,32007R1566,False,no_refs,lookup,True,completed,,3,3,3,3,30.333333333333332,32,15,17,minor_issues,What triggers the transmission of summaries about the functioning of Member States’ electronic reporting systems to the Commission?,on its request,32,
eurlex,http://data.europa.eu/eli/reg/2009/987/art_11/oj,32009R0987,32009R0987,False,no_refs,fact_pattern,True,completed,,3,3,3,3,35,37,14,23,clear,"A person covered by EU social-security coordination moved from Portugal to France for employment. The Portuguese and French institutions have considered the duration of the person's presence, work and family ties but still cannot agree on the actual residence. Which consideration is decisive?","the person’s intention, as it appears from such facts and circumstances, especially the reasons that led the person to move, shall be considered to be decisive for establishing that person’s actual place of residence",37,
eurlex,http://data.europa.eu/eli/reg/2009/987/art_11/oj,32009R0987,32009R0987,False,no_refs,lookup,True,completed,,3,3,3,2,32.333333333333336,36,14,22,minor_issues,What becomes decisive for establishing a person's actual place of residence under the EU social security coordination rules if the institutions cannot agree after considering the relevant criteria?,"the person’s intention, as it appears from such facts and circumstances, especially the reasons that led the person to move, shall be considered to be decisive for establishing that person’s actual place of residence",36,
eurlex,http://data.europa.eu/eli/dir/2009/71/art_4/oj,32009L0071,32009L0071,False,no_refs,fact_pattern,True,completed,,3,3,3,2,30,32,14,18,minor_issues,"A national nuclear regulator is helping design the framework for a nuclear installation, and several state bodies will share nuclear-safety responsibilities. What must the framework provide between those bodies?",allocates responsibilities and provides for coordination between relevant state bodies,32,
eurlex,http://data.europa.eu/eli/dir/2009/71/art_4/oj,32009L0071,32009L0071,False,no_refs,lookup,True,completed,,3,3,3,3,31,33,13,20,clear,What enforcement measures must the national framework for nuclear safety of nuclear installations provide for?,"enforcement actions, including suspension of operation and modification or revocation of a licence",33,
eurlex,http://data.europa.eu/eli/dir/2006/24/art_15/oj,32006L0024,32006L0024,False,no_refs,fact_pattern,True,no_candidates,,0,0,0,0,,,,,,,,,transposition and application-date provisions only
eurlex,http://data.europa.eu/eli/dir/2006/24/art_15/oj,32006L0024,32006L0024,False,no_refs,lookup,True,completed,,2,2,2,0,34.5,36,15,21,review,"Until what date may a Member State postpone applying data-retention requirements to communications data relating to Internet Access, Internet telephony and Internet e-mail?",Until 15 March 2009,,
eurlex,http://data.europa.eu/eli/dir/2011/93/art_25/oj,32011L0093,32011L0093,False,no_refs,fact_pattern,True,completed,,3,3,3,1,31,34,15,19,clear,A Belgian child-protection authority identifies web pages containing child pornography hosted on servers outside Belgium. What effort must it make concerning those pages?,endeavour to obtain the removal of such pages hosted outside of their territory,34,
eurlex,http://data.europa.eu/eli/dir/2011/93/art_25/oj,32011L0093,32011L0093,False,no_refs,lookup,True,completed,,3,3,3,3,32,33,14,19,clear,What form of redress must safeguards for blocking access to web pages containing or disseminating child pornography include?,Those safeguards shall also include the possibility of judicial redress,33,
eurlex,http://data.europa.eu/eli/dir/2004/98/art_2/oj,32004L0098,32004L0098,False,no_refs,fact_pattern,True,no_candidates,,0,0,0,0,,,,,,,,,transposition and institutional communication boilerplate only
eurlex,http://data.europa.eu/eli/dir/2004/98/art_2/oj,32004L0098,32004L0098,False,no_refs,lookup,True,no_candidates,,0,0,0,0,,,,,,,,,boilerplate clause only
eurlex,http://data.europa.eu/eli/dir/2007/67/art_2/oj,32007L0067,32007L0067,False,no_refs,fact_pattern,True,no_candidates,,0,0,0,0,,,,,,,,,institutional transposition and communication provisions only
eurlex,http://data.europa.eu/eli/dir/2007/67/art_2/oj,32007L0067,32007L0067,False,no_refs,lookup,True,no_candidates,,0,0,0,0,,,,,,,,,boilerplate clause only
eurlex,http://data.europa.eu/eli/reg/2009/260/art_15/oj,32009R0260,32009R0260,False,no_refs,fact_pattern,True,completed,,3,3,3,3,33,34,15,19,minor_issues,A national import authority is administering Community surveillance for imported bicycle components and is preparing its next monthly communication to the Commission. By when must it send the communication?,within the first 10 days of each month,34,
eurlex,http://data.europa.eu/eli/reg/2009/260/art_15/oj,32009R0260,32009R0260,False,no_refs,lookup,True,completed,,3,3,3,3,34.333333333333336,36,15,21,clear,"In the case of Community or regional surveillance of imports, by when must Member States communicate information to the Commission?",within the first 10 days of each month,36,
eurlex,http://data.europa.eu/eli/dir/2008/52/art_7/oj,32008L0052,32008L0052,False,no_refs,fact_pattern,True,completed,,3,3,3,2,31.666666666666668,32,13,19,minor_issues,A mediator in a commercial mediation is summoned to give evidence in civil judicial proceedings about information arising from that mediation. Neither party has agreed to different confidentiality terms. Can the court compel the mediator to testify?,neither mediators nor those involved in the administration of the mediation process shall be compelled to give evidence in civil and commercial judicial proceedings or arbitration regarding information arising out of or in connection with a mediation process,32,
eurlex,http://data.europa.eu/eli/dir/2008/52/art_7/oj,32008L0052,32008L0052,False,no_refs,lookup,True,completed,,3,3,3,3,34.666666666666664,38,15,23,clear,When may the content of an agreement resulting from mediation in civil and commercial matters be disclosed despite the confidentiality protection?,where disclosure of the content of the agreement resulting from mediation is necessary in order to implement or enforce that agreement,38,
eurlex,http://data.europa.eu/eli/dir/2012/2/art_2/oj,32012L0002,32012L0002,False,no_refs,fact_pattern,True,no_candidates,,0,0,0,0,,,,,,,,,Boilerplate transposition and institutional communication provisions only
eurlex,http://data.europa.eu/eli/dir/2012/2/art_2/oj,32012L0002,32012L0002,False,no_refs,lookup,True,no_candidates,,0,0,0,0,,,,,,,,,boilerplate clause only
eurlex,http://data.europa.eu/eli/reg/2010/583/art_21/oj,32010R0583,32010R0583,False,no_refs,fact_pattern,True,completed,,3,3,3,3,35,35,14,21,minor_issues,"A UCITS management company is preparing the key investor information document for a fund, and the document itself contains all information fundamental to investors’ understanding of the investment’s essential elements. It wants to include references to the fund’s prospectus and annual report. May it do so?","Cross-references to other sources of information, including the prospectus and annual or half-yearly reports, may be included in the key investor information document, provided that all information fundamental to the investors’ understanding of the essential elements of the investment is included in the key investor information document itself.",35,
eurlex,http://data.europa.eu/eli/reg/2010/583/art_21/oj,32010R0583,32010R0583,False,no_refs,lookup,True,completed,,3,3,3,3,34.666666666666664,37,14,23,clear,Under what condition may a UCITS key investor information document include cross-references to the prospectus or periodic reports?,provided that all information fundamental to the investors’ understanding of the essential elements of the investment is included in the key investor information document itself,37,
eurlex,http://data.europa.eu/eli/reg/2007/951/art_34/oj,32007R0951,32007R0951,False,no_refs,fact_pattern,True,completed,,3,3,3,3,30.333333333333332,32,13,19,minor_issues,A Joint Managing Authority implementing a joint operational programme uses technical-assistance funding to purchase an office building and a parcel of land. May those costs be treated as eligible technical-assistance expenditure?,purchases of land or buildings,32,
eurlex,http://data.europa.eu/eli/reg/2007/951/art_34/oj,32007R0951,32007R0951,False,no_refs,lookup,True,completed,,2,2,2,1,35,36,14,22,clear,Which costs relating to implementation of a joint operational programme are excluded from technical assistance costs under cross-border cooperation programmes financed under the European Neighbourhood and Partnership Instrument?,"debts and provisions for losses or debts; interest owed; items already financed in another framework; purchases of land or buildings; exchange-rate losses; taxes, including VAT, unless the Joint Managing Authority cannot reclaim them and the applicable regulations authorise coverage of taxes; loans to third parties; fines",36,
eurlex,http://data.europa.eu/eli/dir/2011/16/art_13/oj,32011L0016,32011L0016,False,no_refs,fact_pattern,True,completed,,3,3,3,3,32.333333333333336,34,13,21,clear,"The French competent authority has a decision concerning French income tax for an addressee in Belgium, but French notification rules cannot reach that person. It sends the Belgian competent authority a request identifying the decision and the addressee. What must the Belgian competent authority do?","in accordance with the rules governing the notification of similar instruments in the requested Member State, notify the addressee of any instruments and decisions which emanate from the administrative authorities of the requesting Member State and concern the application in its territory of legislation on taxes covered by this Directive",34,
eurlex,http://data.europa.eu/eli/dir/2011/16/art_13/oj,32011L0016,32011L0016,False,no_refs,lookup,True,completed,,3,3,3,3,33.666666666666664,36,14,22,clear,What information must a request contain in administrative notification of tax instruments between Member States?,"Requests for notification shall indicate the subject of the instrument or decision to be notified and shall specify the name and address of the addressee, together with any other information which may facilitate identification of the addressee.",36,
eurlex,http://data.europa.eu/eli/reg/2009/250/art_3/oj,32009R0250,32009R0250,False,no_refs,fact_pattern,True,completed,,3,3,3,3,33.333333333333336,35,15,20,minor_issues,A national statistical office is preparing structural business statistics data using a format developed internally rather than the Commission's prescribed standards. What must the transmission format conform to?,appropriate interchange standards specified by the Commission (Eurostat),35,
eurlex,http://data.europa.eu/eli/reg/2009/250/art_3/oj,32009R0250,32009R0250,False,no_refs,lookup,True,completed,,3,3,3,3,32.666666666666664,36,15,21,clear,Where must structural business statistics data be transmitted or uploaded by electronic means?,"the single entry point for data, maintained by the Commission (Eurostat)",36,
eurlex,http://data.europa.eu/eli/reg/2013/229/art_9/oj,32013R0229,32013R0229,False,no_refs,fact_pattern,True,completed,,3,3,3,2,29,32,13,19,minor_issues,"A cooperative supplies olive oil to a smaller Aegean island, shipping some consignments from a usual port in mainland Greece and others through an island of transit. What must be taken into account when the aid amount is fixed for that product?","taking account of the additional costs of marketing products in the smaller islands, calculated from the usual ports of shipment in mainland Greece, and from the ports of islands of transit or of loading for the islands of final destination",32,
eurlex,http://data.europa.eu/eli/reg/2013/229/art_9/oj,32013R0229,32013R0229,False,no_refs,lookup,True,completed,,3,3,3,3,36.333333333333336,38,15,23,clear,What quality standard must products meet to be covered by the specific supply arrangements for the smaller Aegean islands?,"sound, fair and marketable quality",38,
eurlex,http://data.europa.eu/eli/reg/2005/1138/art_4/oj,32005R1138,32005R1138,False,no_refs,fact_pattern,True,completed,,3,3,3,3,33,34,15,19,minor_issues,A white-sugar exporter plans to submit a tender in response to the first partial invitation for the 2005/2006 marketing year. On what date does the submission period begin?,22 July 2005,34,
eurlex,http://data.europa.eu/eli/reg/2005/1138/art_4/oj,32005R1138,32005R1138,False,no_refs,lookup,True,completed,,3,3,3,3,34,34,15,19,clear,When did the first tender-submission period open under the standing invitation to tender to determine levies and/or refunds on exports of white sugar for the 2005/2006 marketing year?,22 July 2005,34,
eurlex,http://data.europa.eu/eli/dir/2010/65/art_4/oj,32010L0065,32010L0065,False,no_refs,fact_pattern,True,completed,,3,3,3,3,33.666666666666664,34,15,19,minor_issues,"An authorised person acting for a container ship operator has the required arrival information, and the ship will reach a port in a Member State less than 24 hours after leaving its previous port. By when must the information be provided to the designated competent authority?","at the latest, at the time the ship leaves the previous port",34,
eurlex,http://data.europa.eu/eli/dir/2010/65/art_4/oj,32010L0065,32010L0065,False,no_refs,lookup,True,completed,,3,3,3,3,33,35,15,20,clear,Who must provide the pre-arrival notification required for reporting formalities for ships arriving in and/or departing from ports of the Member States?,the master or any other person duly authorised by the operator of the ship,35,
eurlex,http://data.europa.eu/eli/reg/2008/994/art_68/oj,32008R0994,32008R0994,False,no_refs,fact_pattern,True,completed,,2,2,2,2,27.5,28,12,16,minor_issues,"A Chapter VI registry is acquiring a Kyoto unit through an external transfer. The ITL and the CITL have informed the Community registry that they detected no discrepancies in the proposal, but the Community registry has not yet confirmed the corresponding record update to the transaction logs. What further step is needed before the process can be final?","the acquiring registry, or the Community registry if the acquiring registry is a Chapter VI registry, has successfully sent confirmation to both transaction logs that it has updated its records in accordance with the initiating registry's proposal",28,
eurlex,http://data.europa.eu/eli/reg/2008/994/art_68/oj,32008R0994,32008R0994,False,no_refs,lookup,True,completed,,2,2,2,2,30.5,31,14,17,minor_issues,What confirmation must be successfully sent to both transaction logs for an external transfer of a Kyoto unit involving a Chapter VI registry to be final?,"the acquiring registry, or the Community registry if the acquiring registry is a Chapter VI registry, has successfully sent confirmation to both transaction logs that it has updated its records in accordance with the initiating registry's proposal",31,
eurlex,http://data.europa.eu/eli/reg/2009/1121/art_69/oj,32009R1121,32009R1121,False,no_refs,fact_pattern,True,completed,,3,3,3,2,31,36,15,21,clear,A farmer has received suckler cow premium rights through the inheritance of a deceased farmer and is preparing the notification to the competent authority. What must the recipient be able to provide to establish the inheritance?,appropriate legal documents to prove that he or she is the beneficiary of the deceased farmer,36,
eurlex,http://data.europa.eu/eli/reg/2009/1121/art_69/oj,32009R1121,32009R1121,False,no_refs,lookup,True,completed,,3,3,3,2,34.333333333333336,37,15,22,clear,"In an inheritance of suckler cow premium rights, what must the farmer receiving the rights be able to provide?",appropriate legal documents to prove that he or she is the beneficiary of the deceased farmer,37,
eurlex,http://data.europa.eu/eli/reg/2014/508/art_42/oj,32014R0508,32014R0508,False,no_refs,fact_pattern,True,completed,,3,3,3,3,34.333333333333336,36,15,21,minor_issues,A French owner of a Union fishing vessel applies for support for an innovative investment on board that improves the quality of its fishery products. What gear-related condition applies to this support?,conditional on the use of selective gears to minimise unwanted catches,36,
eurlex,http://data.europa.eu/eli/reg/2014/508/art_42/oj,32014R0508,32014R0508,False,no_refs,lookup,True,completed,,3,3,3,3,34.666666666666664,36,15,21,clear,What gear-related condition applies before EMFF support for innovative investments on board can be granted?,conditional on the use of selective gears to minimise unwanted catches,36,
eurlex,http://data.europa.eu/eli/reg/2008/215/art_27/oj,32008R0215,32008R0215,False,one_ref,fact_pattern,True,completed,,3,3,3,0,33.333333333333336,37,15,22,blocking,A body to which tasks for implementing EDF resources have been delegated is notified that OLAF will conduct an internal investigation into its operations. What must the body do to assist the investigation?,adopt the necessary measures to help OLAF carry out internal investigations,,
eurlex,http://data.europa.eu/eli/reg/2008/215/art_27/oj,32008R0215,32008R0215,False,one_ref,lookup,True,completed,,3,3,3,1,33,34,15,19,clear,"When the Commission uses its own control systems to control the implementation of tasks entrusted under the 10th European Development Fund, what must it take into account?",the equivalence of control systems,34,
eurlex,http://data.europa.eu/eli/dir/2014/53/art_3/oj,32014L0053,32014L0053,False,one_ref,fact_pattern,True,completed,,3,3,3,2,32.333333333333336,36,15,21,clear,A manufacturer is developing a Bluetooth tracker that will operate in a radio band shared with nearby devices. What must the equipment's design achieve when using the radio spectrum?,effectively uses and supports the efficient use of radio spectrum in order to avoid harmful interference,36,
eurlex,http://data.europa.eu/eli/dir/2014/53/art_3/oj,32014L0053,32014L0053,False,one_ref,lookup,True,completed,,3,3,3,2,29.333333333333332,30,13,17,repair,Does the safety requirement for radio equipment protecting health and safety carry a voltage limit?,but with no voltage limit applying,29,
eurlex,http://data.europa.eu/eli/reg/2009/715/art_2/oj,32009R0715,32009R0715,False,one_ref,fact_pattern,True,completed,,3,3,3,1,30,31,13,18,minor_issues,A network user has acquired firm gas transmission capacity under a transport contract but did not nominate it by the contractual deadline. What is that capacity classified as?,firm capacity which a network user has acquired under a transport contract but which that user has not nominated by the deadline specified in the contract,31,
eurlex,http://data.europa.eu/eli/reg/2009/715/art_2/oj,32009R0715,32009R0715,False,one_ref,lookup,True,completed,,3,3,3,3,35.666666666666664,36,15,21,clear,What qualifies as 'unused capacity' in natural gas transmission networks?,firm capacity which a network user has acquired under a transport contract but which that user has not nominated by the deadline specified in the contract,36,
eurlex,http://data.europa.eu/eli/reg_impl/2013/131/art_4/oj,32013R0131,32013R0131,False,one_ref,fact_pattern,True,completed,,3,3,3,2,32.333333333333336,33,15,18,minor_issues,"A sugar producer submitted an application for a certificate, and the competent authority has decided that the application is inadmissible. How quickly must the authority notify the applicant?",without delay,33,
eurlex,http://data.europa.eu/eli/reg_impl/2013/131/art_4/oj,32013R0131,32013R0131,False,one_ref,lookup,True,completed,,3,3,3,3,33.333333333333336,36,15,21,clear,By when must the competent authority notify the Commission of admissible out-of-quota sugar and isoglucose applications submitted during the preceding application period?,on Friday at the latest,36,
eurlex,http://data.europa.eu/eli/dir/2008/56/art_4/oj,32008L0056,32008L0056,False,few_refs,fact_pattern,True,completed,,3,3,3,2,29.666666666666668,31,12,19,minor_issues,A Portuguese maritime authority wants to implement the marine-environment rules by subdividing the Atlantic waters surrounding the Azores. With which marine subregion must those subdivisions be compatible?,"in the Atlantic Ocean, the Macaronesian biogeographic region, being the waters surrounding the Azores, Madeira and the Canary Islands",31,
eurlex,http://data.europa.eu/eli/dir/2008/56/art_4/oj,32008L0056,32008L0056,False,few_refs,lookup,True,completed,,3,3,3,2,31.666666666666668,34,15,19,blocking,Which marine regions include the marine waters covered by Member States' sovereignty or jurisdiction under the Marine Strategy Framework Directive?,the Baltic Sea; the North-east Atlantic Ocean; the Mediterranean Sea; the Black Sea,31,
eurlex,http://data.europa.eu/eli/dir/2008/98/art_5/oj,32008L0098,32008L0098,False,few_refs,fact_pattern,True,completed,,1,1,1,0,29,29,13,16,blocking,"A steel mill's primary aim is to produce steel, but its furnace produces granulated slag as an incidental output. A cement manufacturer has signed a contract covering the slag, can use it without processing beyond normal industry practice, and the slag arises as an integral part of steelmaking. It also passes the applicable product, environmental and health checks for that use, with no overall adverse environmental or human health impacts identified. Can the mill treat the slag as something other than waste?","further use of the substance or object is certain; the substance or object can be used directly without any further processing other than normal industrial practice; the substance or object is produced as an integral part of a production process; and further use is lawful, i.e. the substance or object fulfils all relevant product, environmental and health protection requirements for the specific use and will not lead to overall adverse environmental or human health impacts",,
eurlex,http://data.europa.eu/eli/dir/2008/98/art_5/oj,32008L0098,32008L0098,False,few_refs,lookup,True,completed,,3,3,3,3,31.666666666666668,33,15,18,clear,"For production-process by-products to avoid classification as waste, how must they be usable in relation to further processing?",the substance or object can be used directly without any further processing other than normal industrial practice,33,
eurlex,http://data.europa.eu/eli/reg_impl/2011/543/art_17/oj,32011R0543,32011R0543,False,few_refs,fact_pattern,True,completed,,3,3,3,3,34,36,14,22,clear,"An inspection body has issued a finding of non-conformity for a trader’s lot of apples, and the trader wants to move the lot to another warehouse. What must be obtained before the lot is moved?",the authorisation of the inspection body which issued that finding,36,
eurlex,http://data.europa.eu/eli/reg_impl/2011/543/art_17/oj,32011R0543,32011R0543,False,few_refs,lookup,True,completed,,3,3,3,3,33.666666666666664,35,14,21,clear,When may fruit and vegetables brought into conformity be marketed after a finding of non-conformity?,Goods brought into conformity may not be marketed before the competent inspection body has ensured by all appropriate means that the goods have actually been brought into conformity.,35,
eurlex,http://data.europa.eu/eli/reg/2008/303/art_12/oj,32008R0303,32008R0303,False,many_refs,fact_pattern,True,no_candidates,,0,0,0,0,,,,,,,,,Institutional notification obligations only
eurlex,http://data.europa.eu/eli/reg/2008/303/art_12/oj,32008R0303,32008R0303,False,many_refs,lookup,True,completed,,3,3,3,3,35,36,15,21,clear,"For stationary refrigeration, air conditioning and heat pump equipment containing certain fluorinated greenhouse gases, by when must Member States notify the Commission of their intention to apply an interim certification system?",By 4 July 2008,36,
eurlex,http://data.europa.eu/eli/dir/2010/44/art_30/oj,32010L0044,32010L0044,False,many_refs,fact_pattern,True,completed,,3,3,3,2,30.666666666666668,34,13,21,clear,"A competent authority in the host Member State has assembled information on the national rules governing marketing communications and reports by foreign UCITS, but plans to publish only links to the underlying legislation. In what form must the information be provided?","in the form of a narrative description, or a combination of a narrative description and a series of references or links to source documents",34,
eurlex,http://data.europa.eu/eli/dir/2010/44/art_30/oj,32010L0044,32010L0044,False,many_refs,lookup,True,completed,,3,3,3,3,33.333333333333336,35,15,20,clear,In what form must Member States provide the information made accessible on arrangements for the marketing of units of UCITS?,"in the form of a narrative description, or a combination of a narrative description and a series of references or links to source documents",35,
eurlex,http://data.europa.eu/eli/reg_impl/2014/809/art_12/oj,32014R0809,32014R0809,False,many_refs,fact_pattern,True,completed,,2,2,2,2,32,33,14,19,minor_issues,"A beneficiary with eligible land is applying in the same year for an area-related direct payment and rural development support, but wants to file separate applications for the two schemes. How many single applications may the beneficiary submit that year?",only one single application per year,33,
eurlex,http://data.europa.eu/eli/reg_impl/2014/809/art_12/oj,32014R0809,32014R0809,False,many_refs,lookup,True,completed,,3,3,3,2,29.666666666666668,35,15,20,minor_issues,How many applications may a beneficiary submit each year for area-related direct payments or rural development measures?,only one single application per year,35,
